alpha,coord0,coord1,coord2,coord3,coord4,coord5,coord6,coord7,coord8,coord9,coord10,time
0.0005,"(0.0, 0.0)","(0.05131670070244284, -1.2941788663359407e-06)","(0.10557280643404154, -5.37669601888598e-06)","(0.16333996937446918, -1.261365506491889e-05)","(0.22540332476860797, -2.3494662988527084e-05)","(0.2928932103358062, -3.870550349438028e-05)","(0.3675444561125016, -5.9269262813984806e-05)","(0.4522774259219985, -8.685817272907257e-05)","(0.5527863810640715, -0.00012463364144509016)","(0.6837721996640219, -0.00018048989273202143)","(0.9999999333334262, -0.00033333329523839146)",0.009583399980328977
0.0064995,"(0.0, 0.0)","(0.051316491235816074, -1.682270505992595e-05)","(0.10557237541443419, -6.989032988283386e-05)","(0.16333928213094986, -0.00016396177912304411)","(0.22540231864216165, -0.00030540134201524144)","(0.2928917863453732, -0.0005031233539098382)","(0.36754246502859766, -0.0007704266535570564)","(0.45227464219060676, -0.001129048149285803)","(0.5527824445404891, -0.0016200821628543135)","(0.683766435109554, -0.002346143659947502)","(0.999988735428894, -0.004332916327091938)",0.005930699990130961
0.012499,"(0.0, 0.0)","(0.05131592273730488, -3.2349554795416284e-05)","(0.10557120561595318, -0.0001343970647103553)","(0.16333741693856332, -0.00031529384394161117)","(0.22539958800467913, -0.0005872782883089824)","(0.29288792163653593, -0.0009674924259459507)","(0.36753706125185903, -0.0014815095154380343)","(0.45226708721044556, -0.0021711289171994622)","(0.5527717609522955, -0.0031153736320364872)","(0.6837507903667707, -0.004511568830945992)","(0.9999583449578865, -0.008332071650846398)",0.006593300029635429
0.0184985,"(0.0, 0.0)","(0.05131499534361619, -4.78731815723001e-05)","(0.10556929732338066, -0.00019889053626428072)","(0.1633343742638365, -0.00046659503515569556)","(0.22539513356530405, -0.0008690980739673074)","(0.29288161725679535, -0.0014317677225195288)","(0.3675282463116734, -0.0021924490972693006)","(0.4522547632084313, -0.003212999734398304)","(0.5527543335661609, -0.004610363173320302)","(0.683725270379712, -0.00667655453465098)","(0.9999087719154882, -0.01233040472850447)",0.006743300007656217
0.024498,"(0.0, 0.0)","(0.05131370927785131, -6.33920407636603e-05)","(0.10556665100146395, -0.00026336438800236524)","(0.16333015486806798, -0.0006178505563029651)","(0.22538895648114665, -0.0011508333042688174)","(0.29287287491518377, -0.001895904301133865)","(0.36751602270302697, -0.0029031767316503344)","(0.45223767381711044, -0.0042545599823963325)","(0.552730167710199, -0.006104906090343248)","(0.6836898832117125, -0.008840890164088346)","(0.9998400326012159, -0.016327521527354227)",0.006940899998880923
0.030497499999999997,"(0.0, 0.0)","(0.0513120648491912, -7.890459051191045e-05)","(0.10556326729425904, -0.0003278122747561496)","(0.1633247598062643, -0.0007690456373827057)","(0.225381058355693, -0.0014324566335365634)","(0.2928616969799672, -0.002359857299975546)","(0.3675003938832286, -0.0036136238750242664)","(0.4522158240700082, -0.005295709225375602)","(0.5526992707673006, -0.007598857951771397)","(0.6836446400355217, -0.011004365502638766)","(0.9997521495995735, -0.020323028761845698)",0.006409200024791062
0.036497,"(0.0, 0.0)","(0.051310062452302324, -9.440929261864168e-05)","(0.10555914702389678, -0.0003922278663855434)","(0.16331819042515866, -0.0009201655433582153)","(0.22537144123590414, -0.0017139407808962268)","(0.29284808647455624, -0.0028235819638378207)","(0.36748136426624006, -0.004323722147467802)","(0.4521892203937882, -0.006336347268874787)","(0.5526616521641895, -0.009092074676447567)","(0.6835895551175164, -0.013166770849448353)","(0.9996451517500397, -0.024316534133362096)",0.006589700002223253
0.0424965,"(0.0, 0.0)","(0.051307702567499745, -0.00010990461343262963)","(0.10555429119090202, -0.00045660485142603834)","(0.16331044836362021, -0.0010711955826423264)","(0.22536010761256434, -0.001995258546003246)","(0.292832047077552, -0.0032870336699926494)","(0.36745893922204587, -0.005033403372401163)","(0.4521578706063763, -0.007376374218356599)","(0.5526173233673976, -0.010584412618357044)","(0.683524645809843, -0.015327897144556553)","(0.9995190741267523, -0.028307646569576062)",0.008214900037273765
0.048496,"(0.0, 0.0)","(0.051304985759842374, -0.00012538902472658954)","(0.10554870097231486, -0.0005209369406895166)","(0.16330153554963658, -0.0012221211154745883)","(0.2253470604158597, -0.002276382824568578)","(0.2928135831165074, -0.003750167953730871)","(0.3674331250679886, -0.00574259961578809)","(0.4521217839049657, -0.008415690537023105)","(0.5525662978664992, -0.012075728650503223)","(0.6834499325261921, -0.017487536092422516)","(0.9993739579923775, -0.03229597646112748)",0.0072469000006094575
0.054495499999999995,"(0.0, 0.0)","(0.051301912679112556, -0.0001408610045711569)","(0.10554237772162418, -0.0005852178708539368)","(0.16329145420008825, -0.001372927562272979)","(0.22533230301475854, -0.00255728662383756)","(0.29279269956654197, -0.004212940533824898)","(0.3674039290660506, -0.006451243225215165)","(0.4520809708611047, -0.00945419710344839)","(0.5525085911656382, -0.013565880248508405)","(0.683365438727221, -0.019645480284948707)","(0.9992098507642145, -0.03628113589665161)",0.00832499994430691
0.06049499999999999,"(0.0, 0.0)","(0.05129848405842005, -0.00015631903819026194)","(0.10553532296587219, -0.0006494414079761913)","(0.16328020681612213, -0.0015236004118060924)","(0.2253158392102805, -0.00283794307773499)","(0.292769402040932, -0.0046753073374412885)","(0.36737135940992466, -0.0071592668681264016)","(0.4520354434029935, -0.010491795267966612)","(0.5524442207590635, -0.015054725572413908)","(0.6832711908856073, -0.021801523322244984)","(0.9990268059487056, -0.04026273889357922)",0.007520799990743399
0.0664945,"(0.0, 0.0)","(0.05129470071426111, -0.00017176161881680616)","(0.10552753840574618, -0.0007136013510067456)","(0.16326779618313395, -0.0016741252293703372)","(0.22529767323507646, -0.0031183254620202384)","(0.29274369678981743, -0.005137224525069615)","(0.3673354252221262, -0.007866603570080073)","(0.45198521480991266, -0.011528386909085177)","(0.5523732061211354, -0.01654212354849942)","(0.6831672184684037, -0.023955459932642458)","(0.9988248830994293, -0.04424040162825131)",0.006841199938207865
0.072494,"(0.0, 0.0)","(0.051290563545495764, -0.00018718724852933284)","(0.10551902591344382, -0.0007776915352259128)","(0.16325422536728407, -0.0018244876647841872)","(0.22527780974818537, -0.00339840720910238)","(0.2927155906925623, -0.005598648514890935)","(0.3672961365430076, -0.008573186752144519)","(0.4519302996964652, -0.012563874488627641)","(0.5522955686835394, -0.018027933949261086)","(0.683053553903005, -0.026107086090727063)","(0.9986041477493759, -0.04821374266119021)",0.0062052999855950475
0.0784935,"(0.0, 0.0)","(0.0512860735324559, -0.00020259443907646036)","(0.10550978753080287, -0.0008417058356299348)","(0.1632394977124079, -0.0019746734602656903)","(0.22525625383029324, -0.0036781619226387294)","(0.29268509125068515, -0.006059536006789158)","(0.36725350432035175, -0.009278950267743788)","(0.45187071399732215, -0.013598161106061315)","(0.5522113318127747, -0.01951201747219921)","(0.682930232542893, -0.02825619913325117)","(0.9983646713411793, -0.05218238315891891)",0.007200699998065829
0.084493,"(0.0, 0.0)","(0.05128123173611493, -0.00021798171268831715)","(0.10549982546755614, -0.0009056381702637737)","(0.16322361683710346, -0.0021246684581860435)","(0.22523301097919468, -0.003957563391903483)","(0.2926522065809783, -0.006519844005983339)","(0.36720754039907355, -0.009983828438919366)","(0.4518064749518858, -0.014631150551959066)","(0.5521205207872146, -0.020994235817341493)","(0.6827972926323015, -0.030402597873236317)","(0.9981065311540914, -0.05614594711178239)",0.006710899993777275
0.09049249999999999,"(0.0, 0.0)","(0.05127603929703614, -0.00023334760287078553)","(0.1054891420991268, -0.0009694825034832385)","(0.16320658663108872, -0.002274458608658573)","(0.22520808710420911, -0.0042365856058507855)","(0.2926169454071919, -0.006979529846156207)","(0.36715825750899034, -0.01068775609181668)","(0.4517376010863796, -0.015662747360314443)","(0.5520231627707006, -0.02247445176309704)","(0.6826547752660664, -0.03254608271160773)","(0.9978298102222926, -0.060104061547301635)",0.007104800082743168
0.096492,"(0.0, 0.0)","(0.05127049743442425, -0.0002486906551852552)","(0.10547773996463465, -0.0010332328491577335)","(0.1631884112518737, -0.002424029976989666)","(0.22518148852099132, -0.004515202766921746)","(0.2925793170521588, -0.00743855121216057)","(0.3671056692530264, -0.011390668591521233)","(0.4516641121962697, -0.01669285685989221)","(0.5519192867862315, -0.023952529240700713)","(0.682502724349079, -0.03468645574673353)","(0.9975345972510306, -0.0640563567399387)",0.006257799919694662
0.1024915,"(0.0, 0.0)","(0.05126460744509868, -0.0002640094280110583)","(0.10546562176473895, -0.0010968832738019203)","(0.16316909512115998, -0.0025733687509642733)","(0.22515322194593032, -0.004793389304544496)","(0.29253933142931315, -0.007896866162219596)","(0.36704979009453337, -0.012092501876115413)","(0.4515860293274126, -0.017721385224424818)","(0.5518089236877943, -0.0254283334069748)","(0.6823411865529397, -0.03682352088146932)","(0.9972209865271492, -0.06800246641482556)",0.010385400033555925
0.10849099999999999,"(0.0, 0.0)","(0.05125837070207984, -0.00027930249328445564)","(0.10545279035867891, -0.0011604278996108712)","(0.16314864291999007, -0.00272246124790642)","(0.22512329448878587, -0.005071119888216375)","(0.2924969990318526, -0.008354433149438375)","(0.3669906353415432, -0.012793192489676287)","(0.4515033747532443, -0.018748239521244093)","(0.5516921061270732, -0.026901730714816795)","(0.6821702112658042, -0.038957083926849996)","(0.9968890778182079, -0.07194202794626395)",0.006190499989315867
0.1144905,"(0.0, 0.0)","(0.051251788653588516, -0.0002945684372249973)","(0.10543924876216905, -0.0012238609074437365)","(0.16312705958519874, -0.002871293921620411)","(0.22509171364709032, -0.005348369440365226)","(0.2924523309241281, -0.008811211042951139)","(0.36692822113370344, -0.013492677614710784)","(0.45141617195509354, -0.019773327759075303)","(0.5515688685236941, -0.02837258898245575)","(0.68198985054614, -0.0410869527039345)","(0.9965389762758864, -0.07587468255219287)",0.008044200018048286
0.12048999999999999,"(0.0, 0.0)","(0.05124486282164818, -0.0003098058610365506)","(0.10542500014446762, -0.0012871765397031657)","(0.16310435030457757, -0.0030198533690890357)","(0.2250584872987386, -0.005625113148759385)","(0.29240533873061864, -0.00926715914832467)","(0.3668625644260796, -0.014190895103447126)","(0.4513244455984718, -0.02079655893414112)","(0.5514392470302916, -0.029840777460252446)","(0.6818001590696395, -0.04321293714202822)","(0.9961707923280572, -0.07980007547984981)",0.0060252000112086535
0.1264895,"(0.0, 0.0)","(0.05123759480086117, -0.00032501338159091075)","(0.10541004782580422, -0.001350369103143409)","(0.1630805205125785, -0.0031681263370060687)","(0.2250236236952932, -0.005901326478610496)","(0.292356034625774, -0.009722237227455239)","(0.3667936829739435, -0.014887783508345647)","(0.4512282215104173, -0.021817843075107483)","(0.5513032794986076, -0.03130616689580593)","(0.6816011940769898, -0.045334849374383965)","(0.9957846415708123, -0.08371785619193263)",0.0076058999402448535
0.132489,"(0.0, 0.0)","(0.051229986256660004, -0.0003401896320807639)","(0.10539439527372821, -0.0014134329715521764)","(0.1630555758843378, -0.003316099728014286)","(0.22498713145294338, -0.006176985184129234)","(0.2923044313207573, -0.010176405517563906)","(0.36672159531358145, -0.01558328211122391)","(0.4511275266517933, -0.022837091285983796)","(0.5511610054391929, -0.03276862959609168)","(0.6813930153133481, -0.04745250382953425)","(0.9953806446471867, -0.08762767853691866)",0.006707100081257522
0.1384885,"(0.0, 0.0)","(0.051222038924486575, -0.0003553332626683191)","(0.10537804610135793, -0.0014763625884156206)","(0.16302952233262882, -0.0034637606069056496)","(0.22494901954747323, -0.006452065320012154)","(0.29225054205533846, -0.010629624750078032)","(0.366646320749468, -0.016277330952202265)","(0.4510223890972645, -0.023854215788745078)","(0.5510124659902491, -0.03422803948916652)","(0.681175684978714, -0.04956571732192332)","(0.9949589271405809, -0.0915292009243927)",0.007883300073444843
0.144488,"(0.0, 0.0)","(0.05121375460766195, -0.000370442941086722)","(0.1053610040629389, -0.0015391524693882906)","(0.1630023660006407, -0.0036110962063656852)","(0.22490929730345, -0.006726543252081102)","(0.29219438058223157, -0.011081856168116222)","(0.3665678793318851, -0.01696987085650557)","(0.4509128380033968, -0.02486912996279673)","(0.550857703871766, -0.035684272181308825)","(0.6809492676598068, -0.05167430913585468)","(0.9945196194401762, -0.09542208648176798)",0.0059408999513834715
0.1504875,"(0.0, 0.0)","(0.05120513517624275, -0.00038551735323741354)","(0.10534327305143051, -0.001601797204747421)","(0.16297411325788666, -0.0037580939326830073)","(0.22486797438770167, -0.007000395667859336)","(0.2921359611569594, -0.011533061543868859)","(0.36648629184138687, -0.01766084346109961)","(0.45079890358504326, -0.02588174838418129)","(0.5506967633495681, -0.037137205013752485)","(0.6807138302738316, -0.05377810110877413)","(0.9940628566226335, -0.09930600321750459)",0.006060700048692524
0.156487,"(0.0, 0.0)","(0.05119618256526358, -0.00040055520375172315)","(0.10532485709482453, -0.0016642914616998316)","(0.16294477069413865, -0.0039047413711149107)","(0.2248250608000516, -0.007273599586508737)","(0.2920752985241077, -0.011983203194925608)","(0.3664015797686698, -0.018350191239709424)","(0.45068061708596585, -0.026891986862398156)","(0.5505296901921417, -0.03858671711595984)","(0.6804694420030362, -0.05587691770946406)","(0.9935887783194423, -0.1031806241655794)",0.007835499942302704
0.16248649999999998,"(0.0, 0.0)","(0.05118689877316979, -0.00041555521653226604)","(0.1053057603528577, -0.0017266299866061472)","(0.1629143451139665, -0.004051026291060914)","(0.2247805668648651, -0.007546132368411027)","(0.29201240790459787, -0.012432244000016215)","(0.3663137652956485, -0.01903785752693388)","(0.4505580107508283, -0.027899762475882176)","(0.5503565316289677, -0.040032689456933876)","(0.680216174230834, -0.05797058611331981)","(0.9930975285856773, -0.10704562753020343)",0.00620489998254925
0.168486,"(0.0, 0.0)","(0.05117728586027519, -0.00043051613527079184)","(0.1052859871137718, -0.0017888076071084322)","(0.16288284353134005, -0.004196936651011692)","(0.22473450322266406, -0.007817971724332384)","(0.2919473049830091, -0.012880147414064787)","(0.366222871276531, -0.019723786541303252)","(0.45043111779709144, -0.028904993605917417)","(0.550177336308569, -0.0414750048942477)","(0.679954100477318, -0.060058936274240686)","(0.9925892557670594, -0.1109006968222283)",0.008411300019361079
0.1744855,"(0.0, 0.0)","(0.051167345946811264, -0.0004454367239312782)","(0.105265541790234, -0.0018508192341146871)","(0.16285027316292727, -0.004342460603164139)","(0.2246868808199259, -0.008089095723968)","(0.29188000589251123, -0.013326877482222192)","(0.3661289212158468, -0.020407923406766483)","(0.45029997238307284, -0.02990759996823288)","(0.5499921542517481, -0.04291354821971105)","(0.6796832963286029, -0.06214180099157181)","(0.9920641123573407, -0.11474552098681308)",0.006177000002935529
0.18048499999999998,"(0.0, 0.0)","(0.051157081211394555, -0.00046031576721772976)","(0.10524442891611556, -0.0019126598637210855)","(0.162816641422713, -0.00448758649789243)","(0.22463771090068857, -0.008359482804220237)","(0.29181052720211237, -0.01377239885345953)","(0.3660319392493206, -0.021090214173500824)","(0.45016460957942156, -0.03090750264358881)","(0.5498010368088532, -0.0443482062035507)","(0.6794038393709284, -0.06421901597481339)","(0.9915222548619329, -0.11857979452450085)",0.006857800064608455
0.1864845,"(0.0, 0.0)","(0.051146493889121375, -0.0004751520710072455)","(0.10522265314250401, -0.0019743245789912004)","(0.16278195591542688, -0.004632302887885572)","(0.22458700499649897, -0.008629111776857462)","(0.29173888590173025, -0.014216676793141057)","(0.36593195012197793, -0.021770605837153102)","(0.45002506533712144, -0.03190462410604807)","(0.5496040366127025, -0.045778867635231785)","(0.6791158091192139, -0.06629041990338456)","(0.9909638436529249, -0.12240321760547514)",0.006597199942916632
0.192484,"(0.0, 0.0)","(0.05113558627040609, -0.0004899444627778211)","(0.10520021923524285, -0.0020358085517146736)","(0.16274622443232883, -0.004776598532238825)","(0.22453477491960142, -0.008897961836088927)","(0.29166509939144236, -0.014659677195458732)","(0.36582897917144314, -0.02244904635786378)","(0.4498813764618023, -0.032898888250912674)","(0.5494012075390887, -0.047205423363761476)","(0.6788192869547834, -0.06835585448555745)","(0.9903890428368445, -0.12621549618067412)",0.006194800022058189
0.19848349999999998,"(0.0, 0.0)","(0.05112436069798358, -0.0005046917919596013)","(0.10517713206869693, -0.002097107043849089)","(0.16270945494115513, -0.004920462399803851)","(0.22448103274806344, -0.009166012564760663)","(0.29158918546025997, -0.01510136659359479)","(0.36572305229808527, -0.023125484675806156)","(0.4497335805718616, -0.03389022041753725)","(0.5491926046474871, -0.04862776633060387)","(0.678514356038589, -0.07041516450661156)","(0.9897980200865605, -0.13001634207305454)",0.006401299964636564
0.204483,"(0.0, 0.0)","(0.05111281956592894, -0.0005193929303149165)","(0.10515339662366407, -0.0021582154090828047)","(0.1626716555824704, -0.00506388367282485)","(0.22442579081972663, -0.009433243941086201)","(0.29151116227633256, -0.015541712170765479)","(0.3656141959494508, -0.02379987072807)","(0.4495817160740699, -0.034878547414096066)","(0.548978284142983, -0.05004579160536145)","(0.678201101250427, -0.07246819788091355)","(0.9891909465104296, -0.13380547307682264)",0.006432000081986189
0.2104825,"(0.0, 0.0)","(0.05110096531818126, -0.0005340467722812434)","(0.10512901798426962, -0.0022191290942450547)","(0.16263283466444742, -0.005206851750218421)","(0.22436906172398277, -0.009699636344715658)","(0.29143104837431694, -0.015980681770174806)","(0.36550243710112146, -0.024472155463870635)","(0.44942582213475135, -0.03586379753988054)","(0.5487583033327461, -0.051459396417875725)","(0.67787960912134, -0.07451480569873194)","(0.9885679965112579, -0.13758261303743072)",0.006331899901852012
0.21648199999999998,"(0.0, 0.0)","(0.05108880044575349, -0.0005486522352478895)","(0.10510400133215404, -0.0022798436404419206)","(0.16259300065345655, -0.005349356250212297)","(0.22431085828776753, -0.009965170561612386)","(0.2913488626352389, -0.01641824390300374)","(0.36538780322815695, -0.025142290856744492)","(0.4492659386393916, -0.03684590060316408)","(0.5485327205683848, -0.052868480183931615)","(0.6775499677485957, -0.07655484226371263)","(0.9879293476199148, -0.14134749193904522)",0.00625079998280853
0.2224815,"(0.0, 0.0)","(0.05107632748544107, -0.00056320825985104)","(0.10507835194374766, -0.0023403546842699695)","(0.16255216216942991, -0.00549138701316843)","(0.2242511935681354, -0.010229827789275236)","(0.29126462427488253, -0.01685436775696901)","(0.36527032228720396, -0.025810229917612015)","(0.4491021061653105, -0.03782478794032304)","(0.5483015952041683, -0.05427294453272805)","(0.6772122667301256, -0.07858816513283208)","(0.987275180356902, -0.14509984596151881)",0.006466099992394447
0.228481,"(0.0, 0.0)","(0.05106354901781558, -0.0005777138102216404)","(0.10505207518607351, -0.0024006579588351853)","(0.1625103279789484, -0.0056329341039513545)","(0.2241900808416908, -0.010493589641115719)","(0.2911783528281013, -0.017289023203489712)","(0.3651500226934925, -0.02647592670570381)","(0.4489343659480512, -0.038800392431810375)","(0.5480649875475916, -0.055672693329797664)","(0.6768665970895222, -0.08061463514968505)","(0.9866056780802157, -0.14883941755192884)",0.007235700031742454
0.23448049999999998,"(0.0, 0.0)","(0.05105046766545898, -0.0005921678742149904)","(0.10502517651304313, -0.002460749294697219)","(0.16246750698909168, -0.005773987814123386)","(0.22412753359507484, -0.010756438150514611)","(0.29109006813449456, -0.01772218080432617)","(0.36502693329954117, -0.027139336338673915)","(0.4487627598498675, -0.03977264851692374)","(0.5478229588124819, -0.05706763269816126)","(0.6765130512041635, -0.08263411647514063)","(0.9859210268377118, -0.15256595547949697)",0.0068249000469222665
0.24047999999999997,"(0.0, 0.0)","(0.05103708609090762, -0.000606569463604991)","(0.10499766146116003, -0.0025206246206680135)","(0.16242370824037156, -0.0059145386638001715)","(0.2240635655141886, -0.011018355774248019)","(0.2909997903224514, -0.018153811817180045)","(0.36490108337182336, -0.027800415001117768)","(0.44858733032571746, -0.04074149220622066)","(0.5475755710690948, -0.05845767103607308)","(0.6761517227296526, -0.08464647661298753)","(0.9852214152142316, -0.1562792148831416)",0.0066133999498561025
0.2464795,"(0.0, 0.0)","(0.05102340699494555, -0.0006209176142645749)","(0.10496953564593857, -0.002580279964554323)","(0.1623789409007766, -0.006054577403376693)","(0.22399819047495065, -0.011279325395674012)","(0.2909075397951897, -0.01858388820090059)","(0.36477250256994026, -0.028459119952482827)","(0.4484081203923429, -0.04170686109302968)","(0.5473228871979785, -0.059842719033434966)","(0.6757827065289272, -0.08665158643357972)","(0.9845070341855776, -0.159978957314291)",0.007312100031413138
0.252479,"(0.0, 0.0)","(0.05100943311470701, -0.0006352113863146631)","(0.10494080475793251, -0.0026397114537706546)","(0.1623332142592117, -0.006194095014951267)","(0.22393142253322632, -0.011539330327358868)","(0.2908133372157273, -0.019012382619767735)","(0.36464122092447204, -0.02911540953356131)","(0.44822517359575226, -0.04266869436286969)","(0.5470649708419346, -0.06122268968517759)","(0.6754060985990921, -0.08864932019301894)","(0.9837780769693951, -0.16366495077302734)",0.0072679000440984964
0.2584785,"(0.0, 0.0)","(0.05099516722170729, -0.0006494498642453972)","(0.10491147455861784, -0.002698915315838261)","(0.16228653771871776, -0.006333082713484122)","(0.22386327591446073, -0.01179835431321082)","(0.2907172034914838, -0.019439268446964503)","(0.3645072688143848, -0.029769243171737347)","(0.4480385339781923, -0.04362693280103079)","(0.5468018863574067, -0.06259749830197141)","(0.6750219959976321, -0.09063955554840326)","(0.9830347388754285, -0.16733696973454013)",0.007211400079540908
0.264478,"(0.0, 0.0)","(0.05098061212009601, -0.0006636321570207441)","(0.10488155087673148, -0.002757887878816241)","(0.16223892079039953, -0.006471531947798746)","(0.22379376500429468, -0.012056381530322938)","(0.2906191597601692, -0.019864519767570622)","(0.3643706769460721, -0.030420581385497393)","(0.44784824604715473, -0.04458151879906233)","(0.5465336987684012, -0.06396706251933995)","(0.6746304967718274, -0.09262217357069359)","(0.9822772171606824, -0.17099479517112018)",0.007153000100515783
0.2704775,"(0.0, 0.0)","(0.05096577064480666, -0.0006777573981553321)","(0.10485103960440123, -0.002816625571618438)","(0.16219037308703205, -0.006609434401317132)","(0.22372290433874698, -0.01231339659032243)","(0.29051922737512575, -0.020288111380743438)","(0.36423147633173997, -0.031069385787692264)","(0.4476543547436265, -0.045532396359419414)","(0.5462604737195564, -0.06533130230410118)","(0.6742316998872442, -0.09459705875364789)","(0.9815057108836222, -0.1746382145713094)",0.006607200019061565
0.276477,"(0.0, 0.0)","(0.05095064565958168, -0.0006918247457623764)","(0.10481994669301728, -0.002875124924211352)","(0.1621409043162757, -0.006746781992517798)","(0.22365070859386746, -0.012569384540205336)","(0.2904174278900058, -0.02071001880105171)","(0.3640896982669931, -0.031715619087498856)","(0.4474569054094133, -0.04647951109819165)","(0.5459822774281721, -0.06669013995802832)","(0.6738257051550891, -0.09656409901866621)","(0.9807204207571805, -0.17826702194086455)",0.007277400000020862
0.28247649999999996,"(0.0, 0.0)","(0.05093524005533711, -0.000705833382591375)","(0.10478827814980446, -0.0029333825677707007)","(0.16209052427497747, -0.006883566875298655)","(0.22357719257689834, -0.01282433086299613)","(0.290313783045424, -0.02113021825952163)","(0.36394537431092616, -0.032359245091937654)","(0.4472559437575846, -0.04742281024717)","(0.545699176640115, -0.06804350012053455)","(0.6734126131644611, -0.09852318571816107)","(0.9799215490092494, -0.18188101781285776)",0.006273100036196411
0.288476,"(0.0, 0.0)","(0.05091955674825751, -0.0007197825160324704)","(0.10475604003384298, -0.0029913952347005494)","(0.16203924284262472, -0.0070197814390192455)","(0.2235023712162809, -0.013078221477811862)","(0.2902083147541365, -0.02154868670370244)","(0.36379853626441316, -0.03300022870588636)","(0.4470515158407796, -0.0483622426536985)","(0.5454112385832317, -0.06939130976815275)","(0.6729925252117228, -0.10047421363423097)","(0.9791092992395735, -0.18548000924081526)",0.006623000022955239
0.2944755,"(0.0, 0.0)","(0.05090359867816474, -0.0007336713781094048)","(0.1047232384526505, -0.003049159758606142)","(0.16198706997567464, -0.007155418308436154)","(0.2234262595528811, -0.013331042739729406)","(0.29010104508782636, -0.02196540179740854)","(0.3636492161504461, -0.03363853593159517)","(0.4468436680220865, -0.04929775877978578)","(0.5451185309239898, -0.0707334982129282)","(0.6725655432340016, -0.10241708097570236)","(0.9782838762831225, -0.18906380979180828)",0.006682200008071959
0.300475,"(0.0, 0.0)","(0.05088736880637344, -0.0007474992254290309)","(0.10468987955771275, -0.0031066730740872)","(0.1619340157002622, -0.007290470343218848)","(0.2233488727289994, -0.013582781438872699)","(0.28999199626104677, -0.022380341919177146)","(0.36349744619097335, -0.034274133866232556)","(0.4466324469417202, -0.05022931069832051)","(0.5448211217191505, -0.07206999709663264)","(0.672131769736825, -0.10435168936906994)","(0.9774454860657299, -0.1926322395257287)",0.006884100032038987
0.3064745,"(0.0, 0.0)","(0.05087087011427483, -0.0007612653391395576)","(0.10465596954151084, -0.003163932216568593)","(0.16188009010723114, -0.007424930637555016)","(0.22327022598059224, -0.013833424799668995)","(0.28988119061935236, -0.022793486161005513)","(0.3633432587890162, -0.03490699069985707)","(0.4464178994902321, -0.05115685208990226)","(0.54451907937548, -0.07340074038583842)","(0.6716913077317889, -0.10627794385063004)","(0.9765943354746991, -0.19618512498118026)",0.006267499993555248
0.312474,"(0.0, 0.0)","(0.0508541056016099, -0.0007749690248555276)","(0.10462151463391337, -0.003220934321993733)","(0.16182530334618764, -0.00755879251943546)","(0.2231903346281669, -0.014082960479509752)","(0.28976865062574564, -0.02320481432610813)","(0.3631866865087343, -0.035537075711886384)","(0.44620007277929524, -0.05208033823746139)","(0.5442124726066592, -0.07472566436379904)","(0.6712442606710284, -0.10819575285394309)","(0.975730632225545, -0.1997222991462477)",0.006799699971452355
0.31847349999999996,"(0.0, 0.0)","(0.05083707828434042, -0.0007886096125440982)","(0.10458652109774402, -0.003277676626358044)","(0.16176966561828934, -0.0076920495495651905)","(0.22310921406595313, -0.014331376566716987)","(0.28965439884492405, -0.02361430692553037)","(0.3630277620528056, -0.03616435926581302)","(0.44597901410930363, -0.05299972601830153)","(0.5439013703864821, -0.0760447076186122)","(0.6707907323774074, -0.1101050281918678)","(0.9748545847234302, -0.2032436014248491)",0.008368400041945279
0.32447299999999996,"(0.0, 0.0)","(0.05081979119421352, -0.0008021864564678346)","(0.10455099522782904, -0.003334156465478424)","(0.16171318717441804, -0.007824695520830283)","(0.2230268797585015, -0.01457866157954735)","(0.28953845793717475, -0.024021945176473644)","(0.36286651825189675, -0.0367888128065403)","(0.4457547709518239, -0.05391497389997547)","(0.5435858419201681, -0.07735781103686305)","(0.6703308269970338, -0.1120056850464854)","(0.9739664019570283, -0.20674887761338553)",0.00871940003708005
0.3304725,"(0.0, 0.0)","(0.050802247375076846, -0.0008156989349611436)","(0.10451494334336843, -0.0033903712740718105)","(0.16165587830304579, -0.007956724456144268)","(0.22294334722311773, -0.014824804462177816)","(0.2894208506339779, -0.0244277109956472)","(0.36270298803138235, -0.03741040885009931)","(0.44552739090437443, -0.05482604192498722)","(0.5432659565823669, -0.07866491778121924)","(0.6698646489114543, -0.11389764193575215)","(0.9730662933360819, -0.21023797983667533)",0.007199199986644089
0.336472,"(0.0, 0.0)","(0.050784449883076226, -0.000829146450364427)","(0.10447837178829295, -0.0034463185854905595)","(0.16159774933044677, -0.008088130607838128)","(0.22285863202930795, -0.015069794583570382)","(0.2893015997356555, -0.024831586997366033)","(0.3625372044056232, -0.0380291209806347)","(0.44529692167894586, -0.055732891706142054)","(0.5429417838961249, -0.07996597328328627)","(0.6693923027000305, -0.11578082070220427)","(0.9721544686008978, -0.21371076652321738)",0.007672899984754622
0.3424715,"(0.0, 0.0)","(0.05076640178424722, -0.0008425284288218765)","(0.1044412869262594, -0.0035019960308915986)","(0.16153881061263636, -0.008218908455722452)","(0.22277274978685804, -0.015313621733863674)","(0.2891807280943565, -0.025233556487574225)","(0.36236920045402016, -0.03864492384114871)","(0.4450634110683812, -0.05663548641274261)","(0.5426133934852481, -0.08126092522331436)","(0.6689138930701801, -0.11765514648259381)","(0.9712311376871978, -0.21716710234795125)",0.008386700064875185
0.348471,"(0.0, 0.0)","(0.050748106153160194, -0.0008558443201101899)","(0.1044036951378196, -0.0035574013385350238)","(0.16147907253067356, -0.00834905270545493)","(0.22268571613856267, -0.01555627612133539)","(0.2890582586030946, -0.025633603458810536)","(0.36219900930468607, -0.039257793125687786)","(0.444826906922161, -0.05753379075889455)","(0.5422808550382058, -0.0825497235129182)","(0.6684295248019685, -0.11952054768185358)","(0.9702965106121908, -0.22060685817134731)",0.008670200011692941
0.35447049999999997,"(0.0, 0.0)","(0.05072956607134216, -0.0008690935974403088)","(0.10436560281712816, -0.003612532332971261)","(0.16141854548526496, -0.008478558286647593)","(0.22259754675201704, -0.015797748368881537)","(0.2889342141836158, -0.02603171258437875)","(0.3620266641167242, -0.03986770557031097)","(0.44458745712060094, -0.05842777099002262)","(0.5419442382702935, -0.08383232027521685)","(0.6679393026908735, -0.12137695594329714)","(0.969350797358986, -0.22402991099710234)",0.00656939996406436
0.36046999999999996,"(0.0, 0.0)","(0.050710784625698856, -0.0008822757572427715)","(0.10432701636865493, -0.003667386934160857)","(0.1613572398913789, -0.00860742035081725)","(0.22250825731144191, -0.016038029510204953)","(0.2888086177743502, -0.026427869212040458)","(0.3618521980626863, -0.04047463894332665)","(0.4443451095493815, -0.059317394868310315)","(0.5416036128863779, -0.08510866982341757)","(0.6674433314915672, -0.123224306116539)","(0.968394207763399, -0.2274361438929584)",0.008456100011244416
0.3664695,"(0.0, 0.0)","(0.05069176490727275, -0.0008953903189546151)","(0.1042879422045882, -0.003721963156601418)","(0.16129516617394174, -0.008735634269353957)","(0.22241786351102116, -0.01627711098603928)","(0.2886814923203621, -0.026822059357767672)","(0.361675644313589, -0.041078572035620965)","(0.4440999120773105, -0.060202631658271076)","(0.5412590485477256, -0.08637872863957873)","(0.6669417158669658, -0.1250625362256491)","(0.9674269514091348, -0.23082544593509555)",0.006828200072050095
0.372469,"(0.0, 0.0)","(0.05067251000962962, -0.0009084368247730292)","(0.10424838674147817, -0.003776259108316938)","(0.16123233476236784, -0.008863195631167635)","(0.22232638104665686, -0.016514984639774445)","(0.28855286076129727, -0.027214269698510377)","(0.3614970360215102, -0.04167948464947792)","(0.44385191253125367, -0.06108345211010598)","(0.5409106148356032, -0.08764245535018773)","(0.6664345603336739, -0.12689158743267476)","(0.9664492375188838, -0.23419771213742116)",0.009706500102765858
0.3784685,"(0.0, 0.0)","(0.05065302302759076, -0.000921414839412294)","(0.10420835639759012, -0.0038302729898614415)","(0.16116875608619438, -0.008990100240369446)","(0.22223382560926927, -0.016751642713148645)","(0.2884227460213701, -0.027604487565075293)","(0.3613164063047989, -0.04227735758756989)","(0.44360115867437033, -0.06195982844330918)","(0.5405583812190529, -0.08889981070208729)","(0.6659219692128165, -0.12871140400164646)","(0.9654612748539906, -0.2375528433772103)",0.007411400089040399
0.384468,"(0.0, 0.0)","(0.050633307055762564, -0.0009343239498369165)","(0.1041678575898464, -0.003884003093224213)","(0.16110444057009296, -0.009116344113723205)","(0.22214021287725896, -0.01698707784151309)","(0.2882911709983133, -0.02799270093430178)","(0.36113378823206915, -0.042872172640872716)","(0.44334769818298575, -0.0628317343286956)","(0.5402024170212151, -0.09015075753613057)","(0.6654040465794333, -0.1305219332592797)","(0.9644632716131195, -0.24089074632115146)",0.008380199898965657
0.39046749999999997,"(0.0, 0.0)","(0.050613365187322595, -0.0009471637649953323)","(0.10412689673129506, -0.003937447800737959)","(0.16103939862970157, -0.00924192347810474)","(0.22204555851012528, -0.01722128304911307)","(0.28815815855386545, -0.028378898421266313)","(0.36094921480818265, -0.043463912576624984)","(0.44309157862600884, -0.06369914487049226)","(0.5398427913889144, -0.09139526076092341)","(0.6648808962161538, -0.13232312555578674)","(0.9634554353379362, -0.2442113333472173)",0.005837299977429211
0.39646699999999996,"(0.0, 0.0)","(0.05059320051272433, -0.0009599339155373614)","(0.10408548022841385, -0.003990605583919915)","(0.1609736406672157, -0.009366834767804819)","(0.22194987814177278, -0.01745425174407881)","(0.2880237315039001, -0.028763069271010026)","(0.3607627189598621, -0.0440525611255581)","(0.44283284744401935, -0.06456203658736023)","(0.5394795732620388, -0.09263328732502701)","(0.6643526215669529, -0.1341149342234487)","(0.9624379728199267, -0.24751452246527775)",0.007892000023275614
0.40246649999999995,"(0.0, 0.0)","(0.05057281611848145, -0.0009726340535244125)","(0.10404361447857906, -0.004043475002283289)","(0.16090717706724025, -0.009491074621763324)","(0.22185318737420293, -0.017685977713289565)","(0.28788791260909663, -0.029145203350058897)","(0.36057433352205376, -0.044638102968809684)","(0.44257155192939124, -0.06542038739295238)","(0.5391128313443627, -0.09386480618849215)","(0.6638193256929797, -0.13589731553420878)","(0.9614110900111503, -0.250800237231455)",0.006734099937602878
0.408466,"(0.0, 0.0)","(0.050552215085855806, -0.0009852638521235335)","(0.10400130586734066, -0.00409605470208196)","(0.16084001819235494, -0.009614639880647577)","(0.2217555017708337, -0.01791645511694846)","(0.28775072456517714, -0.02952529113746861)","(0.36038409122382775, -0.04522052372411031)","(0.442307739205977, -0.06627417657540666)","(0.5387426340740401, -0.09508978829286326)","(0.6632811112283238, -0.13767022865504175)","(0.9603749919359521, -0.2540684066651706)",0.00805249996483326
0.4144655,"(0.0, 0.0)","(0.05053140048951716, -0.0009978230052888973)","(0.10395856076563698, -0.004148343415003314)","(0.16077217437859354, -0.009737527583809694)","(0.22165683684972703, -0.018145678482932998)","(0.28761218999306937, -0.029903323715501192)","(0.36019202467426303, -0.0457998099314075)","(0.44204145620889856, -0.06712338477601461)","(0.5383690495944261, -0.09630820652999901)","(0.6627380803365159, -0.1394336356016069)","(0.9593298826047593, -0.2573189651529505)",0.006527299992740154
0.420465,"(0.0, 0.0)","(0.05051037539712456, -0.001010311227486438)","(0.1039153855289115, -0.004200339957041041)","(0.1607036559338734, -0.009859734966667474)","(0.22155720808088983, -0.01837364270193665)","(0.28747233143437123, -0.03027929276160733)","(0.35999816635500004, -0.04637594904049194)","(0.44177274967256097, -0.06796799397082692)","(0.5379921457349714, -0.09752003571510567)","(0.6621903346795259, -0.14118750119799242)","(0.9582759649462588, -0.26055185237838324)",0.006222099997103214
0.42646449999999997,"(0.0, 0.0)","(0.05048914286732688, -0.0010227282533195204)","(0.10387178649297532, -0.004252043226956467)","(0.16063447313140605, -0.009981259457119496)","(0.22145663087670756, -0.018600343020810595)","(0.2873311713379982, -0.030653190537443132)","(0.35980254860190763, -0.04694892939408211)","(0.4415016661055641, -0.06880798744560274)","(0.5376119899765738, -0.09872525255022135)","(0.6616379753683178, -0.14293179302263792)","(0.9572134407150273, -0.26376701320995666)",0.006633899989537895
0.43246399999999996,"(0.0, 0.0)","(0.05046770594927891, -0.0010350738372323343)","(0.1038277699729929, -0.00430345220506365)","(0.16056463620794217, -0.010102098672721374)","(0.22135512058903845, -0.018825775037326135)","(0.2871887320554698, -0.031025009880230443)","(0.35960520359756565, -0.047518740214500824)","(0.4412282517788768, -0.06964334977602678)","(0.5372286494330588, -0.09992383559526066)","(0.6610811029332168, -0.14466648136519913)","(0.956142510427691, -0.2669643976184939)",0.010192999965511262
0.43846349999999995,"(0.0, 0.0)","(0.05044606768192488, -0.0010473477531937343)","(0.10378334226198845, -0.004354565951933422)","(0.16049415536128542, -0.010222250417672383)","(0.22125269250532978, -0.01904993469458435)","(0.2870450358349778, -0.031394744193537376)","(0.3594061633623041, -0.048085371589466526)","(0.44095255271237177, -0.07047406680663078)","(0.536842190830873, -0.101115765237202)","(0.6605198172924254, -0.14639153918072667)","(0.9550633732974915, -0.2701439605907538)",0.007173900026828051
0.444463,"(0.0, 0.0)","(0.05042423109140442, -0.001059549794261011)","(0.1037385096254916, -0.004405383606597944)","(0.16042304074185512, -0.010341712678629055)","(0.22114936183658038, -0.019272818273239442)","(0.28690010480498235, -0.03176238743445534)","(0.3592054597323156, -0.04864881445236457)","(0.44067461464580293, -0.07130012562162619)","(0.5364526804703224, -0.10230102364767282)","(0.6599542176986503, -0.1481069420270562)","(0.9539762271397229, -0.27330566200820305)",0.008909099968150258
0.4504625,"(0.0, 0.0)","(0.05040219919243609, -0.0010716797723744186)","(0.10369327830436993, -0.004455904385715913)","(0.16035130245689805, -0.01046048362277636)","(0.22104514372270173, -0.019494422387933023)","(0.2867539609802911, -0.03212793410772095)","(0.3590031243657592, -0.04920906057316213)","(0.4403944830438593, -0.07212151453134233)","(0.536060184227863, -0.10347959476293025)","(0.6593844027354959, -0.14981266803461876)","(0.9528812683468239, -0.27644946658440267)",0.006130099995061755
0.456462,"(0.0, 0.0)","(0.0503799749854909, -0.001083737517893692)","(0.10364765450899849, -0.0045061275816641174)","(0.16027895056133476, -0.010578561593376789)","(0.22094005321954346, -0.019714743979025947)","(0.2866066262445339, -0.032491379252085575)","(0.35879918871962985, -0.04976610253744718)","(0.4401122030658749, -0.07293822304125924)","(0.5356647675162022, -0.10465146423887248)","(0.6588104702633704, -0.15150869784011725)","(0.9517786917948722, -0.279575343740099)",0.00702709995675832
0.46246149999999997,"(0.0, 0.0)","(0.05035756145707112, -0.0010957228793158325)","(0.10360164441982256, -0.0045560525613836216)","(0.1602059950584845, -0.010695945107092986)","(0.22083410529950911, -0.019933780307638455)","(0.28645812235020607, -0.03285271843214161)","(0.3585936840485094, -0.05031993373383064)","(0.4398278195621937, -0.07375024183330378)","(0.53526649527654, -0.10581661942365148)","(0.6582325174044019, -0.15319501454568893)","(0.9506686908048193, -0.28268326752402456)",0.006848699995316565
0.46846099999999996,"(0.0, 0.0)","(0.050334961578329056, -0.0011076357228871736)","(0.10355525418450542, -0.004605678764786054)","(0.16013244589552833, -0.010812632850277065)","(0.2207273148449656, -0.020151528948764107)","(0.28630847090946143, -0.03321194772697388)","(0.35838664139191, -0.050870548336486625)","(0.43954137705681784, -0.0745575627400219)","(0.5348654319545595, -0.10697504932007132)","(0.657650640508112, -0.15487160366329314)","(0.9495514570782285, -0.28577321650260906)",0.006936899968422949
0.47446049999999995,"(0.0, 0.0)","(0.05031217830411153, -0.0011194759322357907)","(0.10350848991595285, -0.004655005703244679)","(0.16005831296033377, -0.010928623675459522)","(0.22061969664354783, -0.020367987784756576)","(0.28615769338739133, -0.03356906371942739)","(0.3581780915647719, -0.05141794128863905)","(0.43925291973399916, -0.0753601787201436)","(0.5344616414813269, -0.10812674454999012)","(0.6570649351233143, -0.15653845306201114)","(0.9484271806425897, -0.28884517366132634)",0.006625100038945675
0.48045999999999994,"(0.0, 0.0)","(0.05028921457304792, -0.001131243408066579)","(0.10346135769248639, -0.004704032958346422)","(0.1599836060816053, -0.011043916598451633)","(0.2205112653880472, -0.02058315499996158)","(0.2860058111012491, -0.033924063487264795)","(0.3579680651554054, -0.05196210828894722)","(0.4389624914339517, -0.07615808383840132)","(0.53405518726528, -0.10927169732483416)","(0.6564754959836205, -0.15819555292420517)","(0.9472960498161724, -0.291899126317927)",0.0065969000570476055
0.4864595,"(0.0, 0.0)","(0.0502660733056855, -0.0011429380677285253)","(0.10341386355400159, -0.004752760180111922)","(0.15990833502284515, -0.011158510794197992)","(0.22040203566782499, -0.020797029073017975)","(0.28585284520879706, -0.03427694459048166)","(0.35775659251001096, -0.05250304577200607)","(0.4386701356324278, -0.07695127323672515)","(0.5336461321650946, -0.11040990140374532)","(0.6558824169703016, -0.1598428956837921)","(0.9461582511428955, -0.294935066006557)",0.008384499931707978
0.492459,"(0.0, 0.0)","(0.05024275740442465, -0.001154559844892968)","(0.10336601350183103, -0.004801187085677633)","(0.15983250948204178, -0.01127240559371501)","(0.22029202196810949, -0.021009608771185195)","(0.2856988167068476, -0.03462770506196461)","(0.35754370372990907, -0.05304075089397132)","(0.4383758954357892, -0.07773974311295666)","(0.5332345384812596, -0.11154135206252669)","(0.655285791097895, -0.1614804759801625)","(0.9450139693592172, -0.29795298838166023)",0.006464999984018505
0.49845849999999997,"(0.0, 0.0)","(0.05021926975322139, -0.00116610868921587)","(0.10331781349812644, -0.004849313457911427)","(0.1597561390906235, -0.011385600480873403)","(0.22018123866830175, -0.021220893144380228)","(0.28554374642856617, -0.03497634339767195)","(0.3573294286672937, -0.05357522151745656)","(0.4380798135743903, -0.07852349069849962)","(0.5328204679457883, -0.1126660460610709)","(0.6546857104978462, -0.16310829060991977)","(0.9438633873591827, -0.30095289313289136)",0.009218399995006621
0.504458,"(0.0, 0.0)","(0.05019561321587666, -0.0011775845659043954)","(0.10326926946233872, -0.0048971391436296715)","(0.15967923340794166, -0.011498095088244061)","(0.22006970003416942, -0.02143088151746787)","(0.2853876550329392, -0.03532285854393472)","(0.357113796911349, -0.054106456192019196)","(0.43778193238441665, -0.07930251422950989)","(0.532403981698321, -0.11378398160152724)","(0.6540822663861487, -0.1647263384652311)","(0.9427066861386656, -0.3039347838622532)",0.006577700027264655
0.5104574999999999,"(0.0, 0.0)","(0.050171790636546, -0.0011889874554277756)","(0.10322038727226603, -0.004944664052415127)","(0.1596018019228099, -0.011609889194356132)","(0.2199574202197389, -0.021639573485185852)","(0.28523056300677124, -0.03566724988910469)","(0.35689683778994447, -0.054634454141311496)","(0.4374822938086609, -0.0800768129278614)","(0.5319851402849983, -0.11489515830050685)","(0.6534755490585191, -0.16633462049251774)","(0.9415440447778861, -0.3068986680025753)",0.006494799978099763
0.5164569999999999,"(0.0, 0.0)","(0.05014780483853152, -0.0012003173531133847)","(0.10317117276156779, -0.004991888154956735)","(0.15952385404959996, -0.011720982719831418)","(0.21984441326173945, -0.021846968904974184)","(0.28507249065712276, -0.03600951725174694)","(0.3566785803595574, -0.05515921524493872)","(0.43718093938316277, -0.08084638697435782)","(0.5315640036406225, -0.11599957715017155)","(0.6528656478658421, -0.1679331396350708)","(0.940375640398006, -0.3098445567153568)",0.008848800091072917
0.5224564999999999,"(0.0, 0.0)","(0.050123658623712826, -0.0012115742687833012)","(0.1031216317185961, -0.0050388114815579305)","(0.15944539912637556, -0.011831375723914829)","(0.21973069307686147, -0.022053067890543492)","(0.28491345810741137, -0.036349660870052515)","(0.356459053399788, -0.05568074002218975)","(0.43687791022950784, -0.0816112374846959)","(0.5311406310777292, -0.11709724048327977)","(0.6522526511981641, -0.16952190078142046)","(0.9392016481301935, -0.31277246478073106)",0.007659099996089935
0.5284559999999999,"(0.0, 0.0)","(0.05009935477246235, -0.001222758226423656)","(0.10307176988622468, -0.005085434120781387)","(0.15936644641457154, -0.01194106840132551)","(0.21961627346115165, -0.02225787080604223)","(0.2847534852962951, -0.036687681392239956)","(0.35623828541138, -0.05619902961728617)","(0.4365732470514454, -0.08237136648765937)","(0.5307150812809623, -0.11818815194144693)","(0.6516366464752625, -0.17110091071837233)","(0.9380222410943768, -0.31568241051242835)",0.007516799960285425
0.5344554999999999,"(0.0, 0.0)","(0.050074896042833335, -0.0012338692638040028)","(0.10302159296018065, -0.005131756217885508)","(0.15928700509637467, -0.012050061078618331)","(0.21950116808627265, -0.022461378259310397)","(0.28459259197255277, -0.037023579865451246)","(0.3560163046093413, -0.05671408578232664)","(0.4362669901256865, -0.08312677689994101)","(0.5302874122946579, -0.11927231643857585)","(0.6510177201293703, -0.17267017807707866)","(0.9368375903682084, -0.31857441565701455)",0.007398999994620681
0.5404549999999999,"(0.0, 0.0)","(0.05005028516972444, -0.0012449074320937644)","(0.10297110658733206, -0.00517777797324854)","(0.15920708427203825, -0.012158354210516155)","(0.2193853904956912, -0.022663591095078945)","(0.28443079768990953, -0.03735735772455903)","(0.35579313891605757, -0.05722591086009762)","(0.43595917929278916, -0.08387747250077336)","(0.5298576815106901, -0.12034974012402509)","(0.6503959575884749, -0.17422971327875045)","(0.9356478649576551, -0.3214485052829537)",0.007735699997283518
0.5464545,"(0.0, 0.0)","(0.05002552486632263, -0.0012558727956399987)","(0.1029203163686634, -0.005223499641464523)","(0.15912669296443593, -0.012265948377821538)","(0.21926895411080577, -0.022864510391116557)","(0.2842681218146723, -0.03768901678583731)","(0.3555688159702964, -0.057734507774342365)","(0.4356498539672907, -0.08462345791750189)","(0.5294259456793444, -0.12142043036149175)","(0.6497714432872619, -0.17577952850313852)","(0.9344532318053954, -0.3243047077264492)",0.007417200016789138
0.5524539999999999,"(0.0, 0.0)","(0.050000617820856345, -0.0012667654314148951)","(0.10286922785259836, -0.005268921529063344)","(0.1590458401087351, -0.012372844282093197)","(0.2191518722166899, -0.023064137448339718)","(0.28410458350718476, -0.03801855923067399)","(0.35534336310389486, -0.05823988000476751)","(0.43533905310895804, -0.0853647385887848)","(0.5289922608740901, -0.12248439567579819)","(0.6491442606234241, -0.17731963761057937)","(0.9332538557267286, -0.3271430544344898)",0.0073654999723657966
0.5584534999999999,"(0.0, 0.0)","(0.04997556669843225, -0.0012775854288227559)","(0.10281784653879146, -0.005314043993727974)","(0.1589645345582201, -0.012479042743842596)","(0.21903415796999132, -0.02326247378749116)","(0.28394020173180207, -0.038345987600120736)","(0.35511680735376033, -0.058742031578665095)","(0.4350268152367016, -0.08610132075216187)","(0.5285566825072217, -0.12354164573466221)","(0.6485144919747432, -0.17885005611470167)","(0.9320498994276739, -0.3299635799219833)",0.0071922000497579575
0.5644529999999999,"(0.0, 0.0)","(0.049950374139911886, -0.0012883328892993443)","(0.10276617787582298, -0.0053588674426466535)","(0.15888278508072173, -0.012584544698696238)","(0.21891582439396856, -0.023459521142022634)","(0.28377499525035327, -0.038671304783181565)","(0.3548891754535038, -0.05924096705293931)","(0.4347131784180113, -0.08683321141755972)","(0.5281192653165198, -0.12459219131029674)","(0.6478822186818987, -0.18037080112596104)","(0.9308415234778288, -0.3327663216563677)",0.006778800045140088
0.5704524999999999,"(0.0, 0.0)","(0.04992504276129229, -0.0012990079259469127)","(0.10271422725993337, -0.00540339233101342)","(0.1588006003566522, -0.012689351193906474)","(0.21879688437574274, -0.023655281451627753)","(0.28360898261848444, -0.03899451400617468)","(0.3546604938286861, -0.05973669149778065)","(0.43439818026283145, -0.08756041834321857)","(0.5276800633573291, -0.1256360442444967)","(0.6472475210379531, -0.18188189130024587)","(0.9296288862929115, -0.3355513199606106)",0.0070882000727579
0.576452,"(0.0, 0.0)","(0.049899575154202784, -0.001309610663252802)","(0.10266200003605765, -0.005447619160876596)","(0.15871798898059628, -0.012793463385680302)","(0.21867735066843655, -0.023849756857301434)","(0.2834421821883054, -0.0393156188246141)","(0.35443078859989635, -0.060229210484206055)","(0.4340818579269403, -0.08828295001729404)","(0.5272391300060301, -0.12667321742188192)","(0.6466104782915633, -0.18338334679931317)","(0.9284121441362166, -0.33831861793824275)",0.006989500019699335
0.5824514999999999,"(0.0, 0.0)","(0.04987397388513385, -0.0013201412367175752)","(0.10260950149624917, -0.005491548479610122)","(0.1586349594588781, -0.012896882535620937)","(0.2185572358878121, -0.024042949694743604)","(0.28327461210399413, -0.03963462311235994)","(0.35420008557717514, -0.06071853006741391)","(0.4337642481049803, -0.08900081563332797)","(0.5267965179513473, -0.1277037247343537)","(0.6459711686359529, -0.18487518923853108)","(0.9271914511017476, -0.3410682613753751)",0.006687300046905875
0.588451,"(0.0, 0.0)","(0.049848241495114576, -0.0013305997925173452)","(0.10255673687902714, -0.005535180878527069)","(0.15855152020856014, -0.01299961000750334)","(0.21843655251088445, -0.024234862488385765)","(0.2831062902999668, -0.03995153105179716)","(0.3539684102576524, -0.061204656771718616)","(0.4334453870274308, -0.08971402506804076)","(0.526352279190455, -0.1287275810488954)","(0.6453296692037814, -0.18635744163948526)","(0.925966959105853, -0.343800298641833)",0.008447000058367848
0.5944504999999999,"(0.0, 0.0)","(0.04982238050001727, -0.0013409864872156504)","(0.102503711370016, -0.005578516991699365)","(0.15846767955843752, -0.013101647264534434)","(0.21831531287727982, -0.024425497946322355)","(0.28293723450259517, -0.04026634712550809)","(0.3537357878276021, -0.0616875975777773)","(0.4331253104629611, -0.09042258886249215)","(0.5259064650315628, -0.12974480218021867)","(0.6446860560698656, -0.18783012838962626)","(0.9247388178898225, -0.3465147806319036)",0.008512400090694427
0.6004499999999999,"(0.0, 0.0)","(0.04979639338961202, -0.0013513014873841474)","(0.10245043010001413, -0.005621557494397246)","(0.15838344574607593, -0.0132029958657185)","(0.21819352918518808, -0.024614858953571513)","(0.28276746222500565, -0.04057907610518861)","(0.353502243156003, -0.06216735990559344)","(0.432804053710634, -0.09112651819705325)","(0.5254591260845868, -0.1307554048545405)","(0.6440404042399843, -0.18929327518910016)","(0.9235071750046806, -0.34921176065777865)",0.006019099964760244
0.6064494999999999,"(0.0, 0.0)","(0.04977028262784673, -0.0013615449693175391)","(0.10239689814558242, -0.005664303101921113)","(0.1582988269187351, -0.013303657463145106)","(0.21807121349264702, -0.024802948567057698)","(0.28259699076874834, -0.040889723043406406)","(0.3532678007966116, -0.06264395160187992)","(0.43248165160240926, -0.09182582487277835)","(0.5250103122641219, -0.13175940668255698)","(0.6433927876544159, -0.1907469090109183)","(0.9222721758160058, -0.3518912942845951)",0.006681500002741814
0.6124489999999999,"(0.0, 0.0)","(0.049744050653055996, -0.0013717171187475916)","(0.10234312052948884, -0.005706754568429327)","(0.15821383113407872, -0.013403633799267149)","(0.21794837771854644, -0.024989770010575726)","(0.28242583722512427, -0.04119829326532923)","(0.3530324849896503, -0.06311738092737872)","(0.4321581385052366, -0.09252052129271929)","(0.5245600727920154, -0.13275682613234663)","(0.6427432791911477, -0.19219105806105094)","(0.921033963508786, -0.35455343947793766)",0.007162499940022826
0.6184485,"(0.0, 0.0)","(0.049717699876803495, -0.0013818181304544582)","(0.1022891022183413, -0.005748912685337664)","(0.1581284663565503, -0.013502926703170782)","(0.21782503363770603, -0.025175326667872415)","(0.28225401846893017, -0.04150479235734689)","(0.3527963196541817, -0.06358765653941961)","(0.43183354831202486, -0.09321062043626156)","(0.5241084561868864, -0.13374768249226998)","(0.64209195065385, -0.19362575172406052)","(0.9197926790728106, -0.3571982562583872)",0.007415800006128848
0.6244479999999999,"(0.0, 0.0)","(0.049691232684976314, -0.001391848208054892)","(0.10223484812485435, -0.005790778280455714)","(0.15804274046089872, -0.013601538088578547)","(0.21770119288575518, -0.025359622078963764)","(0.2820815511647997, -0.041809226161033594)","(0.3525593283960452, -0.0640547874826701)","(0.43150791445135367, -0.09389613584548107)","(0.5236555102758884, -0.13473199585113416)","(0.6414388727862457, -0.19505102053375603)","(0.9185484613231844, -0.3598258067728885)",0.007471399963833392
0.6304474999999999,"(0.0, 0.0)","(0.049664651436711255, -0.0014018075636260932)","(0.10218036310565573, -0.005832352216437868)","(0.15795666122883162, -0.013699469950239556)","(0.21757686695461137, -0.02554265993344032)","(0.28190845176150064, -0.04211160076213998)","(0.3523215345009825, -0.06451878317226563)","(0.4311812698794555, -0.0945770816003295)","(0.523201282185608, -0.13570978706233433)","(0.6407841152620212, -0.1964668961206731)","(0.9173014468892613, -0.3624361551632859)",0.006372499978169799
0.6364469999999999,"(0.0, 0.0)","(0.04963795846482027, -0.0014116964174491935)","(0.10212565196217742, -0.005873635389732665)","(0.1578702363504262, -0.013796724361491592)","(0.21745206719448254, -0.02572444406596041)","(0.2817347364946214, -0.04241192248319632)","(0.3520829609381318, -0.06497965338247932)","(0.4308536470846963, -0.0952534723019506)","(0.5227458183478142, -0.13668107771967777)","(0.64012774669239, -0.1978734111764925)","(0.9160517702271449, -0.3650293675111715)",0.007486600079573691
0.6424464999999999,"(0.0, 0.0)","(0.04961115607566885, -0.0014215149977140538)","(0.10207071944042229, -0.005914628729370511)","(0.1577834734238111, -0.013893303471442539)","(0.21732680481351038, -0.025904978451032)","(0.2815604213862462, -0.04271019787494214)","(0.35184363035984134, -0.06543740823359427)","(0.4305250780876861, -0.09592532305336515)","(0.5222891645001185, -0.13764589012944198)","(0.6394698346277852, -0.19927059941302924)","(0.9147995636249353, -0.367605511735078)",0.007479999912902713
0.6484459999999999,"(0.0, 0.0)","(0.049584246549337456, -0.0014312635402502936)","(0.10201557023131294, -0.005955333195860455)","(0.15769637995574765, -0.013989209502407878)","(0.21720109087865305, -0.026084267198272573)","(0.2813855222462373, -0.04300643370854505)","(0.3516035651034882, -0.06589205817998789)","(0.4301955944438375, -0.09659264944193904)","(0.521831365689601, -0.13860424728500445)","(0.6388104455631709, -0.20065849552496995)","(0.91354495721308, -0.3701646575590933)",0.008259700029157102
0.6544454999999999,"(0.0, 0.0)","(0.04955723213835154, -0.0014409422881464557)","(0.10196020896809423, -0.005995749779620169)","(0.1576089633576745, -0.014084444746249139)","(0.21707493631036692, -0.026262314545615874)","(0.28121005466558346, -0.04330063696443034)","(0.35136278718356423, -0.06634361399302018)","(0.4298652272343138, -0.09725546751423343)","(0.5213724662628285, -0.13955617283054586)","(0.6381496449275068, -0.2020371351368103)","(0.9122880789546312, -0.3727068763706885)",0.0067807999439537525
0.660445,"(0.0, 0.0)","(0.04953011507006088, -0.0014505514916674717)","(0.10190464023124947, -0.006035879500649378)","(0.15752123095333534, -0.014179011563637975)","(0.21694835189314868, -0.02643912485798201)","(0.28103403403009336, -0.0435928148301301)","(0.3511213183088194, -0.06679208675775672)","(0.42953400708703204, -0.09791379377115644)","(0.5209125098913497, -0.14050169105391055)","(0.6374874971149677, -0.20340655479203623)","(0.9110290546899209, -0.3752322412264163)",0.009835200035013258
0.6664444999999999,"(0.0, 0.0)","(0.04950289754410753, -0.0014600914077793135)","(0.10184886854330377, -0.0060757234065650185)","(0.15743318997082176, -0.014272912379464476)","(0.21682134826475516, -0.02661470261874607)","(0.2808574755067728, -0.043882974686243574)","(0.3508791798658211, -0.06723748785145969)","(0.42920196415747996, -0.09856764513637117)","(0.520451539549917, -0.14144082684108308)","(0.6368240654608003, -0.20476679188674643)","(0.9097680081099644, -0.3777408267136208)",0.007644199999049306
0.6724439999999999,"(0.0, 0.0)","(0.04947558173434712, -0.001469562300038569)","(0.10179289837279952, -0.006115282572157731)","(0.15734484754875577, -0.014366149681824964)","(0.21669393592478048, -0.026789052427891525)","(0.28068039405502504, -0.044171124103433726)","(0.350636392933074, -0.067679828939007)","(0.42886912814617023, -0.0992170389495447)","(0.519989597537916, -0.14237360566633803)","(0.6361594122679702, -0.2061178846549541)","(0.9085050607958539, -0.38023270893258376)",0.00984410010278225
0.6784434999999999,"(0.0, 0.0)","(0.049448169787689955, -0.0014789644382352124)","(0.10173673413192605, -0.006154558097918783)","(0.15725621073269472, -0.01445872601858638)","(0.2165661252298585, -0.026962178995636788)","(0.2805028044207234, -0.044457270831950106)","(0.35039297827409555, -0.06811912195684988)","(0.42853552829093455, -0.0998619929427852)","(0.5195267254712357, -0.14330005355826406)","(0.6354935987992555, -0.2074598721189738)","(0.9072403322138785, -0.38270796538939605)",0.008066699956543744
0.6844429999999999,"(0.0, 0.0)","(0.049420663824744054, -0.0014882980981869597)","(0.10168038017786332, -0.006193551109198805)","(0.15716728647726214, -0.014550643995436943)","(0.21643792639670859, -0.02713408713883734)","(0.28032472114034535, -0.04474142279573427)","(0.3501489563428833, -0.06855537910400103)","(0.4282011933740847, -0.10050252522739896)","(0.519062964291687, -0.14422019708061387)","(0.6348266852899955, -0.20879279406129966)","(0.9059739397375741, -0.385166674954461)",0.007919600000604987
0.6904424999999998,"(0.0, 0.0)","(0.0493930659397535, -0.0014975635614801032)","(0.10162384081267245, -0.006232262755142931)","(0.15707808164604103, -0.014641906273410199)","(0.2163093495021225, -0.027304781776403542)","(0.2801461585411998, -0.0450235880849002)","(0.3499043472846011, -0.06898861283053156)","(0.4278661517238812, -0.10113865427699607)","(0.5185983542697759, -0.14513406330792217)","(0.6341587309531432, -0.21011669098892805)","(0.9047059986601365, -0.38760891779327145)",0.007712300051935017
0.6964419999999999,"(0.0, 0.0)","(0.049365378200145756, -0.0015067611151810757)","(0.10156712028238196, -0.006270694207503508)","(0.15698860301022974, -0.014732515566119939)","(0.21618040448126605, -0.02747426792417798)","(0.2799671307395068, -0.04530377494732174)","(0.3496591709336436, -0.06941883582469899)","(0.4275304312129049, -0.10177039890859212)","(0.5181329350038975, -0.1460416797982552)","(0.633489793980235, -0.21143160409354675)","(0.9034366222019373, -0.39003477527884556)",0.006980399950407445
0.7024414999999999,"(0.0, 0.0)","(0.049337602648126026, -0.0015158910517250536)","(0.10151022278028862, -0.006308846660190897)","(0.15689885725379402, -0.014822474638732463)","(0.21605110113486964, -0.027642550693057558)","(0.27978765164986663, -0.04558199178557872)","(0.34941344682570746, -0.06984606100829793)","(0.4271940592731872, -0.10239777827577907)","(0.5176667454392375, -0.14694307458330036)","(0.6328199315654329, -0.21273757523685716)","(0.9021659215477003, -0.39244432998334433)",0.007447600015439093
0.7084409999999999,"(0.0, 0.0)","(0.0493097412990402, -0.0015249536685365225)","(0.10145315244360617, -0.0063467213277058725)","(0.15680885096837063, -0.014911786304305065)","(0.21592144912240696, -0.027809635282194888)","(0.27960773497680064, -0.045858247145776646)","(0.3491671941878598, -0.07027030151954447)","(0.42685706288508335, -0.103020811843608)","(0.5171998238559067, -0.14783827613220402)","(0.6321491998937387, -0.21403464689789617)","(0.9008940058382348, -0.39483766556316546)",0.009169799974188209
0.7144404999999999,"(0.0, 0.0)","(0.04928179614109768, -0.00153394926776619)","(0.10139591335291255, -0.006384319444056825)","(0.1567185906524849, -0.015000453421265145)","(0.21579145796118163, -0.027975526974329562)","(0.2794273942138674, -0.046132549709882946)","(0.34892043193793376, -0.07069157070135583)","(0.4265194685773274, -0.10363951937139067)","(0.516732207870263, -0.14872731332678754)","(0.631477654144713, -0.2153228621368539)","(0.8996209821823227, -0.39721486669682327)",0.0077154000755399466
0.7204399999999999,"(0.0, 0.0)","(0.04925376913905137, -0.0015428781563736416)","(0.10133850953974467, -0.006421642263119248)","(0.15662808272332274, -0.015088478894284937)","(0.2156611370425761, -0.02814023113746348)","(0.27924664266474486, -0.046404908298541665)","(0.3486731787108867, -0.07110988210570955)","(0.42618130245926883, -0.10425392091910365)","(0.5162639344739532, -0.14961021547067035)","(0.6308053485401265, -0.21660226460802734)","(0.8983469557243287, -0.3995760191104159)",0.006568399956449866
0.7264394999999999,"(0.0, 0.0)","(0.04922566223011645, -0.0015517406455489986)","(0.10128094497821459, -0.006458691056237025)","(0.1565373335038846, -0.015175865668661104)","(0.2155304956146518, -0.028303753214399967)","(0.27906549342126163, -0.04667533185384347)","(0.3484254528323405, -0.07152524946724771)","(0.4258425901901081, -0.10486403680866173)","(0.5157950399991764, -0.15048701223358674)","(0.6301323363057869, -0.21787289847891864)","(0.8970720296032862, -0.40192120941952714)",0.012707099900580943
0.732439,"(0.0, 0.0)","(0.049197477325160006, -0.0015605370505882574)","(0.10122322358747797, -0.006495467111716112)","(0.1564463492268622, -0.015262616729149407)","(0.21539954278761525, -0.028466098720605695)","(0.2788839593707005, -0.046943829435840696)","(0.34817727232806467, -0.07193768669797164)","(0.4255033569910556, -0.10546988761614354)","(0.5153255601342955, -0.15135773364016147)","(0.6294586696920876, -0.2191348084137512)","(0.895796304986712, -0.4042505251077115)",0.007000999990850687
0.7384384999999999,"(0.0, 0.0)","(0.04916921631331612, -0.001569267691076888)","(0.10116534924125284, -0.006531971735604429)","(0.15635513604937665, -0.015348735101828314)","(0.2152682875541242, -0.028627273247733388)","(0.27870205322207625, -0.047210410228414657)","(0.34792865495671776, -0.07234720789628976)","(0.42516362768519456, -0.10607149418509239)","(0.5148555299718288, -0.15222241008896653)","(0.6287844000320822, -0.22038803960087006)","(0.8945198811514588, -0.406564054565361)",0.00710719998460263
0.7444379999999999,"(0.0, 0.0)","(0.04914088105278689, -0.0015779328898694058)","(0.1011073257488991, -0.006568206247446882)","(0.15626370002390483, -0.015434223844127931)","(0.21513673874972994, -0.028787282445026978)","(0.2785197874558655, -0.047475083508606186)","(0.34767961814874976, -0.07275382729999842)","(0.42482342662554484, -0.10666887755752263)","(0.5143849839257404, -0.15308107225338385)","(0.6281095776479563, -0.22163263760893856)","(0.8932428553742314, -0.40886188683075)",0.007594199967570603
0.7504374999999999,"(0.0, 0.0)","(0.049112473380078576, -0.001586532973685091)","(0.10104915687445375, -0.006604171982784337)","(0.15617204712768015, -0.01551908605074098)","(0.21500490509322534, -0.02894613203040659)","(0.27833717437592653, -0.04773785866497411)","(0.34743017907060425, -0.07315755931450013)","(0.42448277777245297, -0.10726205901536433)","(0.5139139558233723, -0.15393375114110042)","(0.6274342519601994, -0.22286864847295354)","(0.891965323076996, -0.41114411174634885)",0.008655800018459558
0.7564369999999999,"(0.0, 0.0)","(0.04908399510589154, -0.0015950682725412626)","(0.10099084632818571, -0.006639870290801303)","(0.15608018324975848, -0.015603324848107983)","(0.21487279516914684, -0.02910382778020016)","(0.27815422608745, -0.04799874518067991)","(0.3471803545982369, -0.07355841848689225)","(0.42414170466293155, -0.10785106004245801)","(0.5134424788710491, -0.1547804780394949)","(0.6267584714502219, -0.22409611861497675)","(0.8906873777883135, -0.41341081980776384)",0.007368699996732175
0.7624364999999999,"(0.0, 0.0)","(0.049055448015905584, -0.001603539119618449)","(0.10093239776823193, -0.006675302533775541)","(0.1559881141936157, -0.015686943393145438)","(0.21474041743149985, -0.029260375526803942)","(0.2779709545020531, -0.04825775262966932)","(0.3469301613239245, -0.07395641950015433)","(0.42380023041968856, -0.1084359023160539)","(0.5129705856661173, -0.15562128450340962)","(0.6260822836768972, -0.225315094826277)","(0.8894091111725902, -0.41566210213906035)",0.007647900027222931
0.7684359999999999,"(0.0, 0.0)","(0.04902683387121727, -0.001611945851100055)","(0.10087381480151426, -0.006710470086420971)","(0.1558958456786377, -0.01576994487172232)","(0.2146077802059747, -0.029415781155871824)","(0.2777873713409499, -0.04851489067207575)","(0.34667961556071686, -0.0743515771661423)","(0.42345837775734946, -0.10901660769656227)","(0.5124983082057157, -0.15645620234041638)","(0.6254057352893319, -0.2265256242458641)","(0.8881306130546495, -0.4178980504406827)",0.007788600050844252
0.7744354999999999,"(0.0, 0.0)","(0.04899815440800011, -0.0016202888059466804)","(0.10081510098305961, -0.006745374334957435)","(0.15580338333915134, -0.015852332496492413)","(0.2144748916888042, -0.029570050602300037)","(0.27760348813382835, -0.04877016904763263)","(0.34642873334164204, -0.07474390641552682)","(0.4231161689824532, -0.10959319821281986)","(0.5120256778883, -0.15728526358964862)","(0.6247288720312886, -0.22772775432971043)","(0.8868519714340181, -0.4201187569358638)",0.009206900023855269
0.7804349999999999,"(0.0, 0.0)","(0.04896941133834452, -0.0016285683257804306)","(0.10075625981774547, -0.0067800166766393034)","(0.15571073272719138, -0.015934109505807054)","(0.21434175995072435, -0.02972318984823069)","(0.27741931622425625, -0.04902359757242113)","(0.3461775304269049, -0.07513342229285182)","(0.4227736260029622, -0.11016569605487647)","(0.5115527255262763, -0.15810850051144199)","(0.624051738758473, -0.22892153283565142)","(0.8855732725152744, -0.42232431435924456)",0.00991029990836978
0.7864344999999999,"(0.0, 0.0)","(0.04894060634993116, -0.0016367847546686182)","(0.10069729475964559, -0.006814398518863687)","(0.1556178993115716, -0.016015279161636944)","(0.2142083929358899, -0.029875204919202286)","(0.2772348667686399, -0.049275186132555764)","(0.3459260223032031, -0.07552013994689291)","(0.4224307703284055, -0.11073412355988202)","(0.5110794813477284, -0.15892594556707018)","(0.6233743794432423, -0.23010700779394538)","(0.8842946007228606, -0.4245148158652873)",0.00643180008046329
0.7924339999999999,"(0.0, 0.0)","(0.04891174110683886, -0.0016449384390143577)","(0.10063820921371137, -0.006848521278724677)","(0.15552488848055293, -0.016095844748544155)","(0.2140747984657025, -0.030026101882262818)","(0.2770501507414613, -0.04952494468111236)","(0.3456742241907266, -0.07590407462599366)","(0.42208762307916314, -0.11129850320528625)","(0.5106059750088031, -0.15973763140899125)","(0.6226968371916308, -0.2312842274930777)","(0.8830160387311861, -0.4266903550371779)",0.00978459999896586
0.7984334999999999,"(0.0, 0.0)","(0.048882817248983114, -0.0016530297273264672)","(0.10057900653463131, -0.006882386382063254)","(0.15543170554016653, -0.016175809571465336)","(0.21394098423670668, -0.030175886841859748)","(0.27686517893294066, -0.0497728832313818)","(0.3454221510408949, -0.07628524166776139)","(0.421744204984751, -0.11185885759375686)","(0.5101322355933006, -0.16054359085920183)","(0.6220191542456444, -0.23245324044834498)","(0.8817376674766114, -0.42885102580926027)",0.007787300040945411
0.8044329999999998,"(0.0, 0.0)","(0.04885383639297028, -0.001661058970122808)","(0.10051969002860935, -0.006915995263074082)","(0.15533835571703164, -0.01625517695480655)","(0.21380695782462236, -0.030324565938181197)","(0.2766799619545386, -0.050019011854174206)","(0.34516981754368786, -0.07666365649498179)","(0.42140053639350444, -0.11241520944723102)","(0.5096582916255409, -0.1613438569007191)","(0.6213413720008649, -0.23361409538947644)","(0.8804595661883464, -0.43099692245189114)",0.007848099921829998
0.8104324999999999,"(0.0, 0.0)","(0.0488248001317496, -0.001669026519727183)","(0.1004602629526627, -0.006949349363467487)","(0.15524484415735298, -0.01633395024048924)","(0.21367272668316434, -0.030472145343535876)","(0.2764945102378002, -0.05026334067188108)","(0.3449172381268348, -0.07703933460655553)","(0.42105663727260245, -0.11296758159366031)","(0.5091841710719979, -0.16213846265856863)","(0.6206635310111339, -0.23476684123305674)","(0.8791818124034924, -0.43312813951374424)",0.007320500095374882
0.8164319999999999,"(0.0, 0.0)","(0.04879571003527018, -0.0016769327301629378)","(0.10040072851599278, -0.006982450132034972)","(0.15515117592911182, -0.01641213278694671)","(0.21353829814721892, -0.030618631260509146)","(0.2763088340387658, -0.050505879855472474)","(0.34466442696181177, -0.07741229157294208)","(0.42071252721617247, -0.11351599696037433)","(0.5087099013523357, -0.1629274413902886)","(0.6199856710040607, -0.23591152706875354)","(0.8779044819953957, -0.4352447717478029)",0.006749399937689304
0.8224314999999999,"(0.0, 0.0)","(0.04876656765071637, -0.001684777957011943)","(0.10034108988048629, -0.007015299024069834)","(0.15505735602291626, -0.016489727967778645)","(0.21340367943419258, -0.030764029919479248)","(0.2761229434400449, -0.05074663962043641)","(0.3444113979669834, -0.0777825430299792)","(0.42036822545000696, -0.11406047856506188)","(0.508235509346503, -0.16371082647301485)","(0.6193078308919968, -0.23704820214060202)","(0.8766276491964268, -0.4373469143408823)",0.007136200089007616
0.8284309999999999,"(0.0, 0.0)","(0.048737374501919985, -0.0016925625571998365)","(0.10028135015952015, -0.007047897500479496)","(0.15496338935023915, -0.016566739169678223)","(0.21326887764179417, -0.030908347574772416)","(0.2759368483483426, -0.050985630220467065)","(0.3441581648051883, -0.07815010466924545)","(0.42002375082969784, -0.11460104950167538)","(0.5077610213941991, -0.16448865138327404)","(0.6186300487742723, -0.2381769158177266)","(0.8753513866101768, -0.43943466233130146)",0.006534400046803057
0.8344304999999999,"(0.0, 0.0)","(0.04870813209114505, -0.001700286889007914)","(0.10022151242165385, -0.007080247027844191)","(0.15486928074918427, -0.016643169792589597)","(0.2131338997560905, -0.03105159050498845)","(0.2757505585050927, -0.05122286194804723)","(0.3439047408973379, -0.0785149922390098)","(0.4196791218577494, -0.11513773294188688)","(0.5072864633163573, -0.16526094969913158)","(0.6179523619646731, -0.23929771759748172)","(0.8740757652543244, -0.44150811113564054)",0.006724099977873266
0.8404299999999999,"(0.0, 0.0)","(0.04867884189771375, -0.0017079513117920877)","(0.10016157968781478, -0.007112349077251808)","(0.15477503498022857, -0.01671902324697984)","(0.2129987526458835, -0.031193765007929065)","(0.2755640834796383, -0.051458345126107405)","(0.3436511394146942, -0.07887722153147782)","(0.4193343566754235, -0.11567055211641797)","(0.5068118604073134, -0.16602775507341824)","(0.6172748069853158, -0.240410657066674)","(0.8728008545626759, -0.4435673562166204)",0.0068931999849155545
0.8464295,"(0.0, 0.0)","(0.04864950537845533, -0.0017155561858759342)","(0.10010155493223868, -0.007144205123859537)","(0.154680656727749, -0.016794302952823557)","(0.21286344306498076, -0.031334877398728374)","(0.27537743267248604, -0.05169209010497757)","(0.34339737328345643, -0.07923680837816513)","(0.41898947306917633, -0.11619953030830707)","(0.5063372374439128, -0.16678910122411525)","(0.6165974195799572, -0.2415157838876677)","(0.8715267224108693, -0.4456124931166934)",0.0065385999623686075
0.8524289999999999,"(0.0, 0.0)","(0.04862012397016325, -0.0017231018726403511)","(0.10004144108754558, -0.007175816647276772)","(0.15458615060791667, -0.016869012340523383)","(0.21272797766315055, -0.03147493401160446)","(0.27519061532962713, -0.05192410726532652)","(0.34314345520284784, -0.0795937686544681)","(0.4186444884930635, -0.1167246908596907)","(0.5058626187130866, -0.167545021944173)","(0.6159202347483651, -0.24261314781268006)","(0.8702534351673143, -0.44764361749103876)",0.006369099952280521
0.8584284999999999,"(0.0, 0.0)","(0.048590699085829005, -0.0017305887340231987)","(0.09998124103699688, -0.007207185129482599)","(0.15449152115685066, -0.016943154846017265)","(0.21259236297014641, -0.03161394119073568)","(0.27500364052252296, -0.052154407003118096)","(0.3428893976212941, -0.07994811825661294)","(0.41829942004153936, -0.11724605713800723)","(0.505388027981986, -0.1682955510529995)","(0.6152432867150505, -0.24370279861350383)","(0.8689810576650702, -0.4496608249380161)",0.0070463999873027205
0.8644279999999999,"(0.0, 0.0)","(0.04856123211833989, -0.0017380171327344102)","(0.09992095762212833, -0.0072383120557322645)","(0.1543967728424478, -0.017016733912932378)","(0.21245660541203065, -0.03175190529431811)","(0.27481651716926797, -0.05238299973636179)","(0.3426352127628588, -0.08029987311208019)","(0.4179542844817376, -0.11776365255137904)","(0.5049134885369855, -0.1690407224186494)","(0.6145666089766875, -0.24478478611375806)","(0.8677096532684502, -0.4516642111193644)",0.006887499941512942
0.8704274999999999,"(0.0, 0.0)","(0.048531724439259405, -0.00174538743200558)","(0.09986059364025025, -0.007269198913518425)","(0.1543019100606108, -0.017089752990152182)","(0.21232071130621094, -0.031888832690041974)","(0.27462925402861377, -0.05260989589767418)","(0.34238091262055026, -0.08064904916823419)","(0.4176090982465384, -0.11827750053197766)","(0.5044390231772754, -0.1697805699339898)","(0.6138902342976268, -0.2458591601544089)","(0.8664392838770822, -0.45365387164100757)",0.007101600058376789
0.8764269999999998,"(0.0, 0.0)","(0.04850217739905585, -0.00175269999548078)","(0.09980015184493407, -0.007299847192122125)","(0.15420693713607184, -0.017162215530773472)","(0.21218468686274816, -0.03202472975316743)","(0.27444185970198487, -0.05283510593113741)","(0.34212650895938373, -0.08099566238755294)","(0.41726387743917925, -0.11878762452908541)","(0.5039646542218166, -0.1705151275068064)","(0.6132141947206806, -0.24692597057951196)","(0.8651700099483483, -0.45562990206212917)",0.007067999918945134
0.8824264999999999,"(0.0, 0.0)","(0.048472592327651755, -0.0017599551871421192)","(0.09973963494715789, -0.007330258382308734)","(0.1541118583242322, -0.017234124991404785)","(0.21204853818704592, -0.032159602865238425)","(0.27425434263725446, -0.05305864029021238)","(0.3418720133215855, -0.08133972874447772)","(0.4169186378403907, -0.11929404800453733)","(0.503490403519205, -0.17124442905333717)","(0.6125385215812004, -0.2479852672269347)","(0.8639018905236802, -0.4575923978597458)",0.006678699981421232
0.8884259999999999,"(0.0, 0.0)","(0.048442970534575455, -0.0017671533712002917)","(0.09967904561563186, -0.00736043397587734)","(0.1540166778117369, -0.01730548483111868)","(0.21191227128081563, -0.03229345841214844)","(0.2740667111303202, -0.053280509434579626)","(0.34161743702910835, -0.0816812642206151)","(0.4165733949123487, -0.119796794425744)","(0.5030162924538429, -0.17196850848832837)","(0.611863245516923, -0.2490370999140379)","(0.862634983249747, -0.45954145442005623)",0.007160100038163364
0.8944254999999999,"(0.0, 0.0)","(0.04841331330893107, -0.001774294911970455)","(0.09961838647675075, -0.0073903754651485215)","(0.15392139971647634, -0.017376298510258275)","(0.2117758920422577, -0.03242630278193261)","(0.27387897332567923, -0.05350072382652673)","(0.34136279118492646, -0.08202028479924175)","(0.4162281638011798, -0.12029588725768878)","(0.5025423419504373, -0.17268739971361913)","(0.6111883964759133, -0.2500815184212337)","(0.8613693443973363, -0.4614771669579904)",0.00620039994828403
0.9004249999999999,"(0.0, 0.0)","(0.048383621920018216, -0.0017813801738148513)","(0.09955766011588231, -0.007420084342730875)","(0.15382602808964285, -0.01744656948990069)","(0.21163940626904426, -0.0325581423637888)","(0.2736911372205692, -0.05371929392936768)","(0.3411080866786718, -0.08235680646293082)","(0.4158829593445892, -0.12079134995951403)","(0.5020685724843971, -0.17340113661332623)","(0.6105140037311836, -0.2511185724851196)","(0.8601050288880969, -0.4633996306083938)",0.00876230001449585
0.9064244999999999,"(0.0, 0.0)","(0.048353897616833896, -0.0017884095209787481)","(0.09949686907635574, -0.007449562100841314)","(0.15373056691424533, -0.017516301230267574)","(0.2115028196564714, -0.03268898354512706)","(0.2735032106629558, -0.05393623020260033)","(0.34085333418477004, -0.08269084518616576)","(0.4155377960706262, -0.1212832059737395)","(0.5015950040819993, -0.17410975303843518)","(0.6098400958836865, -0.2521483117762491)","(0.8588420903074784, -0.46530894027737807)",0.008772400091402233
0.9124239999999999,"(0.0, 0.0)","(0.04832414163123061, -0.0017953833177916734)","(0.09943601586598018, -0.007478810232152355)","(0.15363502011521646, -0.017585497192737377)","(0.21136613781141117, -0.03281883271536035)","(0.2733152013696331, -0.05415154310821577)","(0.34059854418506214, -0.08302241694509163)","(0.41519268822532857, -0.12177147874067129)","(0.501121656353817, -0.1748132828276273)","(0.6091667009029819, -0.2531707859294888)","(0.8575805809618923, -0.4672051907470162)",0.006687599932774901
0.9184234999999998,"(0.0, 0.0)","(0.04829435517193344, -0.001802301927965026)","(0.09937510294472957, -0.007507830226861272)","(0.15353939154052448, -0.017654160832944077)","(0.2112293662267397, -0.03294769625301023)","(0.27312711689400276, -0.054365243089402826)","(0.3403437269301516, -0.08335153768484212)","(0.41484764972808436, -0.12225619165045226)","(0.5006485484448693, -0.17551175973840832)","(0.6084938460735191, -0.2541860444442231)","(0.8563205518249097, -0.4690884764917933)",0.0069691999815404415
0.9244229999999999,"(0.0, 0.0)","(0.04826453943143362, -0.001809165715170162)","(0.0993141327389587, -0.007536623575112447)","(0.15344368498313038, -0.01772229560650441)","(0.21109251031143936, -0.033075580536449885)","(0.2729389646647284, -0.05457734058835831)","(0.3400888924870432, -0.083678223346965)","(0.41450269422876773, -0.1227373680834498)","(0.5001756991019918, -0.17620521750530896)","(0.6078215580737207, -0.255194136768948)","(0.8550620526393974, -0.4709588918284423)",0.006725899991579354
0.9304224999999999,"(0.0, 0.0)","(0.04823469558297172, -0.0018159750426366614)","(0.09925310763520047, -0.007565191765323102)","(0.1533479041715049, -0.01778990496508033)","(0.21095557537784274, -0.03320249193655621)","(0.27275075196982485, -0.05478784603416635)","(0.33983405072033734, -0.0840024898508487)","(0.4141578350864916, -0.12321503138303218)","(0.4997031266508993, -0.17689368980082912)","(0.6071498629526987, -0.2561951122447506)","(0.8538051318992735, -0.4728165308139135)",0.00868660002015531
0.9364219999999999,"(0.0, 0.0)","(0.04820482478047485, -0.0018227302730448416)","(0.09919202998004588, -0.00759353628373886)","(0.1532520527695166, -0.017856992355341907)","(0.21081856664164972, -0.033328436814789794)","(0.27256248595700805, -0.05499676983965661)","(0.33957921129322427, -0.08432435308894588)","(0.4138130853717183, -0.12368920484862111)","(0.49923084900016396, -0.17757721022555087)","(0.6064787861374913, -0.257189020091111)","(0.85254983686718, -0.4746614872185467)",0.007107499986886978
0.9424214999999999,"(0.0, 0.0)","(0.04817492816026915, -0.001829431768600182)","(0.09913090208368462, -0.007621658614749856)","(0.153156134381947, -0.017923561219724767)","(0.210681489229612, -0.033453421524634354)","(0.27237417364379674, -0.05520412240382101)","(0.33932438368033474, -0.08464382893054133)","(0.413468457882324, -0.12415991174130901)","(0.49875888366121135, -0.17825581231632695)","(0.6058083524583509, -0.25817590941794666)","(0.8512962136130189, -0.4764938545429737)",0.008244300028309226
0.9484209999999998,"(0.0, 0.0)","(0.04814500683999591, -0.0018360798908297297)","(0.09906972621768455, -0.007649560240044037)","(0.15306015255114117, -0.017989614994443143)","(0.21054434817513343, -0.03357745240789733)","(0.27218582191223545, -0.05540991410572626)","(0.33906957716187547, -0.08496093321244699)","(0.41312396513760774, -0.12462717527025492)","(0.4982872477429446, -0.17892952952681856)","(0.6051385861453378, -0.25915582919752383)","(0.8500443070190019, -0.4783137260062148)",0.007424999959766865
0.9544204999999999,"(0.0, 0.0)","(0.048115061920012414, -0.0018426750006314463)","(0.09900850461788613, -0.007677242638818036)","(0.15296411076152847, -0.018055157109998308)","(0.2104071484245945, -0.033700535795682204)","(0.2719974375172565, -0.05561415530615686)","(0.33881480083434806, -0.08527568174158004)","(0.4127796193918188, -0.12509101859655242)","(0.49781595796878203, -0.17959839523317195)","(0.6044695108501962, -0.2601288282728674)","(0.8487941608139571, -0.48012119443069473)",0.007402800023555756
0.9604199999999998,"(0.0, 0.0)","(0.048085094482453475, -0.0018492174580897716)","(0.0989472394824823, -0.0077047072870101135)","(0.15286801243673231, -0.01812019098937863)","(0.2102698948335765, -0.03382267800503784)","(0.2718090270821921, -0.05581685634210287)","(0.33856006360563645, -0.08558809028654035)","(0.41243543262927435, -0.1255514648209215)","(0.4973450306725379, -0.18026244271641947)","(0.6038011496443353, -0.26109495533238025)","(0.8475458175798807, -0.4819163524194617)",0.007423400063998997
0.9664194999999999,"(0.0, 0.0)","(0.048055105593073785, -0.0018557076225764314)","(0.09888593297582271, -0.00773195565772601)","(0.15277186094549114, -0.018184720049074756)","(0.21013259217508806, -0.033943885340878985)","(0.27162059710954606, -0.05601802752997148)","(0.3383053742086389, -0.08589817458259984)","(0.4120914165812879, -0.1260085369911236)","(0.49687448181931626, -0.18092170517326545)","(0.6031335250449593, -0.26205425892567763)","(0.8462993187908633, -0.48369929218810154)",0.008928900002501905
0.9724189999999999,"(0.0, 0.0)","(0.048025096298278454, -0.0018621458523620364)","(0.09882458722230567, -0.007758989219618098)","(0.15267565959232005, -0.0182487476952634)","(0.2099952451270029, -0.034064164088857936)","(0.2714321539653286, -0.056217679153819394)","(0.3380507411827659, -0.08620595031365896)","(0.41174758270529555, -0.12646225807550152)","(0.4964043269830373, -0.18157621567811646)","(0.6024666589923829, -0.26300678740863226)","(0.8450547047958116, -0.48547010554680875)",0.005945199984125793
0.9784184999999999,"(0.0, 0.0)","(0.04799506763025226, -0.001868532505059851)","(0.09876320431695858, -0.007785809438745715)","(0.1525794116338586, -0.01831227732820811)","(0.20985785829448528, -0.034183520523624965)","(0.2712437039078726, -0.056415821479058735)","(0.3377961729094817, -0.08651143313337255)","(0.4114039422275174, -0.12691265099412793)","(0.49593458139678803, -0.18222600722803048)","(0.6018005729091943, -0.26395258900882185)","(0.8438120148949906, -0.48722888401687975)",0.0076923000160604715
0.9844179999999999,"(0.0, 0.0)","(0.04796502060247369, -0.0018748679370859552)","(0.09870178631620165, -0.007812417776320336)","(0.15248312026471686, -0.018375312336945535)","(0.20972043619086464, -0.03430196089889401)","(0.27105525306381856, -0.05661246473604241)","(0.33754167758364767, -0.08681463863995852)","(0.41106050611013245, -0.12735973858183053)","(0.495465259916626, -0.18287111268961181)","(0.601135287662106, -0.26489171174859794)","(0.8425712873048828, -0.4889757186501823)",0.008339399937540293
0.9904174999999998,"(0.0, 0.0)","(0.047934956212951754, -0.001881152503914863)","(0.09864033524452953, -0.007838815689778492)","(0.1523867886278198, -0.01843785610182699)","(0.20958298325187824, -0.034419491452220174)","(0.27086680744651737, -0.05680761912800356)","(0.33728726323639463, -0.08711558238845636)","(0.4107172850790155, -0.12780354360629848)","(0.49499637705477445, -0.18351156482519135)","(0.6004708236017514, -0.26582420348328617)","(0.8413325592122286, -0.4907107001871663)",0.008221099968068302
0.9964169999999999,"(0.0, 0.0)","(0.047904875443033484, -0.0018873865598817488)","(0.09857885309206033, -0.007865004631957601)","(0.15229041981069658, -0.01849991199258112)","(0.20944550383076807, -0.03453611840138786)","(0.2706783729500908, -0.05700129482510576)","(0.3370329377284176, -0.08741427988162567)","(0.4103742896167022, -0.1282440887547718)","(0.4945279469729608, -0.1841473962737811)","(0.5998072005576817, -0.2667501118737162)","(0.8400958667767181, -0.49243391891164434)",0.005510900053195655
1.0024164999999998,"(0.0, 0.0)","(0.047874779257609565, -0.0018935704581305101)","(0.0985173418149707, -0.007890986050881744)","(0.15219401684620754, -0.018561483367816014)","(0.20930800219941992, -0.03465184794349422)","(0.27048995535117026, -0.057193501962954335)","(0.33677870875259386, -0.08771074656770442)","(0.41003152996630504, -0.1286813966308177)","(0.4940599834882894, -0.18477863954654997)","(0.5991444378474237, -0.2676694843798339)","(0.838861245149701, -0.49414546468806697)",0.006213499931618571
1.008416,"(0.0, 0.0)","(0.047844668606462644, -0.0018997045506837283)","(0.0984558033382823, -0.007916761390057458)","(0.1520975827168927, -0.018622573575725596)","(0.20917048255443188, -0.03476668625628862)","(0.2703015603168932, -0.05738425064484303)","(0.3365245838441861, -0.08800499784391227)","(0.4096890161443144, -0.12911548975956122)","(0.4935925000892494, -0.18540532703447335)","(0.5984825542968323, -0.26858236827200477)","(0.8376287285055096, -0.49584542697971623)",0.006370999966748059
1.0144155,"(0.0, 0.0)","(0.04781454442334991, -0.0019057891882787587)","(0.09839423955397907, -0.007942332087790679)","(0.15200112035213031, -0.01868318595248412)","(0.2090329490133897, -0.03488063949518016)","(0.2701131934004523, -0.05757355093682702)","(0.33627057037593244, -0.08829704904891938)","(0.40934675793565184, -0.12954639057667966)","(0.49312550993140747, -0.18602749099260352)","(0.5978215682376699, -0.26948881060835694)","(0.8363983500468949, -0.4975338948003628)",0.006584699964150786
1.0204149999999998,"(0.0, 0.0)","(0.04778440762665072, -0.001911824720368937)","(0.09833265232235011, -0.007967699577194433)","(0.15190463263026166, -0.018743323822271517)","(0.2088954056179027, -0.034993713793300185)","(0.26992486004523236, -0.057761412867853856)","(0.3360166755635525, -0.08858691546309377)","(0.40900476490093773, -0.12997412142884132)","(0.49265902584705473, -0.18664516354081864)","(0.5971614975207826, -0.2703888582360595)","(0.8351701420280209, -0.49921095671442944)",0.006795799941755831
1.0264144999999998,"(0.0, 0.0)","(0.04775425911956456, -0.0019178114950801277)","(0.0982710434724067, -0.007992865286009586)","(0.15180812237928684, -0.018802990496856964)","(0.20875785633469254, -0.03510591526073656)","(0.269736565586468, -0.05794784642852215)","(0.3357629064682378, -0.08887461230663773)","(0.4086630463802098, -0.130398704571037)","(0.49219306035077454, -0.18725837666009848)","(0.5965023595246673, -0.2712825577861052)","(0.8339441357721289, -0.5008767008339021)",0.006838299916125834
1.032414,"(0.0, 0.0)","(0.04772409979020102, -0.0019237498591578113)","(0.09820941480207442, -0.008017830636385738)","(0.15171159237721651, -0.018862189275088)","(0.2086203050562105, -0.035217249983590555)","(0.26954831525229866, -0.058132861569545995)","(0.3355092699984058, -0.08916015473727029)","(0.4083216114957661, -0.1308201621632435)","(0.4917276256439945, -0.18786716218783606)","(0.5958441711628856, -0.27216995566669394)","(0.8327203616877975, -0.5025312148048661)",0.0065128999995067716
1.0384134999999999,"(0.0, 0.0)","(0.04769393051210761, -0.0019296401579624951)","(0.09814776807928824, -0.008042597044864373)","(0.15161504535381104, -0.018920923442857132)","(0.20848275560314158, -0.035327724023927955)","(0.26936011416721656, -0.058316468201699896)","(0.33525577291434727, -0.08944355785018752)","(0.4079804691583889, -0.13123851627043828)","(0.4912627336233756, -0.18847155181797626)","(0.595186948895714, -0.2730510980636282)","(0.8314988492898328, -0.504174585814467)",0.006486100028268993
1.0444129999999998,"(0.0, 0.0)","(0.04766375214435688, -0.001935482735420794)","(0.09808610504218106, -0.008067165922176201)","(0.1515184839909224, -0.01897919627262928)","(0.20834521172500586, -0.0354373434189068)","(0.26917196735309296, -0.058498676194399406)","(0.335002421829931, -0.08972483667592254)","(0.40763962807010723, -0.1316537888595232)","(0.4907983958852338, -0.18907157709670294)","(0.5945307087373377, -0.2739260309342441)","(0.8302796272150372, -0.5058069005686286)",0.007633800036273897
1.0504125,"(0.0, 0.0)","(0.0476335655311875, -0.0019412779339303607)","(0.09802442739834902, -0.00809153867284517)","(0.15142191092141724, -0.01903701102251204)","(0.20820767709882387, -0.03554611417904782)","(0.2689838797277453, -0.058679495372860366)","(0.3347492232113225, -0.09000400617601725)","(0.4072990967234542, -0.13206600179302494)","(0.49033462372595416, -0.18966726941347978)","(0.5938754662585611, -0.2747947999945832)","(0.8290627232329361, -0.50742824527591)",0.006391800008714199
1.056412,"(0.0, 0.0)","(0.0476033715029954, -0.0019470260944105238)","(0.0979627368269026, -0.008115716695402363)","(0.15132532873238366, -0.019094370936766646)","(0.20807015533361312, -0.03565404228920436)","(0.26879585611090195, -0.05885893551973015)","(0.33449618338466164, -0.09028108124557513)","(0.40695888341120545, -0.13247517683292417)","(0.4898714281543296, -0.19025866000668348)","(0.5932212366027574, -0.27565745072777764)","(0.8278481642710867, -0.5090387056649002)",0.006967799970880151
1.0624114999999998,"(0.0, 0.0)","(0.047573170876323394, -0.0019527275562484553)","(0.09790103497845129, -0.008139701382162436)","(0.15122873996515854, -0.01915127924528509)","(0.207932649970554, -0.03576113370759468)","(0.2686079012246641, -0.05903700637350795)","(0.33424330853706385, -0.09055607671087283)","(0.40661899622828607, -0.1328813356372107)","(0.4894088198949519, -0.1908457799587573)","(0.5925680344918162, -0.27651402837720457)","(0.8266359764291389, -0.5106383669688124)",0.006240199902094901
1.0684109999999998,"(0.0, 0.0)","(0.04754296445378202, -0.001958382657239296)","(0.09783932347494699, -0.008163494118974537)","(0.15113214711513515, -0.019207739163006665)","(0.20779516448285473, -0.0358673943647198)","(0.2684200196935841, -0.05921371762677503)","(0.33399060471715025, -0.09082900732667729)","(0.4062794430731162, -0.13328449975600376)","(0.48894680939095336, -0.1914286601907363)","(0.591915874231351, -0.27736457793872143)","(0.8254261849920014, -0.5122273139135562)",0.006926400004886091
1.0744105,"(0.0, 0.0)","(0.047512753024289846, -0.0019639917335621112)","(0.09777760391018561, -0.008187096285123149)","(0.15103555263258484, -0.01926375388968857)","(0.20765770227699354, -0.03597283016294459)","(0.26823221604648756, -0.05938907892552294)","(0.333738077837686, -0.09109988777525244)","(0.40594023165141657, -0.13368469063015864)","(0.4884854068095303, -0.19200733146035345)","(0.5912647697189671, -0.2782091441581092)","(0.8242188144462942, -0.5138056307020319)",0.006775600020773709
1.0804099999999999,"(0.0, 0.0)","(0.04748253736400241, -0.0019695551198321984)","(0.09771587785172832, -0.008210509253548654)","(0.15093895892566056, -0.019319326610431616)","(0.2075202666969302, -0.036077446977494626)","(0.26804449472205755, -0.059563099870827696)","(0.3334857336827635, -0.09136873266897667)","(0.4056013694853139, -0.13408192959518994)","(0.4880246220534707, -0.19258182436780963)","(0.5906147344591431, -0.27904777153966154)","(0.823013888503901, -0.5153734010634641)",0.007231099996715784
1.0864094999999998,"(0.0, 0.0)","(0.04745231823521787, -0.0019750731489365085)","(0.09765414683865072, -0.008233734390159321)","(0.15084236835698028, -0.019374460494058804)","(0.20738286101957615, -0.036181250653426436)","(0.2678568600633263, -0.05973579001385019)","(0.33323357790155167, -0.09163555654268597)","(0.4052628639067269, -0.13447623787006438)","(0.48756446475479437, -0.19315216933973403)","(0.589965781558257, -0.2798805043230531)","(0.8218114301036611, -0.516930708176707)",0.006401700084097683
1.092409,"(0.0, 0.0)","(0.04742209638740924, -0.0019805461521000944)","(0.09759241238367691, -0.008256773054110838)","(0.15074578324695678, -0.019429158693779924)","(0.20724548845944565, -0.036284247006883805)","(0.2676693163238099, -0.05990715885793916)","(0.33298161601613396, -0.09190037385694934)","(0.4049247220672185, -0.13486763656209091)","(0.4871049442870961, -0.19371839663634527)","(0.5893179237403136, -0.2807073864939498)","(0.8206114614356499, -0.5184776346948735)",0.007381499977782369
1.0984085,"(0.0, 0.0)","(0.04739187255771795, -0.0019859744588967445)","(0.09753067597420234, -0.00827962659785202)","(0.1506492058754178, -0.019483424347303692)","(0.20710815217097558, -0.03638644182531798)","(0.26748186767068055, -0.06007721585901676)","(0.332729853425751, -0.09216319899870166)","(0.40458695094362596, -0.1352561466679199)","(0.48664606977305935, -0.19428053635300438)","(0.5886711733572667, -0.2815284617864656)","(0.8194140039593518, -0.5200142627741776)",0.007185499998740852
1.1044079999999998,"(0.0, 0.0)","(0.04736164747035392, -0.001991358397141998)","(0.097468939071063, -0.008302296366677663)","(0.15055263847975497, -0.019537260575784494)","(0.2069708552461231, -0.03648784086552203)","(0.2672945181819465, -0.060245970422340575)","(0.3324782954037858, -0.09242404627629511)","(0.4042495573352032, -0.1356417890663207)","(0.48618785008232246, -0.19483861840991507)","(0.5880255423886468, -0.28234377366837365)","(0.8182190784101099, -0.5215406740246481)",0.007392699946649373
1.1104074999999998,"(0.0, 0.0)","(0.04733142183706344, -0.00199669829290341)","(0.09740720310950357, -0.008324783698772447)","(0.15045608325645862, -0.01959067048392968)","(0.2068336007165659, -0.03658844985384098)","(0.26710727184946653, -0.060413431902871115)","(0.33222694710180434, -0.09268292992010185)","(0.4039125478689973, -0.13602458451913296)","(0.48573029383867566, -0.19539267255360496)","(0.5873810424514833, -0.2831533653434535)","(0.817026704816694, -0.5230569495201275)",0.007068799925036728
1.116407,"(0.0, 0.0)","(0.04730119635742203, -0.0020019944704935773)","(0.097345469499787, -0.00834708992518255)","(0.1503595423620971, -0.019643657159935674)","(0.2066963915551461, -0.03668827448606088)","(0.266920132581, -0.06057960960510673)","(0.33197581355242206, -0.09293986408229558)","(0.40357592900384204, -0.1364045536710099)","(0.485273409425669, -0.19594272835666468)","(0.586737684808429, -0.28395727975130375)","(0.8158369025167751, -0.5245631698044974)",0.0071647000731900334
1.1224064999999999,"(0.0, 0.0)","(0.04727097171909844, -0.002007247252461617)","(0.0972837396277441, -0.008369216369780684)","(0.150263017914206, -0.019696223675408527)","(0.2065592306771892, -0.0367873204272681)","(0.266733104202095, -0.06074451278286909)","(0.3317248996719663, -0.09319486283655716)","(0.40323970703409995, -0.1367817170490472)","(0.48481720499191333, -0.19648881521732228)","(0.5860954803755128, -0.28475555956691656)","(0.8146496901718694, -0.5260594148824042)",0.006906700087711215
1.1284059999999998,"(0.0, 0.0)","(0.04724074859782106, -0.0020124569595530908)","(0.09722201485470759, -0.00839116434909884)","(0.15016651199122621, -0.019748373084971335)","(0.20642212094052623, -0.03688559331112118)","(0.26654619045632943, -0.06090815063811374)","(0.3314742102611417, -0.0934479401762771)","(0.4029038880910642, -0.13715609506019819)","(0.48436168845371486, -0.19703096235582296)","(0.5854544397269206, -0.2855482471955997)","(0.8134650857789857, -0.5275457642202713)",0.008536499924957752
1.1344055,"(0.0, 0.0)","(0.04721052765741419, -0.0020176239106788826)","(0.09716029651759187, -0.008412935172198382)","(0.15007002663266822, -0.0198001084259598)","(0.20628506514582384, -0.03698309873928725)","(0.2663593950059379, -0.06107053232001297)","(0.3312237500061577, -0.09369911001317723)","(0.40256847814489116, -0.13752770798930283)","(0.4839068674982965, -0.19756919881169302)","(0.5848145731003987, -0.28633538476918124)","(0.8122831066828582, -0.5290222967355224)",0.007904500002041459
1.140405,"(0.0, 0.0)","(0.047180309550914255, -0.002022748423004972)","(0.09709858593119981, -0.008434530141046826)","(0.14997356384270027, -0.019851432719315713)","(0.20614806604156713, -0.03707984228312603)","(0.26617272143833354, -0.06123166692776548)","(0.330973523486972, -0.09394838618167219)","(0.4022334830148193, -0.13789657600557723)","(0.48345274959637574, -0.1981035534532066)","(0.5841758904129142, -0.287117014159983)","(0.8111037695990022, -0.530489090808674)",0.006369300070218742
1.1464044999999998,"(0.0, 0.0)","(0.04715009491898155, -0.002027830811743923)","(0.09703688438494917, -0.008455950549644271)","(0.14987712558515065, -0.019902348967523513)","(0.2060111263173654, -0.037175829479825374)","(0.26598617325782475, -0.061391563504204064)","(0.33072353516763686, -0.09419578242905487)","(0.4018989083585105, -0.1382627191482089)","(0.48299934199110384, -0.198634054956711)","(0.5835384012502917, -0.28789317695090383)","(0.8099270906089041, -0.5319462242824275)",0.005616600043140352
1.152404,"(0.0, 0.0)","(0.04711988439184556, -0.002032871390339209)","(0.09697519314689093, -0.00847719768479632)","(0.14978071378972854, -0.019952860156440315)","(0.2058742486125116, -0.03727106583584163)","(0.2657997538966632, -0.061550231041517314)","(0.33047378940999955, -0.09444131242434303)","(0.40156475968861016, -0.13862615733945374)","(0.48254665171778394, -0.19916073182562277)","(0.5829021148906567, -0.2886639144632657)","(0.8087530851911532, -0.5333937744247194)",0.006587499985471368
1.1584035,"(0.0, 0.0)","(0.04708967858858533, -0.0020378704703553014)","(0.09691351346222637, -0.008498272825653606)","(0.14968433034977946, -0.02000296925420894)","(0.205737435513028, -0.037365556824866863)","(0.2656134667114928, -0.06170767847789378)","(0.3302242904697568, -0.0946849897531411)","(0.4012310423687218, -0.13898691037712113)","(0.4820946856002807, -0.19968361237969037)","(0.5822670403022252, -0.28942926774136296)","(0.8075817682251129, -0.5348318175848131)",0.0063053000485524535
1.1644029999999999,"(0.0, 0.0)","(0.047059478117275365, -0.0020428283614648333)","(0.09685184655361359, -0.008519177243658154)","(0.14958797712279331, -0.02005267921113276)","(0.20560068955245417, -0.037459307887600116)","(0.26542731498454153, -0.061863914697157664)","(0.3299750424982318, -0.09492682791710885)","(0.4008977616160493, -0.13934499793384858)","(0.4816434502549617, -0.20020272475404716)","(0.5816331861493507, -0.2901892775512649)","(0.8064131540033153, -0.5362604310996236)",0.007798600010573864
1.1704024999999998,"(0.0, 0.0)","(0.04702928357580152, -0.002047745371511891)","(0.09679019362285284, -0.008539912202808822)","(0.14949165593303346, -0.020101992960305456)","(0.2054640132155158, -0.03755232443293511)","(0.26524130192845674, -0.06201894853075367)","(0.3297260495485478, -0.09516684033705135)","(0.4005649225091431, -0.1397004395617122)","(0.4811929521003813, -0.2007180969059656)","(0.5810005608048238, -0.29094398439083646)","(0.805247256250319, -0.5376796894651156)",0.006189899984747171
1.176402,"(0.0, 0.0)","(0.04699909555089306, -0.002052621806376717)","(0.09672855584889227, -0.00856047895909407)","(0.14939536856850313, -0.020150913416270514)","(0.20532740893409332, -0.03764461183545025)","(0.26505543068138454, -0.06217278875359728)","(0.32947731557001286, -0.0954050403465524)","(0.4002325299819133, -0.140053254682897)","(0.48074319735144344, -0.20122975660149123)","(0.5803691723451441, -0.29169342847044494)","(0.8040840881235333, -0.5390896681388658)",0.0072237999411299825
1.1824014999999999,"(0.0, 0.0)","(0.04696891461943294, -0.002057457970096865)","(0.0966669343905357, -0.008580878760999886)","(0.14929911678514637, -0.020199443476224287)","(0.20519087909302422, -0.03773617543767177)","(0.26486970431450096, -0.062325444087843115)","(0.3292288444175363, -0.09564144119781152)","(0.3999005888351308, -0.14040346259835682)","(0.48029419203329143, -0.20173773142803839)","(0.5797390285673649, -0.29243764973148945)","(0.802923662236638, -0.5404904416546046)",0.00689990003593266
1.1884009999999998,"(0.0, 0.0)","(0.046938741347897085, -0.002062254164779422)","(0.09660533038528649, -0.00860111284914163)","(0.14920290230510241, -0.02024758601914615)","(0.2050544260278201, -0.03782702054844643)","(0.2646841258292986, -0.062476923200198216)","(0.32898063984866666, -0.09587605605753136)","(0.3995691037335128, -0.14075108248180385)","(0.4798459419789073, -0.20224204878581284)","(0.5791101369880729, -0.2931766878340787)","(0.8017659906641195, -0.5418820839932093)",0.00695760000962764
1.1944005,"(0.0, 0.0)","(0.04690857629281247, -0.0020670106906288646)","(0.0965437449502978, -0.008621182456380671)","(0.14910672681820109, -0.02029534390607563)","(0.20491805202678692, -0.037917152443466176)","(0.264498698160448, -0.06262723470280591)","(0.3287327055273579, -0.09610889800830748)","(0.3992380792106239, -0.1410961333818113)","(0.479398452835519, -0.20274273589094027)","(0.5784825048519794, -0.29391058216176447)","(0.8006110849557971, -0.543264668583536)",0.005877100047655404
1.2004,"(0.0, 0.0)","(0.04687842000081375, -0.0020717278459305515)","(0.0964821791824904, -0.008641088807754917)","(0.14901059198217564, -0.02034271997994883)","(0.20478175933140075, -0.038006576364966044)","(0.2643134241764449, -0.06277638715275648)","(0.32848504502505504, -0.09633998004790127)","(0.3989075196706558, -0.14143863422079264)","(0.47895173006746644, -0.20323981977408778)","(0.5778561391366089, -0.29463937181970523)","(0.7994589561471606, -0.5446382683008003)",0.008703499916009605
1.2063994999999998,"(0.0, 0.0)","(0.04684827300877179, -0.0020764059270433582)","(0.09642063415882073, -0.00866083312044764)","(0.14891449942310744, -0.020389717065525448)","(0.2046455501369965, -0.03809529752159125)","(0.2641283066806522, -0.06292438905187892)","(0.32823766182225117, -0.09656931508894492)","(0.39857742939074037, -0.1417786037946175)","(0.4785057789596576, -0.20373332728000168)","(0.5772310465576066, -0.29536309563416174)","(0.7983096147702617, -0.5460029554741782)",0.007205300033092499
1.2123989999999998,"(0.0, 0.0)","(0.04681813584418209, -0.0020810452284228073)","(0.09635911093708481, -0.00868041660388412)","(0.1488184507366935, -0.020436337969618287)","(0.20450942659457386, -0.0381833210888322)","(0.2639433484137524, -0.06307124884747455)","(0.3279905593117402, -0.09679691596009875)","(0.3982478125252274, -0.1421160607743693)","(0.47806060462321726, -0.2042232850701361)","(0.5766072335764061, -0.2960817921564992)","(0.7971630708669398, -0.5473588018811021)",0.006072700023651123
1.2183985,"(0.0, 0.0)","(0.046788009024969435, -0.0020856460425787778)","(0.09629761055551755, -0.0086998404595539)","(0.14872244748765964, -0.020482585480672947)","(0.2043733908100815, -0.03827065220823921)","(0.2637585520530033, -0.0632169749310249)","(0.3277437407980088, -0.09702279540408393)","(0.39791867310546414, -0.1424510237034917)","(0.47761621199605997, -0.20470971961862425)","(0.5759847064023355, -0.29679549965747964)","(0.7960193339962027, -0.5487058787510987)",0.006475200061686337
1.2243979999999999,"(0.0, 0.0)","(0.046757893059718204, -0.0020902086600823465)","(0.09623613403326954, -0.00871910588103895)","(0.14862649121052474, -0.020528462368834963)","(0.2042374448455345, -0.03835729598755206)","(0.26357392021381476, -0.06336157563841775)","(0.3274972094994219, -0.09724696607805507)","(0.3975900150428153, -0.14278351099838701)","(0.4771726058470933, -0.20519265721322902)","(0.5753634709986613, -0.2975042561288126)","(0.7948784132455948, -0.5500442567674416)",0.0060409000143408775
1.2303974999999998,"(0.0, 0.0)","(0.046727788447940156, -0.0020947333695778806)","(0.09617468237096159, -0.008738214054063916)","(0.14853058341048184, -0.020573971386068923)","(0.2041015907202915, -0.03844325750092713)","(0.2633894554515198, -0.06350505925033398)","(0.32725096855063834, -0.09746944055422134)","(0.39726184213193916, -0.14311354094937973)","(0.47672979078069744, -0.20567212395682344)","(0.5747435330888954, -0.29820809928547487)","(0.7937403172427264, -0.5513740060305345)",0.006802599993534386
1.236397,"(0.0, 0.0)","(0.04669769568017693, -0.002099220457777262)","(0.09611325655089932, -0.008757166156471327)","(0.1484347255637572, -0.020619115266100038)","(0.20396583041161817, -0.03852854178883059)","(0.263205160262244, -0.06364743399208113)","(0.32700502100393175, -0.09769023131961266)","(0.39693415805278337, -0.14344113172041761)","(0.4762877712397451, -0.20614814576704427)","(0.5741248981614925, -0.2989070665653687)","(0.7926050541650466, -0.5526951961456831)",0.0066535999067127705
1.2423965,"(0.0, 0.0)","(0.046667615238523745, -0.0021036702095032184)","(0.09605185753815465, -0.008775963358402819)","(0.14833891911930158, -0.02066389672484312)","(0.20383016585706154, -0.038613153858847477)","(0.2630210370860594, -0.06378870803494609)","(0.3267593698332607, -0.09790935077818923)","(0.39660696637576326, -0.14376630135223198)","(0.47584655151218275, -0.20662074838094438)","(0.5735075714783792, -0.2996011951362667)","(0.7914726317534239, -0.554007896162344)",0.007060900097712874
1.2483959999999998,"(0.0, 0.0)","(0.04663754759552601, -0.002108082907546331)","(0.0959904862782896, -0.008794606821698425)","(0.14824316549531574, -0.02070831845898044)","(0.20369459894980096, -0.03869709868301269)","(0.26283708830125196, -0.06392888949177292)","(0.326514017927625, -0.09812681124404261)","(0.3962802705544962, -0.14408906775234676)","(0.47540613572362295, -0.2070899573406394)","(0.5728915580682836, -0.3002905218750274)","(0.7903430573101773, -0.5553121745425549)",0.006299100001342595
1.2543954999999998,"(0.0, 0.0)","(0.046607493215761846, -0.002112458832831649)","(0.0959291437006254, -0.008813097700595058)","(0.14814746608430548, -0.020752383147615048)","(0.20355913154559171, -0.03878038120091931)","(0.2626533162332516, -0.06406798642213277)","(0.32626896810208644, -0.09834262494939154)","(0.3959540739390313, -0.14440944870692396)","(0.47496652785294236, -0.20755579801050575)","(0.5722768627450047, -0.300975083392841)","(0.7892163377223979, -0.5566080992991606)",0.007466900045983493
1.260395,"(0.0, 0.0)","(0.04657745255525536, -0.0021167982643367465)","(0.0958678307170325, -0.008831437141381876)","(0.14805182225124777, -0.020796093451454695)","(0.20342376546034133, -0.03886300631818776)","(0.26246972315170897, -0.06420600682979088)","(0.32602422309449985, -0.09855680404069606)","(0.39562837977248405, -0.1447274618750713)","(0.4745277317292238, -0.20801829556903673)","(0.5716634901054055, -0.30165491602350053)","(0.7880924794645343, -0.5578957377805108)",0.0073216999880969524
1.2663944999999999,"(0.0, 0.0)","(0.046547426061749046, -0.0021211014791090977)","(0.09580654822249304, -0.008849626282472432)","(0.14795623533447924, -0.020839452012982165)","(0.20328850247138802, -0.038944978906788004)","(0.26228631127225266, -0.06434295866324966)","(0.3257797855678801, -0.09876936057951571)","(0.39530319119420376, -0.14504312479015113)","(0.47408975103602374, -0.2084774750108135)","(0.5710514445353352, -0.30233005582642763)","(0.7869714886089638, -0.559175156883581)",0.006380999926477671
1.2723939999999998,"(0.0, 0.0)","(0.04651741417469524, -0.002125368752251962)","(0.09574529709508615, -0.008867666254344595)","(0.14786070664570009, -0.02088246145631255)","(0.20315334431757326, -0.0390263038047731)","(0.2621030827567182, -0.06447884981531414)","(0.3255356581109232, -0.09898030654185884)","(0.3949785112407933, -0.14535645485886092)","(0.4736525893132165, -0.208933361145254)","(0.5704407302128994, -0.3030005385849943)","(0.7858533708337945, -0.5604464229377049)",0.006074200035072863
1.2783935,"(0.0, 0.0)","(0.04648741732549797, -0.002129600356939683)","(0.09568407819648715, -0.008885558179603875)","(0.14776523747076545, -0.02092512438734255)","(0.2030182927003834, -0.03910698581656141)","(0.2619200397147276, -0.06461368812356819)","(0.32529184324014904, -0.0991896538189366)","(0.3946543428489998, -0.14566746936238603)","(0.4732162499609237, -0.209385978598356)","(0.5698313511139645, -0.3036663998092119)","(0.784738131432838, -0.5617096017429553)",0.006553799961693585
1.284393,"(0.0, 0.0)","(0.04645743593784706, -0.0021337965644446545)","(0.09562289237265824, -0.008903303173095758)","(0.14766982907077136, -0.020967443394015847)","(0.20288334928549115, -0.03918702971343689)","(0.2617371842057701, -0.0647474813712127)","(0.3250483434026425, -0.09939741421847538)","(0.39433068885929173, -0.14597618545837862)","(0.47278073624419586, -0.20983535181563384)","(0.5692233110184441, -0.30432767474016553)","(0.7836257753262522, -0.5629647585651498)",0.0071810000808909535
1.2903924999999998,"(0.0, 0.0)","(0.046427470427339246, -0.002137957644081922)","(0.09556174045306798, -0.008920902341672142)","(0.14757448268087794, -0.02100942104576919)","(0.20274851570121954, -0.039266440232509275)","(0.26155451823738946, -0.06488023728534541)","(0.3248051609741026, -0.09960359946208017)","(0.3940075520139884, -0.1462826201771016)","(0.4723460512915802, -0.21028150505661733)","(0.5686166135099616, -0.3049843983421194)","(0.7825163070644914, -0.5642119581367115)",0.00793819990940392
1.2963919999999998,"(0.0, 0.0)","(0.04639752120235792, -0.002142083863301024)","(0.09550062325250722, -0.008938356784576012)","(0.14747919951312516, -0.021051059894442597)","(0.2026137935424305, -0.03934522207842597)","(0.2613720437702281, -0.0650119635398113)","(0.3245622982651412, -0.09980822118965187)","(0.393684934964943, -0.14658679042799044)","(0.4719121981043743, -0.21072446240441414)","(0.5680112619870235, -0.3056366053166244)","(0.7814097308436483, -0.5654512646696238)",0.008696799981407821
1.3023915,"(0.0, 0.0)","(0.04636758866307202, -0.002146175487558946)","(0.09543954156902461, -0.008955667592906945)","(0.1473839807532781, -0.021092362473012386)","(0.20247918436630077, -0.03942337992099156)","(0.2611897627128108, -0.06514266775125373)","(0.3243197575152288, -0.1000112909533093)","(0.3933628402669073, -0.14688871299071346)","(0.4714791795498377, -0.21116424775285086)","(0.5674072596568641, -0.3062843300838709)","(0.7803060505034831, -0.566682741829869)",0.0073370999889448285
1.3083909999999999,"(0.0, 0.0)","(0.046337673202943706, -0.0021502327804868494)","(0.09537849618703836, -0.008972835850320193)","(0.1472888275656376, -0.02113333129724608)","(0.20234468969891586, -0.03950091839827933)","(0.2610076769300031, -0.06527235748429042)","(0.32407754090309016, -0.1002128202253952)","(0.39304127038994097, -0.14718840452703286)","(0.47104699837570635, -0.21160088482370046)","(0.5668046095522365, -0.3069276068079914)","(0.7792052695481423, -0.5679064527837285)",0.007002700003795326
1.3143904999999998,"(0.0, 0.0)","(0.04630777520756239, -0.0021542560037445583)","(0.09531748787493063, -0.008989862632414556)","(0.1471937410893582, -0.021173968864251245)","(0.20221031103032816, -0.039577842113903916)","(0.2608257882368841, -0.06540104024698741)","(0.32383565053954705, -0.10041282039150584)","(0.39272022771148707, -0.1474858815705441)","(0.47061565720193965, -0.2120343971519083)","(0.5662033145236445, -0.3075664693756075)","(0.7781073911424625, -0.5691224601550222)",0.008577300002798438
1.32039,"(0.0, 0.0)","(0.046277895055481084, -0.0021582454171099777)","(0.09525651738677365, -0.009006749007106796)","(0.14709872244112568, -0.021214277653361202)","(0.2020760498182507, -0.03965415563868681)","(0.2606440984035324, -0.06552872349363163)","(0.3235940884734867, -0.10061130275478666)","(0.39239971452363903, -0.14778116053305518)","(0.4701851585294568, -0.2124648080948882)","(0.5656033772498553, -0.30820095140954346)","(0.7770124181262968, -0.5703308260533457)",0.007626599981449544
1.3263894999999999,"(0.0, 0.0)","(0.04624803311836843, -0.0021622012784893153)","(0.0951955854626461, -0.0090234960346734)","(0.14700377271566348, -0.021254260126232907)","(0.2019419074888022, -0.039729863510840686)","(0.2604626091560827, -0.06565541462504237)","(0.3233528566933377, -0.1008082785364289)","(0.3920797330351976, -0.14807425770535576)","(0.469755504743023, -0.2128921408337015)","(0.5650048002420847, -0.3088310862706786)","(0.7759203530224712, -0.5715316120799415)",0.007010600063949823
1.3323889999999998,"(0.0, 0.0)","(0.046218189760599784, -0.0021661238438612064)","(0.09513469282778668, -0.00904010476751482)","(0.14690889298444976, -0.021293918726286724)","(0.2018078854348188, -0.03980497023491624)","(0.26028132217470507, -0.06578112098682604)","(0.3231119571248428, -0.10100375887298878)","(0.3917602853694362, -0.14836518925328732)","(0.4693266981093372, -0.21331641836743714)","(0.5644075858430064, -0.3094569070498592)","(0.7748311980396175, -0.5727248793089218)",0.007681100047193468
1.3383884999999998,"(0.0, 0.0)","(0.0461883653402805, -0.0021700133673907183)","(0.09507384019470935, -0.009056576250633084)","(0.14681408429899118, -0.0213332558798371)","(0.20167398502035494, -0.039879480283928154)","(0.26010023909940205, -0.06590584987291398)","(0.32287139163822703, -0.10119775482186588)","(0.3914413735727288, -0.1486539712258725)","(0.4688987407872371, -0.21373766352503887)","(0.5638117362387562, -0.3100784465853141)","(0.7737449550876305, -0.5739106883229467)",0.0075237000128254294
1.344388,"(0.0, 0.0)","(0.04615856020795187, -0.0021738701012696676)","(0.09501302826052987, -0.009072911520959884)","(0.14671934768672754, -0.02137227399449853)","(0.20154020757517366, -0.0399533980963574)","(0.2599193615231566, -0.06602960852058411)","(0.3226311620401534, -0.10139027735362753)","(0.3911229996055781, -0.14894061954400153)","(0.4684716348182432, -0.2141558989489938)","(0.5632172534498118, -0.31069573743892576)","(0.7726616257724491, -0.5750890991681091)",0.008141999947838485
1.3503874999999999,"(0.0, 0.0)","(0.0461287747079892, -0.002177694295876)","(0.09495225770985388, -0.00908911160802481)","(0.14662468415549482, -0.021410975460767655)","(0.20140655440086017, -0.04002672807912622)","(0.2597386909997609, -0.06615240411540954)","(0.3223912700833269, -0.10158133735966518)","(0.3908051653540442, -0.14922515001177877)","(0.4680453821398688, -0.2145711471118167)","(0.562624139346281, -0.31130881192045345)","(0.771581211414554, -0.5762601714010107)",0.006397800054401159
1.3563869999999998,"(0.0, 0.0)","(0.04609900917820071, -0.0021814861997207563)","(0.0948915292139485, -0.00910517753373132)","(0.14653009469226705, -0.021449362651490916)","(0.20127302676916345, -0.04009947460659626)","(0.2595582290418259, -0.06627424378959755)","(0.3221517174642867, -0.10177094564964176)","(0.39048787262750845, -0.14950757831278014)","(0.4676199845836584, -0.21498343031069236)","(0.562032395646783, -0.3119177020798177)","(0.7705037130513921, -0.5774239640736015)",0.007161900051869452
1.3623865,"(0.0, 0.0)","(0.046069263950052355, -0.0021852460594696337)","(0.09483084343120704, -0.009121110312446104)","(0.146435580263889, -0.021487437922074512)","(0.20113962592304072, -0.04017164202096336)","(0.25937797712220134, -0.06639513462264887)","(0.3219125058252964, -0.10195911295252284)","(0.3901711231611696, -0.14978792001160635)","(0.46719544387850137, -0.21539277066978416)","(0.5614420239229672, -0.31252243971059346)","(0.7694291314452203, -0.5785805357403376)",0.006486899917945266
1.3683859999999999,"(0.0, 0.0)","(0.046039539348378324, -0.002188974119903584)","(0.0947702010065498, -0.009136910950832178)","(0.14634114181617142, -0.021525203610087112)","(0.20100635307547693, -0.04024323463150907)","(0.2591979366725853, -0.0665150836401167)","(0.3216736367528521, -0.10214584991467054)","(0.3898549186146249, -0.15006619055109283)","(0.46677176164957135, -0.21579919013625098)","(0.5608530255993336, -0.31312305634429416)","(0.7683574670863613, -0.5797299444480042)",0.007473799982108176
1.3743854999999998,"(0.0, 0.0)","(0.04600983569201915, -0.0021926706239904933)","(0.09470960257274308, -0.00915258044814878)","(0.14624678027593607, -0.021562662035968943)","(0.2008732094123101, -0.040314256715933895)","(0.2590181090871899, -0.06663409781582608)","(0.3214351117822634, -0.1023311671032843)","(0.38953926057746263, -0.15034240525742437)","(0.46634893942506783, -0.21620271048770998)","(0.5602654019613793, -0.3137195832614017)","(0.7672887202044001, -0.5808722477560836)",0.0065128999995067716
1.3803849999999998,"(0.0, 0.0)","(0.04598015329359814, -0.0021963358128545252)","(0.09464904874993667, -0.009168119796121229)","(0.14615249655032123, -0.021599815502721408)","(0.20074019609133353, -0.04038471251977235)","(0.25883849572170275, -0.0667521840709042)","(0.32119693239657665, -0.10251507500491344)","(0.38922415056831106, -0.15061657933796307)","(0.46592697863565435, -0.2166033533291456)","(0.5596791541559167, -0.3143120514869546)","(0.7662228907717723, -0.5820075027329151)",0.007230999995954335
1.3863845,"(0.0, 0.0)","(0.045950492459954646, -0.0021999699258243915)","(0.09458854014655897, -0.009183529979142416)","(0.14605829152817384, -0.021636666296383056)","(0.2006073142442318, -0.04045460625728742)","(0.2586590978958256, -0.06686934927527038)","(0.32095910002979444, -0.10269758402777052)","(0.3889095900388431, -0.1508887278846951)","(0.4655058806194075, -0.2170011400979576)","(0.5590942831972556, -0.3149004917980426)","(0.7651599785129065, -0.5831357659608335)",0.006248399964533746
1.3923839999999998,"(0.0, 0.0)","(0.045920853491544865, -0.002203573200358183)","(0.09452807735807824, -0.009198811973955548)","(0.14596416607815896, -0.021673216685275207)","(0.20047456497405836, -0.04052394211004992)","(0.2584799168901803, -0.06698560024527536)","(0.32072161606332394, -0.1028787044980927)","(0.3885955803699582, -0.1511588658688748)","(0.46508564661804874, -0.21739609205625368)","(0.5585107899640667, -0.3154849347126285)","(0.7640999829044244, -0.584257093527075)",0.007340600015595555
1.3983834999999998,"(0.0, 0.0)","(0.04589123668336624, -0.0022071458721513184)","(0.09446766096891268, -0.009213966750106444)","(0.14587012105171324, -0.021709468921072533)","(0.20034194935928878, -0.04059272422895164)","(0.25830095395151736, -0.06710094374705158)","(0.3204844818323941, -0.10305844666532969)","(0.38828212287946706, -0.15142700814872256)","(0.46466627778596664, -0.21778823030205305)","(0.5579286752098777, -0.31606541050605336)","(0.7630429031882455, -0.5853715410463715)",0.007055700058117509
1.404383,"(0.0, 0.0)","(0.04586164232442389, -0.002210688175069915)","(0.09440729155132713, -0.00922899526966209)","(0.14577615728136248, -0.021745425238133654)","(0.20020946845157864, -0.04066095673294405)","(0.25812221028997173, -0.06721538649441731)","(0.32024769862291996, -0.10323682069891348)","(0.3879692188187424, -0.1516931694646699)","(0.4642477751869526, -0.21817757576244864)","(0.5573479395604388, -0.3166419492011253)","(0.7619887383721495, -0.5864791636472286)",0.0074056999292224646
1.4103824999999999,"(0.0, 0.0)","(0.04583207069823501, -0.0022142003412091603)","(0.09434696966647482, -0.009243898487454615)","(0.14568227558233768, -0.021781087854077525)","(0.20007712327799979, -0.04072864371012182)","(0.25794368708197307, -0.06732893515068002)","(0.320011267675151, -0.10341383669105472)","(0.3876568693771947, -0.15195736444352081)","(0.4638301397996318, -0.21856414919968525)","(0.5567685835203462, -0.317214580577119)","(0.7609374872390524, -0.5875800159877153)",0.006568899960257113
1.4163819999999998,"(0.0, 0.0)","(0.045802522082698055, -0.002217682600875668)","(0.09428669586412673, -0.009258677351005662)","(0.1455884767521733, -0.02181645896960209)","(0.19994491484053423, -0.04079578921737952)","(0.2577653854696899, -0.06744159632806716)","(0.3197751901831569, -0.1035895046558717)","(0.3873450756819387, -0.15221960759718464)","(0.46341337251753534, -0.21894797120937168)","(0.5561906074739346, -0.317783334167255)","(0.7598891483507978, -0.5886741522512623)",0.008941999985836446
1.4223815,"(0.0, 0.0)","(0.0457729967504683, -0.0022211351826312725)","(0.0942264706834473, -0.009273332800709133)","(0.14549476157191354, -0.021851540768915503)","(0.1998128441177523, -0.04086239728122175)","(0.2575873065632316, -0.06755337658907505)","(0.3195394672976194, -0.10376383453148383)","(0.38703383880126685, -0.15247991332579655)","(0.46299747415339393, -0.21932906222505166)","(0.5556140116906472, -0.3183482392654912)","(0.7588437200560972, -0.589761626158796)",0.007113099913112819
1.428381,"(0.0, 0.0)","(0.04574349496823586, -0.002224558313204167)","(0.09416629465150103, -0.009287865769456078)","(0.14540113080382763, -0.021886335418844074)","(0.19968091206174954, -0.04092847189608207)","(0.257409451436861, -0.06766428244367236)","(0.31930410012143273, -0.10393683617569506)","(0.38672315973982907, -0.1527382959113501)","(0.4625824454342136, -0.21970744250901747)","(0.5550387963205916, -0.31890932491315377)","(0.7578012004892315, -0.5908424909482628)",0.007736300001852214
1.4343804999999998,"(0.0, 0.0)","(0.04571401699805144, -0.0022279522176484705)","(0.0941061682859923, -0.00930227718330416)","(0.1453075851956386, -0.021920845070418197)","(0.19954911960392507, -0.040994017027306394)","(0.2572318211363681, -0.06777432035426531)","(0.3190690897186959, -0.10410851937367943)","(0.38641303944924243, -0.1529947695290923)","(0.4621682870134744, -0.22008313216887587)","(0.5544649614082734, -0.31946661992330244)","(0.7567615875856846, -0.591916799411222)",0.007898900075815618
1.4403799999999998,"(0.0, 0.0)","(0.04568456309627951, -0.002231317119216517)","(0.09404609209310079, -0.009316567960939213)","(0.14521412547720422, -0.021955071857592674)","(0.19941746765051288, -0.04105903660874199)","(0.2570544166735065, -0.06788349673168617)","(0.3188344371081767, -0.10427889383178414)","(0.38610347882079715, -0.15324934823837194)","(0.46175499946344273, -0.22045615114432224)","(0.5538925068851877, -0.3200201528614395)","(0.7557248790779679, -0.5929846038684693)",0.007693000021390617
1.4463795,"(0.0, 0.0)","(0.045655133514370505, -0.0022346532394520876)","(0.09398606656907726, -0.009330739014065796)","(0.1451207523629856, -0.021989017898170957)","(0.1992859570859697, -0.04112353454447522)","(0.25687723903034415, -0.06799181793808541)","(0.3186001432686695, -0.10444796918200965)","(0.3857944786918672, -0.15350204598928954)","(0.4613425832826884, -0.22082651921682517)","(0.5533214325785422, -0.3205699520597877)","(0.7546910725064415, -0.5940459561901897)",0.008200099924579263
1.4523789999999999,"(0.0, 0.0)","(0.04562572849872676, -0.002237960798173813)","(0.09392609219996481, -0.009344791247335905)","(0.14502746655162888, -0.022022685293633708)","(0.19915458877244102, -0.041187514708506734)","(0.25670028915866444, -0.06809929028639132)","(0.3183662091384095, -0.10461575498117953)","(0.3854860398454646, -0.15375287662148795)","(0.460931038895984, -0.2211942560079158)","(0.5527517382118772, -0.3211160456148712)","(0.7536601652225178, -0.595100907792179)",0.006389899994246662
1.4583784999999998,"(0.0, 0.0)","(0.04559634829073259, -0.0022412400134788975)","(0.09386616946166101, -0.009358725558363173)","(0.14493426872607273, -0.02205607612917005)","(0.1990233635499432, -0.04125098094480798)","(0.25652356798026743, -0.06820592004040407)","(0.31813263561556676, -0.10478226071109231)","(0.3851781630110343, -0.15400185386439522)","(0.46052036665557133, -0.22155938097957895)","(0.5521834234071215, -0.32165846138816917)","(0.7526321543931619, -0.5961495096408795)",0.008714099996723235
1.464378,"(0.0, 0.0)","(0.04556699312716248, -0.002244491101793186)","(0.09380629882076064, -0.009372542837931932)","(0.1448411595548563, -0.02208919247417138)","(0.19889228223817154, -0.04131393706824866)","(0.2563470763893218, -0.06831171341633943)","(0.31789942356119527, -0.1049474957809158)","(0.3848708488680706, -0.1542489913407871)","(0.4601105668455482, -0.22192191343946177)","(0.551616487689936, -0.32219722701383985)","(0.7516070370083509, -0.597191812265076)",0.0071211999747902155
1.4703775,"(0.0, 0.0)","(0.04553766323941404, -0.002247714277777733)","(0.09374648073296804, -0.009386243969602711)","(0.1447481396896868, -0.022122036381292554)","(0.19876134563323133, -0.04137638686282638)","(0.25617081524831015, -0.06841667657988107)","(0.3176665737944964, -0.1051114695226304)","(0.3845640980408804, -0.15449430256005617)","(0.45970163967643823, -0.22228187253114548)","(0.5510509304846581, -0.3227323698845264)","(0.7505848098789418, -0.5982278657274761)",0.007171300007030368
1.4763769999999998,"(0.0, 0.0)","(0.04550835885467966, -0.002250909754472909)","(0.09368671564552077, -0.009399829830316899)","(0.1446552097691791, -0.022154609887884518)","(0.19863055451274686, -0.04143833408436204)","(0.25599478539454185, -0.06852081565066727)","(0.3174340871007527, -0.10527419119797757)","(0.38425791110792945, -0.15473780092851816)","(0.4592935852959079, -0.22263927724913668)","(0.5504867511263105, -0.32326391717342656)","(0.7495654696501337, -0.5992577196731367)",0.007937800022773445
1.4823764999999998,"(0.0, 0.0)","(0.04547908019516433, -0.00225407774320344)","(0.09362700399556881, -0.009413301289995764)","(0.14456237041637282, -0.02218691501504015)","(0.19849990963252187, -0.04149978245870016)","(0.255818987636007, -0.06862413669929421)","(0.31720196422647673, -0.10543566999382645)","(0.38395228859646496, -0.15497949974256536)","(0.4588864037831663, -0.2229941464289689)","(0.5499239488553392, -0.32379189581984685)","(0.7485490127990541, -0.6002814232982692)",0.007129400037229061
1.488376,"(0.0, 0.0)","(0.04544982747874318, -0.00225721845366014)","(0.09356734621153465, -0.009426659211882767)","(0.14446962224083415, -0.0222189537684042)","(0.19836941172942327, -0.04156073568323195)","(0.25564342275507806, -0.06872664574985073)","(0.31697020588396685, -0.10559591502610109)","(0.3836472309879626, -0.15521941219449925)","(0.4584800951553452, -0.22334649875570256)","(0.5493625228250015, -0.32431633254174924)","(0.7475354356438556, -0.6012990253689072)",0.008320200024172664
1.4943754999999999,"(0.0, 0.0)","(0.045420600918739965, -0.002260332093874117)","(0.09350774271265389, -0.009439904452433532)","(0.14437696583795925, -0.022250728137909626)","(0.1982390615204656, -0.04162119742639579)","(0.2554680915074184, -0.06882834877908595)","(0.31673881275011506, -0.10575493533849632)","(0.38334273871695257, -0.15545755137064274)","(0.45807465936654007, -0.2236963527612199)","(0.5488024721009848, -0.32483725383185363)","(0.7465247343456762, -0.6023105742337951)",0.0068746000761166215
1.5003749999999998,"(0.0, 0.0)","(0.04539140072386962, -0.002263418870211083)","(0.09344819390885561, -0.00945303786129036)","(0.14428440178879884, -0.02228224009771442)","(0.19810885970260247, -0.04168117132755536)","(0.2552929946217813, -0.06892925171620462)","(0.316507785466279, -0.10591273990216478)","(0.3830388121710681, -0.1556939302508899)","(0.4576700963081996, -0.2240437268236035)","(0.548243795662443, -0.32535468595679407)","(0.7455169049118613, -0.6033161177868166)",0.007919499999843538
1.5063745,"(0.0, 0.0)","(0.04536222709884981, -0.0022664789874483823)","(0.09338870020202511, -0.009466060281604809)","(0.1441919306620114, -0.02231349160696503)","(0.1979788069554055, -0.041740660998435125)","(0.25511813280344914, -0.06902936044525702)","(0.3162771246425147, -0.10606933761941936)","(0.382735451696104, -0.15592856171420633)","(0.45726640581504796, -0.22438863917515553)","(0.5476864924088467, -0.3258686549689621)","(0.7445119432043724, -0.6043157035607751)",0.007422399939969182
1.5123739999999999,"(0.0, 0.0)","(0.045333080243666106, -0.0022695126486862133)","(0.09332926198448402, -0.009478972549662599)","(0.14409955301153218, -0.022344484608902957)","(0.19784890393792848, -0.04179967002143407)","(0.25494350673033817, -0.06912868080232851)","(0.316046830853016, -0.10622473731938582)","(0.38243265759095985, -0.15616145853219873)","(0.45686358765981566, -0.2247311078930909)","(0.54713056115503, -0.3263791866929081)","(0.7435098449375149, -0.6053093785346071)",0.006741599994711578
1.5183734999999998,"(0.0, 0.0)","(0.04530396035442723, -0.0022725200554552)","(0.09326987964075717, -0.009491775495334706)","(0.1440072693793012, -0.022375221031933408)","(0.19771915129243803, -0.04185820195163624)","(0.25476911705776045, -0.06922721857888704)","(0.31581690464192835, -0.10637894776318807)","(0.3821304301145067, -0.1563926333768126)","(0.45646164156114355, -0.2250711509107466)","(0.5465760006400998, -0.3268863067418658)","(0.7425106056880928, -0.6062971894409996)",0.006753700086846948
1.5243729999999998,"(0.0, 0.0)","(0.04527486762287593, -0.002275501407658188)","(0.09321055354656062, -0.009504469941830934)","(0.14391508029371436, -0.022405702789037335)","(0.19758954964233688, -0.04191626031569983)","(0.2545949644158619, -0.06932497951993061)","(0.3155873465203817, -0.10653197764108222)","(0.38182876948235606, -0.15662209881609626)","(0.45606056718032123, -0.22540878601145897)","(0.546022809524576, -0.32739004050882553)","(0.7415142208949407, -0.6072791824921083)",0.006443599937483668
1.5303725,"(0.0, 0.0)","(0.045245802236855474, -0.002278456903630277)","(0.09315128406976482, -0.009517056705950976)","(0.1438229862711137, -0.02243593177836508)","(0.19746009959421243, -0.04197384861297277)","(0.25442104941226096, -0.06942196932584427)","(0.31535815696975344, -0.10668383557533458)","(0.3815276758707838, -0.15684986731847803)","(0.45566036412592315, -0.22574403083480576)","(0.5454709863958288, -0.3278904131757633)","(0.7405206858658467, -0.6082554035208436)",0.00819780002348125
1.5363719999999998,"(0.0, 0.0)","(0.0452167643802923, -0.0022813867401392774)","(0.09309207157035702, -0.009529536598084861)","(0.14373098781573743, -0.022465909883234825)","(0.1973308017377947, -0.042030970315486665)","(0.25424737263204916, -0.06951819365238791)","(0.315129336441768, -0.10683453012020529)","(0.381227149417017, -0.15707595125275356)","(0.4552610319544186, -0.22607690287661633)","(0.5449205297692672, -0.3283874497137211)","(0.7395299957806175, -0.6092258979499868)",0.006577000021934509
1.5423714999999998,"(0.0, 0.0)","(0.045187754232667285, -0.00228429111232258)","(0.09303291639934726, -0.009541910421945616)","(0.14363908541804365, -0.02249563897149471)","(0.19720165664370587, -0.042087628866751325)","(0.2540739346350062, -0.0696136581086852)","(0.31490088535525895, -0.10698406975883434)","(0.3809271902156821, -0.15730036288347868)","(0.45486257016654386, -0.226407419482302)","(0.5443714380850727, -0.32888117487305707)","(0.738542145690183, -0.6101907107970218)",0.006797999958507717
1.548371,"(0.0, 0.0)","(0.04515877197003659, -0.0022871702138167987)","(0.09297381890087837, -0.009554178975113448)","(0.14354727955796523, -0.022525120896812918)","(0.19707266486790112, -0.042143827684183)","(0.2539007359612517, -0.06970836826126786)","(0.31467280410303244, -0.10713246290950766)","(0.3806277983268534, -0.15752311438027009)","(0.45446497821646675, -0.22673559786039849)","(0.5438237097183494, -0.329371613203411)","(0.7375571305275308, -0.6111498866910713)",0.0073222999926656485
1.5543704999999999,"(0.0, 0.0)","(0.045129817764532794, -0.002290024236698733)","(0.09291477941119251, -0.009566343048785718)","(0.1434555707033265, -0.022554357498080938)","(0.1969438269495441, -0.042199570157976436)","(0.2537277771286157, -0.06980232963219367)","(0.3144450930488112, -0.10727971792274324)","(0.3803289737727035, -0.15774421781349474)","(0.45406825550836755, -0.22706145507632716)","(0.5432773429760498, -0.3298587890445893)","(0.7365749451068795, -0.6121034698374379)",0.006540699978359044
1.5603699999999998,"(0.0, 0.0)","(0.045100891784441266, -0.002292853371497875)","(0.09285579825878829, -0.009578403427828015)","(0.14336395931009238, -0.022583350599532207)","(0.19681514341136713, -0.04225485965132502)","(0.25355505863314326, -0.06989554769941073)","(0.31421775252792933, -0.10742584308185635)","(0.38003071653845844, -0.15796368515511647)","(0.4536724013977644, -0.22738500805364917)","(0.5427323360988736, -0.3303427265284602)","(0.7355955841272301, -0.6130515040854528)",0.007976500084623694
1.5663694999999997,"(0.0, 0.0)","(0.04507199419431263, -0.002295657807213547)","(0.09279687576465204, -0.009590360890844758)","(0.14327244582273002, -0.02261210201090703)","(0.19668661476018506, -0.04230969950072839)","(0.2533825809497894, -0.06998802789726735)","(0.31399078284825394, -0.10757084660374991)","(0.37973302657361085, -0.1581815282798766)","(0.4532774151931184, -0.22770627357580434)","(0.5421886872634494, -0.33082344958156445)","(0.7346190421761212, -0.6139940328585676)",0.0065651999320834875
1.572369,"(0.0, 0.0)","(0.045043125155409085, -0.002298437731374004)","(0.09273801224317894, -0.009602216210426555)","(0.14318103067563423, -0.022640613528037652)","(0.19655824148885076, -0.04236409301709203)","(0.25321034453493135, -0.07007977561834282)","(0.31376418429327846, -0.10771473664175224)","(0.3794359037956203, -0.15839775896951247)","(0.4528832961601705, -0.2280252682922695)","(0.5416463945873566, -0.3313009819342256)","(0.7336453137358047, -0.6149310992476456)",0.007586200023069978
1.5783684999999998,"(0.0, 0.0)","(0.04501428482495799, -0.0023011933299465688)","(0.09267920800062927, -0.009613970152770213)","(0.14308971429075698, -0.022668886931942536)","(0.19643002407306, -0.04241804348401609)","(0.25303834982238743, -0.07017079621059148)","(0.31353795711744303, -0.10785752128119162)","(0.37913934808468963, -0.15861238890619864)","(0.45249004351644084, -0.2283420087090417)","(0.5411054561238494, -0.33177534710659784)","(0.7326743931804084, -0.6158627458847855)",0.007569100009277463
1.5843679999999998,"(0.0, 0.0)","(0.04498547335676382, -0.0023039247874174877)","(0.09262046333639101, -0.009625623478013464)","(0.14299849707955745, -0.02269692398961894)","(0.1963019629740177, -0.042471554159286204)","(0.25286659722682214, -0.07026109497982515)","(0.31331210155029315, -0.10799920854324302)","(0.37884335928868323, -0.15882542967826133)","(0.4520976564368988, -0.2286565111969683)","(0.5405658698682572, -0.3322465684209672)","(0.7317062747832525, -0.6167890150815508)",0.00870279991067946
1.5903675,"(0.0, 0.0)","(0.04495669090146592, -0.002306632286828133)","(0.09256177854351372, -0.009637176940385937)","(0.1429073794438292, -0.02272472645439896)","(0.19617405863958123, -0.04252462827554161)","(0.25269508714523176, -0.07035067719082436)","(0.31308661779833785, -0.10813980638665041)","(0.378547937225399, -0.1590368927827421)","(0.45170613405670634, -0.22896879199549874)","(0.540027633761304, -0.3327146690073252)","(0.7307409527214005, -0.6177099487532998)",0.009558600024320185
1.5963669999999999,"(0.0, 0.0)","(0.04492793760605662, -0.002309316009718155)","(0.09250315390770865, -0.009648631287968189)","(0.14281636177416743, -0.02275229606537413)","(0.19604631150219998, -0.04257726903918629)","(0.25252381995438844, -0.07043954806551957)","(0.3128615060420718, -0.10827932270490784)","(0.3782530816792893, -0.15924678962121977)","(0.451315475467847, -0.2292788672066255)","(0.539490745686035, -0.333179671794492)","(0.7297784210746573, -0.6186255884289146)",0.00831469998229295
1.6023664999999998,"(0.0, 0.0)","(0.04489921361401512, -0.0023119761361460435)","(0.09244458970762559, -0.009659987262776728)","(0.1427254444503998, -0.022779634547594574)","(0.19591872197951904, -0.04262947963076081)","(0.2523527960116451, -0.0705277127836077)","(0.31263676643701505, -0.10841776532721352)","(0.3779587924027906, -0.15945513150123258)","(0.45092567972082576, -0.2295867527969702)","(0.538955203470034, -0.3336415995132292)","(0.7288186738291286, -0.6195359752907413)",0.007216099998913705
1.6083659999999997,"(0.0, 0.0)","(0.04487051906596298, -0.002314612844775488)","(0.09238608621620599, -0.009671245601126309)","(0.1426346278436759, -0.02280674361292746)","(0.19579129047723295, -0.042681263206558115)","(0.25218201565857123, -0.07061517648524371)","(0.3124123991181397, -0.10855514202264237)","(0.3776650691215304, -0.15966192964247725)","(0.4505367458306252, -0.22989246460682405)","(0.5384210048920648, -0.33410047470959814)","(0.7278617048845126, -0.6204411501421687)",0.00880369998048991
1.6143655,"(0.0, 0.0)","(0.04484185409877347, -0.0023172263127672925)","(0.09232764369884078, -0.009682407033173055)","(0.1425439123136356, -0.02283362495896806)","(0.19566401738526207, -0.04273262289656559)","(0.2520114792161744, -0.07070194426760472)","(0.31218840419422683, -0.10869146049481773)","(0.3773719115279868, -0.15986719516890413)","(0.4501486727699562, -0.23019601833866007)","(0.5378881476754536, -0.3345563197280774)","(0.7269075080499904, -0.6213411534210748)",0.007481100037693977
1.6203649999999998,"(0.0, 0.0)","(0.04481321884649242, -0.0023198167158994224)","(0.09226926241527324, -0.009693472283418676)","(0.14245329821134398, -0.022860280270235744)","(0.19553690308175212, -0.042783561806717406)","(0.2518411869899798, -0.07078802118864347)","(0.31196478175401565, -0.10882672838773008)","(0.37707931928866495, -0.16007093911736073)","(0.4497614594773688, -0.23049742956972938)","(0.5373566294969557, -0.3350091567301596)","(0.7259560770533448, -0.6222360251940579)",0.008312300080433488
1.6263644999999998,"(0.0, 0.0)","(0.04478461344008246, -0.002322384228539028)","(0.09221094261906819, -0.009704442070591119)","(0.14236278587847884, -0.022886711217887296)","(0.19540994793198993, -0.042834083018350365)","(0.2516711392687006, -0.07087341226617708)","(0.3117415318646838, -0.10896095328432302)","(0.37678729204247646, -0.16027317243549707)","(0.44937510485568344, -0.230796713749031)","(0.5368264479855188, -0.3354590076899256)","(0.7250074055413851, -0.6231258052286481)",0.0074495000299066305
1.632364,"(0.0, 0.0)","(0.04475603800706935, -0.002324929023601869)","(0.09215268455687935, -0.009715317107472043)","(0.1422723756462076, -0.022912919459304012)","(0.19528315228689463, -0.042884189587420685)","(0.2515013363223753, -0.07095812247657657)","(0.3115186545696883, -0.10909414270445902)","(0.37649582939838755, -0.16047390597874858)","(0.4489896077696174, -0.2310938861929315)","(0.5362976007202117, -0.33590589438762536)","(0.7240614870796699, -0.6240105328423521)",0.007181799970567226
1.6383634999999999,"(0.0, 0.0)","(0.04472749267223015, -0.002327451272643647)","(0.09209448846987103, -0.009726098101280164)","(0.1421820678373807, -0.02293890663900031)","(0.19515651648601218, -0.042933884546214746)","(0.25133177840617615, -0.07104215675761746)","(0.3112961498933882, -0.1092263041093386)","(0.3762049309408346, -0.16067315051690248)","(0.4486049670519409, -0.23138896209474183)","(0.5357700852370144, -0.33634983842382765)","(0.7231183151597057, -0.6248902470771202)",0.008210200001485646
1.6443629999999998,"(0.0, 0.0)","(0.04469897755705147, -0.0023299511457957845)","(0.09203635459259725, -0.009736785753399115)","(0.14209186276480948, -0.02296467438797381)","(0.1950300408551935, -0.0429831709021188)","(0.25116246575751916, -0.07112552000642289)","(0.31107401783765515, -0.10935744489830815)","(0.3759145962259556, -0.16087091672935927)","(0.4482211814995389, -0.23168195651782947)","(0.5352438990251014, -0.33679086120929924)","(0.722177883197218, -0.6257649867640324)",0.006800799979828298
1.6503624999999997,"(0.0, 0.0)","(0.04467049278051907, -0.0023324288118699472)","(0.09197828315463236, -0.00974738075981643)","(0.1420017607337821, -0.022990224324746462)","(0.19490372571002362, -0.043032051639580036)","(0.25099339860041914, -0.07120821708273223)","(0.31085225838714514, -0.10948757241392844)","(0.3756248247877416, -0.16106721521266576)","(0.44783824988036136, -0.23197288440660482)","(0.534719039534434, -0.33722898398123957)","(0.721240184539922, -0.626634789721512)",0.0073151999386027455
1.656362,"(0.0, 0.0)","(0.04464203845836702, -0.002334884438267311)","(0.09192027437901706, -0.009757883810739672)","(0.14191176203967454, -0.02301555805444877)","(0.19477757135259594, -0.043080529718374345)","(0.2508245771414588, -0.07129025280600652)","(0.3106308715045412, -0.10961669393748157)","(0.37533561613269917, -0.16126205647384242)","(0.4474561709277557, -0.23226176057681316)","(0.5341955041702345, -0.33766422778899463)","(0.7203052124642312, -0.6274996944386863)",0.007431000005453825
1.6623614999999998,"(0.0, 0.0)","(0.044613614703648406, -0.0023373181910555157)","(0.09186232848343749, -0.009768295590919227)","(0.14182186696976948, -0.023040677169584852)","(0.1946515780739946, -0.043128608075046225)","(0.25065600157294976, -0.07137163195782728)","(0.3104098571343953, -0.1097448166926905)","(0.3750469697443576, -0.16145545093591152)","(0.4470749433456018, -0.23254859972359995)","(0.5336732902986727, -0.3380966135059823)","(0.7193729601813564, -0.6283597383828886)",0.007842499995604157
1.6683609999999998,"(0.0, 0.0)","(0.04458522162636976, -0.002339730234926769)","(0.09180444567946762, -0.009778616779470256)","(0.1417320758020942, -0.023065583249605833)","(0.19452574615273185, -0.04317628962209991)","(0.250487672070995, -0.0714523592805422)","(0.3101892152008717, -0.10987194784361412)","(0.3747588850807911, -0.161647408934771)","(0.44669456580578026, -0.23283341641696692)","(0.5331523952445874, -0.3385261618230178)","(0.7184434208367058, -0.6292149588678152)",0.007275199983268976
1.6743605,"(0.0, 0.0)","(0.04455685933427284, -0.002342120733302086)","(0.09174662617418515, -0.009788848050310614)","(0.14164238880791236, -0.02309027786194902)","(0.1944000758581425, -0.04322357724995685)","(0.2503195887997968, -0.07153243948052855)","(0.30996894561295596, -0.10999809449971028)","(0.37447136158068445, -0.16183794072672122)","(0.4463150369550009, -0.23311622511275187)","(0.5326328162989034, -0.3389528932645461)","(0.7175165875173218, -0.6300653928684459)",0.009016099967993796
1.6803599999999999,"(0.0, 0.0)","(0.04452852793198836, -0.002344489848228206)","(0.0916888701684193, -0.009798990071724802)","(0.14155280624902902, -0.023114762560997634)","(0.19427456744674215, -0.043270473824988186)","(0.25015175190709954, -0.07161187722490485)","(0.3097490482590634, -0.11012326371072807)","(0.3741843986572624, -0.16202705648087462)","(0.44593635540832366, -0.2333970401415769)","(0.5321145507122486, -0.3393768281723553)","(0.7165924532478227, -0.6309110770283648)",0.007861000020056963
1.6863594999999998,"(0.0, 0.0)","(0.044500227521618634, -0.002346837740456517)","(0.0916311778579548, -0.00980904350669524)","(0.1414633283796479, -0.023139038888866197)","(0.19414922116475908, -0.04331698219099334)","(0.2499841615274082, -0.07169067714399427)","(0.30952952301094416, -0.1102474624705292)","(0.3738979957028582, -0.16221476628483603)","(0.44555851975434013, -0.23367587571713594)","(0.5315975957006479, -0.3397979867178385)","(0.7156710109963498, -0.6317520476639416)",0.007619400043040514
1.692359,"(0.0, 0.0)","(0.04447195820245042, -0.0023491645694111753)","(0.09157354943293572, -0.009819009012766352)","(0.14137395544545736, -0.02316310837507425)","(0.19402403724690745, -0.04336310516858006)","(0.24981681778047282, -0.07176884383028553)","(0.30931036972192494, -0.11037069771547095)","(0.3736121520869981, -0.1624010801422996)","(0.44518152855324156, -0.23395274593270038)","(0.5310819484438424, -0.3402163888968534)","(0.7147522536743781, -0.6325883407683159)",0.008161599980667233
1.6983584999999999,"(0.0, 0.0)","(0.04444372007155285, -0.002351470493270493)","(0.09151598507910265, -0.009828887242386305)","(0.1412846876855377, -0.023186972537356708)","(0.19389901591898773, -0.043408845556690584)","(0.24964972077459155, -0.07184638184097682)","(0.30909158823091093, -0.11049297632835227)","(0.37332686716107294, -0.16258600797891667)","(0.4448053803421028, -0.23422766476968437)","(0.5305676060910653, -0.3406320545424001)","(0.7138361741426322, -0.633419992010331)",0.007508700015023351
1.7043579999999998,"(0.0, 0.0)","(0.04441551322335962, -0.0023537556689183295)","(0.09145848497692545, -0.009838678842700585)","(0.14119552533102966, -0.023210632881169996)","(0.1937741573960915, -0.04345420613166519)","(0.24948287060437702, -0.07192329569640767)","(0.30887317835976763, -0.11061430513597637)","(0.3730421402554354, -0.1627695596386719)","(0.44443007363186027, -0.2345006460923682)","(0.5300545657582172, -0.34104500331685034)","(0.7129227652099004, -0.6342470367552132)",0.006507599959149957
1.7103574999999998,"(0.0, 0.0)","(0.044387337749421954, -0.0023560202519172244)","(0.09140104930109093, -0.009848384455437226)","(0.14110646860434725, -0.023234090899416023)","(0.19364946188154628, -0.043499189646716625)","(0.24931626734945453, -0.07199958987917633)","(0.30865513991181714, -0.11073469090777587)","(0.37275797067777044, -0.16295174488183664)","(0.444055606905689, -0.23477170364491912)","(0.5295428245264937, -0.3414552547075628)","(0.7120120196330562, -0.6350695100360316)",0.007871999987401068
1.716357,"(0.0, 0.0)","(0.04435919373949092, -0.0023582643966522433)","(0.09134367822274155, -0.009858004717511994)","(0.14101751772262916, -0.023257348073879636)","(0.19352492957160902, -0.04354379883464121)","(0.24914991108039924, -0.0720752688386635)","(0.30843747267898114, -0.11085414036283357)","(0.3724743577213514, -0.16313257339541248)","(0.4436819786281928, -0.23504085106663294)","(0.5290323794521641, -0.34186282804942797)","(0.711103930126123, -0.6358874465807721)",0.0061422999715432525
1.7223564999999998,"(0.0, 0.0)","(0.04433108128032189, -0.002360488256182431)","(0.09128637190699936, -0.009867540260400506)","(0.14092867289392733, -0.023280405873731536)","(0.19340056065030586, -0.043588036404987034)","(0.24898380185226282, -0.07215033698629751)","(0.30822017643409555, -0.11097266016252623)","(0.3721913006563381, -0.16331205478218705)","(0.4433091872360291, -0.23530810187597334)","(0.5285232275571786, -0.3422677425012993)","(0.7101984893537039, -0.636700880804918)",0.006902099936269224
1.7283559999999998,"(0.0, 0.0)","(0.044303000456578846, -0.002362691982361965)","(0.09122913051483596, -0.009876991710647716)","(0.14083993432008984, -0.02330326575673811)","(0.19327635529335574, -0.04363190504633514)","(0.24881793970953936, -0.0722247986993603)","(0.3080032509368906, -0.11109025691643068)","(0.3719087987366975, -0.1634901985695193)","(0.44293723114563177, -0.2355734694833955)","(0.5280153658374177, -0.34267001706496464)","(0.709295689938738, -0.6375098468226941)",0.007344600046053529
1.7343555,"(0.0, 0.0)","(0.04427495135053254, -0.0023648757258063896)","(0.09117195420244714, -0.009886359689724117)","(0.1407513021958001, -0.023325929168916446)","(0.19315231366687483, -0.0436754074256438)","(0.2486523246845582, -0.07229865831988717)","(0.3077866959321174, -0.11120693718061152)","(0.37162685119814365, -0.16366701420679028)","(0.4425661087510987, -0.23583696718763192)","(0.5275087912607828, -0.3430696705796733)","(0.7083955244619775, -0.6383143784528403)",0.00860810000449419
1.7403549999999999,"(0.0, 0.0)","(0.0442469340422954, -0.0023670396359279813)","(0.0911148431217371, -0.009895644814173505)","(0.14066277670932506, -0.02334839754488323)","(0.19302843592840443, -0.04371854618890376)","(0.24848695679880184, -0.07237192015575697)","(0.3075705111511657, -0.1113227074593099)","(0.3713454572600671, -0.16384251106791584)","(0.4421958184264422, -0.23609860817936507)","(0.527003500769782, -0.34346672172758586)","(0.7074979854650746, -0.6391145091821442)",0.007263200008310378
1.7463544999999998,"(0.0, 0.0)","(0.044218948609402085, -0.0023691838608866137)","(0.09105779741944839, -0.00990484769540427)","(0.14057435804117724, -0.023370672307355244)","(0.19290472222510385, -0.043761323960190314)","(0.24832183606065342, -0.07244458847910307)","(0.30735469630941936, -0.11143757420247091)","(0.3710646161225902, -0.1640166984476635)","(0.4418263585225068, -0.23635840553585305)","(0.526499491278617, -0.343861189025837)","(0.7066030654492345, -0.6399102722332081)",0.008090399904176593
1.7523539999999997,"(0.0, 0.0)","(0.04419099512756455, -0.002371308547692334)","(0.09100081723872433, -0.009913968940120763)","(0.14048604636652304, -0.023392754868173504)","(0.19278117269702816, -0.04380374334359432)","(0.2481569624695462, -0.07251666752953563)","(0.3071392511112536, -0.11155154381074503)","(0.37078432697235325, -0.1641895855690949)","(0.4414577273734289, -0.23661637223180138)","(0.5259967596800869, -0.3442530908426355)","(0.7057107568817123, -0.640701700523782)",0.007119100075215101
1.7583535,"(0.0, 0.0)","(0.04416307366995775, -0.0023734138421182462)","(0.09094390271762813, -0.009923009149954327)","(0.14039784185290446, -0.023414646627422105)","(0.19265778747404697, -0.04384580692155326)","(0.24799233601210555, -0.07258816151134734)","(0.3069241752454701, -0.11166462263114207)","(0.3705045889773742, -0.16436118157709467)","(0.44108992329114843, -0.23687252112991508)","(0.5254953028401901, -0.34464244538329786)","(0.7048210521924385, -0.6414888266668419)",0.00887040002271533
1.7643529999999998,"(0.0, 0.0)","(0.04413518430773769, -0.0023754998887724737)","(0.09088705399021402, -0.009931968921765549)","(0.14030974466189067, -0.023436348974145125)","(0.19253456667809266, -0.04388751725620171)","(0.2478279566650015, -0.07265907459576555)","(0.30670946838874424, -0.11177681696052594)","(0.3702254012910589, -0.1645314955435695)","(0.44072294456992006, -0.23712686498849445)","(0.5249951176030085, -0.3450292707014993)","(0.7039339437788473, -0.6422716829946071)",0.009316999930888414
1.7703524999999998,"(0.0, 0.0)","(0.0441073271100848, -0.002377566831109075)","(0.09083027118661662, -0.009940848847688945)","(0.14022175494921682, -0.02345786328645035)","(0.19241151042335933, -0.043928876889563435)","(0.24766382439521933, -0.07272941092126854)","(0.30649513020598756, -0.11188813304610157)","(0.3699467630526858, -0.16470053646817126)","(0.4403567894869657, -0.23737941646249455)","(0.5244962007916132, -0.3454135847008583)","(0.7030494240074878, -0.6430503015567848)",0.007612799992784858
1.776352,"(0.0, 0.0)","(0.0440795021437957, -0.0023796148113801475)","(0.09077355443220224, -0.009949649514929475)","(0.14013387286347975, -0.023479190931021937)","(0.19228861881454049, -0.04396988834262628)","(0.24749993915786103, -0.07279917459203404)","(0.3062811603477615, -0.11199857708299853)","(0.36966867338452136, -0.16486831327469523)","(0.43999145629944825, -0.23763018809826428)","(0.5239985492051907, -0.34579540512715573)","(0.7021674852126365, -0.643824714109412)",0.06589870003517717
1.7823514999999999,"(0.0, 0.0)","(0.04405170947395167, -0.002381643970727793)","(0.09071690384895416, -0.009958371506149248)","(0.14004609854827213, -0.023500333264038737)","(0.19216589194973338, -0.04401055411707371)","(0.24733630089982112, -0.0728683696808287)","(0.3060675584547045, -0.11210815521875749)","(0.36939113139694363, -0.16503483481775852)","(0.43962694325018303, -0.23787919234330565)","(0.5235021596251329, -0.34617474958279637)","(0.7012881197019757, -0.6445949521371335)",0.008082799962721765
1.7883509999999998,"(0.0, 0.0)","(0.04402394916333381, -0.0023836544491132464)","(0.09066031955425725, -0.009967015399167108)","(0.1399584321403129, -0.023521291630455982)","(0.19204332991791034, -0.044050876693923206)","(0.24717290955662288, -0.07293700022672685)","(0.30585432415379105, -0.11221687354977855)","(0.3691141361842359, -0.16520010987750666)","(0.43926324856316373, -0.2381264415385401)","(0.5230070288106677, -0.3465516355153654)","(0.7004113197539937, -0.6453610468273755)",0.008692299947142601
1.7943504999999997,"(0.0, 0.0)","(0.04399622127316188, -0.0023856463854181986)","(0.0906038016624291, -0.009975581767384901)","(0.13987087377180715, -0.023542067365018106)","(0.19192093280212788, -0.04409085853543653)","(0.2470097650564764, -0.07300507023829927)","(0.3056414570632121, -0.11232473812627453)","(0.36883768683022283, -0.16536414716698863)","(0.4389003704498253, -0.23837194792908725)","(0.5225131535054989, -0.3469260802336047)","(0.699537077624022, -0.6461230291265304)",0.008589199976995587
1.80035,"(0.0, 0.0)","(0.043968525862186726, -0.0023876199173318694)","(0.09054735028283765, -0.009984071179309502)","(0.13978342356754722, -0.023562661791117327)","(0.191798700675602, -0.044130502082958135)","(0.2468468673153556, -0.07307258368999378)","(0.3054289567865342, -0.11243175494663703)","(0.3685617824016663, -0.1655269553237597)","(0.4385383071019505, -0.23861572365199174)","(0.5220205304307469, -0.34729810088923485)","(0.6986653855395203, -0.6468809296468985)",0.00684189994353801
1.8063494999999998,"(0.0, 0.0)","(0.043940862987503174, -0.002389575181461907)","(0.09049096552158335, -0.009992484199019545)","(0.13969608164750605, -0.023583076221902907)","(0.1916766336052333, -0.044169809759007944)","(0.2466842162414544, -0.07313954452562918)","(0.30521682291805163, -0.11253792996286457)","(0.3682864219544354, -0.16568854291796384)","(0.43817705669850987, -0.238857780748036)","(0.5215291562921677, -0.3476677144944656)","(0.6977962357065186, -0.6476347787960632)",0.008822500007227063
1.8123489999999998,"(0.0, 0.0)","(0.04391323270439742, -0.0023915123133198134)","(0.09043464748118223, -0.010000821386102629)","(0.13960884812634985, -0.02360331196012892)","(0.19155473165095319, -0.04420878396698959)","(0.24652181173437945, -0.07320595665790285)","(0.30500505504185715, -0.11264326907979125)","(0.36801160453250525, -0.1658489184511816)","(0.4378166174046729, -0.23909813116005738)","(0.5210390277793379, -0.34803493791951057)","(0.6969296203097406, -0.6483846066735426)",0.010982099920511246
1.8183485,"(0.0, 0.0)","(0.04388563506613104, -0.0023934314472979306)","(0.09037839626011653, -0.010009083295556817)","(0.1395217231127473, -0.023623370297916793)","(0.1914329948647929, -0.04424742709073757)","(0.2463596536839958, -0.07327182396762776)","(0.30479365273049575, -0.1127477781538948)","(0.36773732916647955, -0.16600809035464817)","(0.4374569873703025, -0.23933678673034106)","(0.5205501415643137, -0.3483997878887266)","(0.696065531512323, -0.649130443124517)",0.009346899925731122
1.8243479999999999,"(0.0, 0.0)","(0.04385807012410454, -0.002395332716695917)","(0.09032221195317237, -0.01001727047790109)","(0.13943470670989017, -0.02364325251701602)","(0.1913114232915975, -0.044285741495005825)","(0.2461977419713413, -0.07333715030454442)","(0.3045826155460889, -0.11285146299455338)","(0.36746359487492974, -0.16616606699112232)","(0.43709816473151525, -0.23957375920335028)","(0.5200624943034223, -0.3487622809846653)","(0.6952039614579526, -0.6498723177349277)",0.016590500017628074
1.8303474999999998,"(0.0, 0.0)","(0.04383053792832631, -0.002397216253787309)","(0.09026609465240973, -0.010025383479455101)","(0.1393477990169898, -0.023662959889467986)","(0.19119001697106167, -0.04432372952671945)","(0.24603607647120507, -0.0734019394894097)","(0.30437194304344034, -0.1129543293672902)","(0.3671904006679936, -0.16632285665971808)","(0.4367401476147004, -0.2398090602327952)","(0.5195760826415552, -0.34912243365856294)","(0.6943449022748857, -0.6506102597939528)",0.022970299934968352
1.8363469999999997,"(0.0, 0.0)","(0.04380303852659806, -0.002399082189718143)","(0.0902100444454731, -0.01003342284190982)","(0.13926100012667436, -0.023682493676580377)","(0.1910687759342046, -0.044361393513030825)","(0.24587465704770553, -0.07346619531073985)","(0.30416163476479113, -0.11305638298870013)","(0.3669177455414459, -0.16647846758833718)","(0.43638293413015616, -0.24004270137055758)","(0.5190909032058506, -0.3494802622139155)","(0.6934883460717955, -0.6513442983954228)",0.011688900063745677
1.8423464999999999,"(0.0, 0.0)","(0.043775571965273256, -0.0024009306546114413)","(0.09015406141716242, -0.010041389102767447)","(0.13917431012741055, -0.02370185512997281)","(0.19094770020666296, -0.04439873576329328)","(0.24571348355844977, -0.07352992152810689)","(0.3039516902448104, -0.11315762953157277)","(0.3666456284824445, -0.16663290794130145)","(0.4360265223784421, -0.24027469407785687)","(0.5186069526123629, -0.3498357828230465)","(0.6926342849435885, -0.6520744623219482)",0.008165500010363758
1.8483459999999998,"(0.0, 0.0)","(0.043748138288739705, -0.0024027617775045215)","(0.0900981456483582, -0.010049282795075384)","(0.13908772910184836, -0.02372104549094027)","(0.19082678980644882, -0.04443575856785305)","(0.2455525558517261, -0.07359312187011213)","(0.3037421090072756, -0.11325807462173353)","(0.36637404846579474, -0.16678618581463686)","(0.43567091044640405, -0.24050504971834488)","(0.5181242274621802, -0.3501890115168604)","(0.6917827109691069, -0.6528007801297384)",0.007367299986071885
1.8543454999999998,"(0.0, 0.0)","(0.04372073753996656, -0.0024045756864259507)","(0.09004229721715466, -0.010057104447749954)","(0.13900125712856756, -0.02374006599122205)","(0.19070604474632658, -0.04447246419949976)","(0.24539187376951013, -0.0736558000368081)","(0.3035328905686852, -0.11335772384180615)","(0.3661030044581197, -0.16693830924167952)","(0.4353160964118022, -0.24073377956630865)","(0.5176427243463184, -0.3505399641970213)","(0.6909336162155235, -0.653523280111835)",0.008054799982346594
1.860345,"(0.0, 0.0)","(0.04369336975993845, -0.0024063725083264364)","(0.08998651619768534, -0.010064854585283271)","(0.13891489428026896, -0.023758917852300516)","(0.19058546503136323, -0.04450885491213579)","(0.2452314371443945, -0.07371795969746633)","(0.30332403443462375, -0.11345658272773286)","(0.3658324954137648, -0.16708928618787958)","(0.43496207833894107, -0.24096089479905955)","(0.5171624398414327, -0.350888656624651)","(0.690086992735727, -0.6542419903222068)",0.007791399955749512
1.8663444999999999,"(0.0, 0.0)","(0.04366603498862165, -0.002408152369210907)","(0.08993080266212383, -0.01007253372829984)","(0.13882864062685774, -0.023777602286725336)","(0.19046505066311786, -0.044544932943277805)","(0.2450712458048748, -0.07377960449475875)","(0.303115540106093, -0.11355465677527708)","(0.3655625202820621, -0.1672391245604958)","(0.43460885428665946, -0.241186406511125)","(0.5166833705181221, -0.3512351044414072)","(0.6892428325752373, -0.6549569385593792)",0.007269300054758787
1.8723439999999998,"(0.0, 0.0)","(0.04363873326363926, -0.0024099153939695253)","(0.08987515667793652, -0.010080142392841546)","(0.13874249623121146, -0.02379612049640648)","(0.19034480163390374, -0.044580700510822815)","(0.2449112995681414, -0.07384073803933953)","(0.30290740707093994, -0.11365195143158269)","(0.3652930779976054, -0.16738783219599768)","(0.4342564222978319, -0.24141032569579554)","(0.5162055129303958, -0.35157932314207385)","(0.6884011277648645, -0.655668152381217)",0.0064580999314785
1.8783434999999997,"(0.0, 0.0)","(0.04361146462157654, -0.0024116617065544845)","(0.0898195783105875, -0.010087681091113175)","(0.13865646115334734, -0.023814473674388877)","(0.19022471793244797, -0.044616159816402295)","(0.24475159824721426, -0.07390136391545403)","(0.30269963481239115, -0.11374847210389939)","(0.36502416749002475, -0.16753541687307633)","(0.43390478041008346, -0.2416326632641757)","(0.5157288636267406, -0.35192132810285665)","(0.6875618703296614, -0.6563756591018629)",0.007225099951028824
1.8843429999999999,"(0.0, 0.0)","(0.04358422909732729, -0.0024133914298991766)","(0.08976406762218103, -0.01009515033113978)","(0.13857053544833242, -0.023832663004033187)","(0.19010479954106044, -0.0446513130438279)","(0.24459214164739274, -0.07396148567833163)","(0.3024922228048429, -0.1138442241555184)","(0.3647557876792297, -0.1676818863065749)","(0.43355392665069353, -0.24185343003628912)","(0.5152534191450838, -0.352261134568172)","(0.6867250522857087, -0.6570794858065347)",0.0072206000331789255
1.8903424999999998,"(0.0, 0.0)","(0.04355702672425653, -0.0024151046859447467)","(0.08970862467179898, -0.010102550616877615)","(0.13848471916680252, -0.023850689659277637)","(0.18998504643634276, -0.04468616235958311)","(0.24443292956715829, -0.07402110685500357)","(0.30228517051496084, -0.11393921290703866)","(0.3644879374767072, -0.16782724814937175)","(0.43320385903808506, -0.24207263674383264)","(0.5147791760144567, -0.3525987576547326)","(0.6858906656419415, -0.6577796593155789)",0.007531699957326055
1.8963419999999998,"(0.0, 0.0)","(0.0435298575340826, -0.002416801595629542)","(0.08965324951525326, -0.010109882448168319)","(0.13839901235458238, -0.02386855480452639)","(0.18986545858867632, -0.04472070991260782)","(0.24427396179754274, -0.07408023094393658)","(0.30207847740095034, -0.11403344363579031)","(0.36422061578473147, -0.1679715099915125)","(0.4328545755810401, -0.24229029402889768)","(0.5143061307543436, -0.35293421234964334)","(0.6850587024002316, -0.6584762062495596)",0.007382299983873963
1.9023415,"(0.0, 0.0)","(0.04350272155751673, -0.002418482278978793)","(0.08959794220641226, -0.010117146321116668)","(0.13831341505472872, -0.023886259595547795)","(0.18974603596499978, -0.044754957835994744)","(0.24411523812563363, -0.07413886141786832)","(0.3018721429167578, -0.11412692158024425)","(0.36395382150119066, -0.16811467936678667)","(0.43250607428401866, -0.24250641245360488)","(0.513834279880227, -0.35326751352472563)","(0.6842291545600503, -0.6591691529635748)",0.0075283999321982265
1.9083409999999998,"(0.0, 0.0)","(0.043475618823311434, -0.0024201468549838985)","(0.0895427027952246, -0.010124342727579293)","(0.13822792730448638, -0.023903805178252645)","(0.18962677852468207, -0.04478890824467282)","(0.24395675832939195, -0.07419700171992277)","(0.301666166505913, -0.11421965193395532)","(0.36368755351261245, -0.168256763743679)","(0.4321583531396504, -0.24272100248683437)","(0.5133636198960967, -0.35359867591677824)","(0.6834020141134419, -0.6598585256069774)",0.0068931999849155545
1.9143404999999998,"(0.0, 0.0)","(0.04344854935893942, -0.0024217954416972435)","(0.08948753132912735, -0.010131472155564118)","(0.13814254913745752, -0.023921192689644346)","(0.18950768622246975, -0.04482256323720177)","(0.2437985221813711, -0.07425465526660976)","(0.30146054760598506, -0.11431163985022778)","(0.3634218106992783, -0.1683977705323267)","(0.43181141013436225, -0.2429340745144165)","(0.5128941473003034, -0.35392771414272667)","(0.682577273049896, -0.6605443500863467)",0.0076972999377176166
1.9203399999999997,"(0.0, 0.0)","(0.04342151319066203, -0.002423428156246286)","(0.08943242785318463, -0.01013853508928876)","(0.13805728058381608, -0.023938423257955702)","(0.18938875900878185, -0.04485592489602732)","(0.2436405294490985, -0.07431182544824727)","(0.301255285649057, -0.11440289044276673)","(0.36315659193580085, -0.16853770708548688)","(0.4314652432490712, -0.2431456388405462)","(0.5124258585863889, -0.35425464270172663)","(0.6817549233574559, -0.6612266520881844)",0.006671500043012202
1.9263394999999999,"(0.0, 0.0)","(0.04339451034329804, -0.002425045114808132)","(0.08937739240960857, -0.010145532009071874)","(0.13797212166956943, -0.023955498002387443)","(0.18926999682871185, -0.04488899528698234)","(0.2434827798938282, -0.07436851562812061)","(0.3010503800602586, -0.1144934087843621)","(0.3628918960894898, -0.16867658069656352)","(0.4311198504574766, -0.24335570568488396)","(0.5119587502414804, -0.35457947597084327)","(0.6809349570220261, -0.6619054570806113)",0.007303199963644147
1.9323389999999998,"(0.0, 0.0)","(0.04336754084013367, -0.0024266464326024944)","(0.08932242503757029, -0.010152463391302246)","(0.13788707241626735, -0.023972418033031982)","(0.1891513996216352, -0.044921776459138314)","(0.24332527327005754, -0.07442472914222806)","(0.30084583025720957, -0.11458319990648526)","(0.3626277220197535, -0.1688143985989979)","(0.43077522972547316, -0.2435642851816521)","(0.5114928187458229, -0.35490222820369877)","(0.6801173660275274, -0.6625807902922062)",0.007323300000280142
1.9383384999999997,"(0.0, 0.0)","(0.04334060470336248, -0.002428232223955038)","(0.08926752577411072, -0.010159329708705362)","(0.13780213284240525, -0.023989184451506888)","(0.1890329673231179, -0.04495427044600124)","(0.243168009327937, -0.07448046930127876)","(0.300641635652911, -0.11467226880239563)","(0.36236406858142556, -0.16895116797090154)","(0.43043137901482625, -0.24377138738642512)","(0.5110280605766249, -0.3552229135405743)","(0.6793021423591796, -0.6632526767406649)",0.009949000086635351
1.944338,"(0.0, 0.0)","(0.04331370195380392, -0.0024298026022651705)","(0.08921269465355675, -0.010166131430206112)","(0.1377173029625251, -0.024005798350625086)","(0.18891469986369855, -0.04498647926488308)","(0.24301098781174735, -0.07453573938963455)","(0.30043779565394785, -0.11476062042548525)","(0.3621009346227517, -0.1690868959325762)","(0.4300882962810466, -0.2439770222724843)","(0.5105644722060202, -0.35554154600297544)","(0.6784892780024705, -0.6639211412303495)",0.007702899980358779
1.9503374999999998,"(0.0, 0.0)","(0.04328683261093147, -0.0024313576800145927)","(0.08915793170757695, -0.010172869020963806)","(0.13763258278730056, -0.024022260814475928)","(0.18879659716900765, -0.0450184049170514)","(0.24285420846005704, -0.0745905426655552)","(0.3002343096606944, -0.1148482596896543)","(0.3618383189856571, -0.1692215895470671)","(0.4297459794737397, -0.24418119973162064)","(0.5101020501015419, -0.355858139494821)","(0.6776787649439543, -0.6645862083506021)",0.007621599943377078
1.9563369999999998,"(0.0, 0.0)","(0.04325999669297122, -0.0024328975687854396)","(0.08910323696538543, -0.010179542942447712)","(0.13754797232385144, -0.024038572918602993)","(0.18867865916019674, -0.04505004938806249)","(0.2426976710062715, -0.07464488236175096)","(0.30003117706798627, -0.11493519147016504)","(0.3615762205065425, -0.1693552558214312)","(0.42940442653752803, -0.24438392957598928)","(0.5096407907271652, -0.35617270780519406)","(0.6768705951724505, -0.6652479024644499)",0.0063090999610722065
1.9623365,"(0.0, 0.0)","(0.043233194216880336, -0.002434422379262298)","(0.08904861045369561, -0.010186153652444461)","(0.13746347157567243, -0.024054735730019546)","(0.18856088575384453, -0.04508141464778644)","(0.2425413751785219, -0.0746987616854194)","(0.29982839726500415, -0.11502142060369304)","(0.36131463801618324, -0.16948790170680617)","(0.42906363541199655, -0.2445852215382008)","(0.5091806905433638, -0.3564852646084702)","(0.6760647606795138, -0.6659062477388047)",0.00824210001155734
1.9683359999999999,"(0.0, 0.0)","(0.043206425198578716, -0.0024359322212680165)","(0.08899405219719932, -0.010192701605208342)","(0.13737908054337106, -0.02407075030756471)","(0.18844327686296097, -0.0451125026510784)","(0.24238532070093735, -0.07475218381936491)","(0.2996259696368059, -0.11510695189006562)","(0.36105357034150193, -0.1696195341010008)","(0.42872360403367094, -0.2447850852751186)","(0.5087217460092153, -0.3567958234699705)","(0.6752612534613603, -0.6665612681212085)",0.016000499948859215
1.9743354999999998,"(0.0, 0.0)","(0.0431796896526359, -0.002437427203726945)","(0.08893956221791663, -0.01019918725130477)","(0.1372947992236659, -0.024086617701527726)","(0.18832583239563022, -0.04514331533706271)","(0.24222950729194356, -0.07480515192079373)","(0.299423893562315, -0.11519179009037638)","(0.36079301630330984, -0.16975015984566963)","(0.42838433033361945, -0.24498353036370027)","(0.5082639535800797, -0.35710439783975145)","(0.6744600655176078, -0.6672129873574487)",0.014946499955840409
1.9803349999999997,"(0.0, 0.0)","(0.043152987592423156, -0.0024389074346899734)","(0.0888851405355094, -0.010205611037715053)","(0.13721062760986888, -0.02410233895389555)","(0.1882085522556674, -0.04517385462959834)","(0.24207393466509758, -0.07485766912208841)","(0.29922216841532995, -0.11527593992818576)","(0.3605329747174825, -0.16987978572809878)","(0.42804581223878213, -0.24518056630361174)","(0.5078073097090461, -0.35741100105649093)","(0.6736611888527136, -0.6678614289788858)",0.0071625999407842755
1.9863345,"(0.0, 0.0)","(0.043126319030216284, -0.002440373021353155)","(0.08883078716749321, -0.010211973407914035)","(0.13712656569221232, -0.02411791509853593)","(0.18809143634306508, -0.045204122437621855)","(0.24191860252965508, -0.0749097385313775)","(0.2990207935652153, -0.11535940609040266)","(0.36027344439577524, -0.17000841848251608)","(0.42770804767290205, -0.24537620251914244)","(0.5073518108479719, -0.3577156463503357)","(0.6728646154771032, -0.668506616329723)",0.007946899975650012
1.9923339999999998,"(0.0, 0.0)","(0.04309968397705412, -0.002441824070043698)","(0.08877650212894359, -0.010218274801809776)","(0.13704261345739543, -0.024133347161051127)","(0.18797448455337962, -0.045234120654866566)","(0.24176351058980622, -0.07496136323205907)","(0.29881976837600555, -0.11544219322653439)","(0.3600144241448279, -0.17013606478896157)","(0.42737103455549885, -0.24557044835753694)","(0.50689745344654, -0.358018346840399)","(0.6720703374068774, -0.6691485725285744)",0.008987699984572828
1.9983334999999998,"(0.0, 0.0)","(0.0430730824430651, -0.002443260686268339)","(0.08872228543317091, -0.010224515655947073)","(0.13695877088962471, -0.024148636159261442)","(0.1878576967791449, -0.04526385116077495)","(0.24160865854645988, -0.07501254628432555)","(0.2986190922085437, -0.11552430595105835)","(0.35975591276862645, -0.17026273127682665)","(0.42703477080458013, -0.24576331309418525)","(0.50644423395509, -0.3583191155424971)","(0.671278346666184, -0.6697873205168444)",0.006629200070165098
2.004333,"(0.0, 0.0)","(0.04304651443696417, -0.0024446829746509312)","(0.08866813709067613, -0.0102306964032424)","(0.13687503796900347, -0.02416378310257026)","(0.18774107290768924, -0.045293315819291725)","(0.24145404609450366, -0.07506329072313445)","(0.2984187644172312, -0.11560574884024914)","(0.3594979090648291, -0.1703884245200992)","(0.4266992543327103, -0.2459548059256274)","(0.5059921488207434, -0.35861796535869606)","(0.6704886352848372, -0.6704228830262131)",0.008021400077268481
2.0103325,"(0.0, 0.0)","(0.043019979966749694, -0.0024460910390304382)","(0.08861405711059546, -0.010236817473397357)","(0.13679141467375844, -0.024178788992948706)","(0.1876246128241587, -0.045322516480726285)","(0.24129967292661295, -0.07511359956132585)","(0.2982187843545786, -0.11568652643703575)","(0.35924041182996763, -0.17051315104462192)","(0.4263644830526875, -0.24614493598020984)","(0.5055411944932148, -0.35891490909320517)","(0.6697011953027652, -0.671055282602358)",0.006161199999041855
2.0163320000000002,"(0.0, 0.0)","(0.04299347903910772, -0.002447484982385961)","(0.08856004549946278, -0.010242879292580461)","(0.1367079009783322, -0.024193654824173964)","(0.18750831640892954, -0.0453514549803052)","(0.24114553873000194, -0.07516347578719011)","(0.29801915136734686, -0.11576664324719944)","(0.35898341985508236, -0.17063691732239541)","(0.4260304548728603, -0.2463337123097034)","(0.5050913674201778, -0.3592099594398545)","(0.6689160187670838, -0.6716845415821714)",0.007774600060656667
2.0223315,"(0.0, 0.0)","(0.042967011659607715, -0.00244886490686761)","(0.08850610226161462, -0.010248882283556717)","(0.13662449685400582, -0.024208381582136115)","(0.18739218353845605, -0.045380133138750216)","(0.2409916431874953, -0.0752129223654314)","(0.2978198647978365, -0.11584610374086982)","(0.3587269319272111, -0.17075972977380754)","(0.42569716769878424, -0.2465211438925688)","(0.5046426640490195, -0.35950312898695214)","(0.6681330977336705, -0.6723106821171502)",0.007423799950629473
2.028331,"(0.0, 0.0)","(0.042940577833111344, -0.0024502309138560987)","(0.08845222740003744, -0.01025482686593865)","(0.13654120227020616, -0.02422297024543556)","(0.18727621408704448, -0.04540855276340707)","(0.2408379859797652, -0.07526194223905591)","(0.29762092398656453, -0.11592491235546494)","(0.3584709468324562, -0.1708815947720254)","(0.4253646194365805, -0.24670723964040533)","(0.5041950808303014, -0.3597944302269081)","(0.6673524242698967, -0.6729337261781341)",0.007436799933202565
2.0343305,"(0.0, 0.0)","(0.04291417756305283, -0.002451583103870828)","(0.08839842091487288, -0.010260713455796457)","(0.13645801719219922, -0.02423742178444978)","(0.18716040792372596, -0.04543671564647267)","(0.24068456678140254, -0.07531053832639276)","(0.2974223282675948, -0.11600307349103472)","(0.3582154633506955, -0.1710025186360169)","(0.42503280798725346, -0.24689200838767827)","(0.5037486142121204, -0.3600838755408715)","(0.6665739904510122, -0.6735536955309922)",0.006925199995748699
2.04033,"(0.0, 0.0)","(0.042887810852306536, -0.0024529215766910433)","(0.08834468280521655, -0.010266542466169551)","(0.13637494158386473, -0.024251737162552835)","(0.18704476491602173, -0.045464623567303325)","(0.24053138526565868, -0.07535871352496089)","(0.2972240769741977, -0.11608059151628941)","(0.3579604802620388, -0.17112250763956588)","(0.4247017312537152, -0.24707545890496782)","(0.5033032606472522, -0.36037147721851537)","(0.6657977883654159, -0.6741706117742048)",0.008284099982120097
2.0463295,"(0.0, 0.0)","(0.04286147770238574, -0.0024542464312528427)","(0.08829101306745506, -0.010272314306629804)","(0.13629197540513005, -0.0242659173350701)","(0.18692928492646274, -0.045492278290429566)","(0.240378441100071, -0.07540647070813321)","(0.29702616943365057, -0.11615747076338562)","(0.35770599634093675, -0.1712415680034581)","(0.4243713871344498, -0.24725759988746393)","(0.5028590165868543, -0.3606572474408271)","(0.6650238101105836, -0.6747844962963521)",0.006852099904790521
2.052329,"(0.0, 0.0)","(0.04283517811410993, -0.002455557765743432)","(0.0882374116966486, -0.010278029383679341)","(0.1362091186141018, -0.024279963250226196)","(0.18681396781548357, -0.04551968156734963)","(0.24022573395010918, -0.07545381272814043)","(0.2968286049715895, -0.11623371553260824)","(0.3574520103611476, -0.17135970590248198)","(0.42404177352892247, -0.24743843996525505)","(0.5024158784859761, -0.3609411982954754)","(0.6642520477971722, -0.6753953703234609)",0.00797849998343736
2.0583285,"(0.0, 0.0)","(0.042808912087236875, -0.0024568556775563266)","(0.0881838786857671, -0.010283688100560013)","(0.13612637116588816, -0.024293875848687772)","(0.1866988134398249, -0.04554683513565913)","(0.24007326347716879, -0.07550074241460554)","(0.29663138290963076, -0.11630933009007567)","(0.35719852109305283, -0.17147692746198384)","(0.42371288833471155, -0.2476179876982491)","(0.5019738428007477, -0.3612233417691996)","(0.663482493547353, -0.6760032548943642)",0.006761400029063225
2.064328,"(0.0, 0.0)","(0.04278267962057936, -0.0024581402633115355)","(0.08813041402593066, -0.010289290857337768)","(0.1360437330129682, -0.024307656063762943)","(0.1865838216530361, -0.045573740719425535)","(0.23992102933920784, -0.07554726257516674)","(0.2964345025661379, -0.1163843186687053)","(0.35694552730454665, -0.1715932387593043)","(0.42338472944850625, -0.2477962515782766)","(0.5015329059894497, -0.36150368975094066)","(0.6627151394958279, -0.6766081708660809)",0.008855800027959049
2.0703275,"(0.0, 0.0)","(0.042756480712097686, -0.0024594116188725677)","(0.08807701770660041, -0.010294838050973693)","(0.13596120410548615, -0.024321304821568846)","(0.1864689923058751, -0.045600400029502344)","(0.2397690311912538, -0.0755933759959996)","(0.29623796325683477, -0.11645868546902174)","(0.3566930277617514, -0.17170864582498052)","(0.4230572947669114, -0.24797324003084772)","(0.5010930645133893, -0.3617822540344562)","(0.6619499777906903, -0.6772101389185672)",0.009427500073798
2.076327,"(0.0, 0.0)","(0.042730315358710656, -0.002460669839325506)","(0.08802368971518569, -0.010300330075234438)","(0.13587878439064405, -0.02433482304081555)","(0.18635432524548565, -0.0456268147631159)","(0.23961726868437286, -0.07563908544111811)","(0.2960417642935862, -0.11653243465805808)","(0.3564410212276491, -0.17182315464109071)","(0.4227305821850024, -0.248148961412705)","(0.500654314835514, -0.3620590463146387)","(0.6611870005927402, -0.6778091795555896)",0.007601900026202202
2.0823265,"(0.0, 0.0)","(0.04270418355674128, -0.0024619150190436164)","(0.08797043003796765, -0.010305767320964722)","(0.13579647381412652, -0.024348211633455047)","(0.18623982031733086, -0.0456529866050926)","(0.23946574146810493, -0.07568439365442968)","(0.29584590498730745, -0.11660557037255888)","(0.35618950646540326, -0.17193677114604364)","(0.42240458959994576, -0.248323424018864)","(0.5002166534241044, -0.36233407819804087)","(0.6604262000782443, -0.678405313109591)",0.008275300031527877
2.088326,"(0.0, 0.0)","(0.042678085301364035, -0.0024631472516171505)","(0.08791723865895015, -0.01031115017578925)","(0.1357142723183271, -0.02436147150396704)","(0.18612547736278723, -0.045678917226500824)","(0.23931444918744108, -0.0757293033574499)","(0.2956503846443717, -0.11667809671540334)","(0.3559384822342946, -0.17204950122921123)","(0.42207931490663714, -0.24849663607469805)","(0.4997800767484622, -0.36260736119101117)","(0.659667568436249, -0.6789985597370967)",0.006336200051009655
2.0943255,"(0.0, 0.0)","(0.042652020587044016, -0.0024643666299171848)","(0.08786411556077128, -0.010316479024381977)","(0.13563217984375406, -0.024374603550000158)","(0.18601129622105328, -0.04570460828586375)","(0.23916339148522744, -0.07577381725133354)","(0.29545520256948143, -0.11675001775877059)","(0.3556879472929973, -0.17216135073566152)","(0.42175475600127216, -0.2486686057428966)","(0.4993445812825488, -0.3628789067100922)","(0.6589110978712862, -0.6795889394214881)",0.006903999950736761
2.100325,"(0.0, 0.0)","(0.0426259894074056, -0.002465573246082176)","(0.08781106072442883, -0.010321754248408277)","(0.13555019632860507, -0.02438760866223177)","(0.1858972767285725, -0.04573006142888991)","(0.2390125680014425, -0.07581793801641705)","(0.2952603580648144, -0.11682133754341846)","(0.35543790039862494, -0.1722723254650691)","(0.42143091078034284, -0.2488393411218496)","(0.4989101635040356, -0.36314872607958926)","(0.6581567806029561, -0.680176471982915)",0.008195600006729364
2.1063245,"(0.0, 0.0)","(0.042599991755132335, -0.002466767191508923)","(0.08775807412907197, -0.01032697622648571)","(0.13546832170844653, -0.02440048772427226)","(0.18578341871859894, -0.04575527828828816)","(0.23886197837265363, -0.07586166831190234)","(0.29506585042938444, -0.11689206007818193)","(0.35518834030601903, -0.1723824311709537)","(0.42110777713989733, -0.24900885024451355)","(0.4984768198936196, -0.3634168305298496)","(0.6574046088656925, -0.6807611770653808)",0.00706730003003031
2.112324,"(0.0, 0.0)","(0.04257402762223601, -0.002467948556893239)","(0.08770515575255816, -0.010332145334355298)","(0.1353865559170709, -0.024413241613072244)","(0.18566972202236068, -0.04578026048453679)","(0.23871162223348333, -0.0759050107771436)","(0.29487167896079436, -0.11696218934197684)","(0.3549392657697532, -0.17249167356367504)","(0.42078535297773084, -0.2491771410828113)","(0.49804454693726896, -0.3636832312038424)","(0.6566545749104856, -0.6813430741581437)",0.007259699981659651
2.1183235000000002,"(0.0, 0.0)","(0.04254809700000796, -0.002469117432227785)","(0.08765230557135129, -0.010337261944871454)","(0.13530489888633915, -0.024425871198896585)","(0.1855561864688468, -0.045805009625831006)","(0.23856149921634365, -0.0759479680315536)","(0.294677842954926, -0.117031729283647)","(0.3546906755437947, -0.1726000583101944)","(0.4204636361930459, -0.2493442215472718)","(0.49761334112593475, -0.36394793915660095)","(0.6559066710048896, -0.6819221825627441)",0.007688399986363947
2.124323,"(0.0, 0.0)","(0.04252219987856176, -0.002470273906744346)","(0.08759952355957121, -0.010342326427756619)","(0.13522335054471343, -0.024438377344735876)","(0.1854428118828165, -0.04582952730696262)","(0.23841160894893465, -0.07599054267271721)","(0.29448434170296783, -0.1171006838190075)","(0.3544425683781433, -0.1727075910296317)","(0.4201426246828487, -0.24951009948046596)","(0.49718319895199753, -0.3642109653453607)","(0.6551608894308673, -0.6824985214542506)",0.009213699959218502
2.1303225,"(0.0, 0.0)","(0.04249633624771331, -0.0024714180690374133)","(0.0875468096908193, -0.01034733915012367)","(0.13514191082007254, -0.024450760907553208)","(0.1853295980886194, -0.04585381511168255)","(0.2382619510590526, -0.07603273728035413)","(0.2942911744971467, -0.11716905683703274)","(0.35419494302535093, -0.17281427730253526)","(0.4198223163490109, -0.24967478267066115)","(0.49675411691637816, -0.3644723206500189)","(0.6544172224897137, -0.6830721098067362)",0.0072104999562725425
2.136322,"(0.0, 0.0)","(0.04247050609629756, -0.0024725500069758995)","(0.08749416393675992, -0.010352300476101153)","(0.1350605796375236, -0.024463022737386406)","(0.18521654490722667, -0.04587787461099396)","(0.23811252517085654, -0.07607455441344707)","(0.294098340626288, -0.11723685219535966)","(0.3539477982354929, -0.1729201226641291)","(0.41950270909286524, -0.24983827884185425)","(0.4963260915231801, -0.3647320158581693)","(0.653675662498684, -0.6836429664647701)",0.007419399917125702
2.1423215,"(0.0, 0.0)","(0.04244470941225425, -0.002473669807718798)","(0.08744158626729594, -0.010357210766898732)","(0.1349793569196705, -0.02447516367750242)","(0.18510365215659505, -0.04590170736344168)","(0.23796333090532934, -0.07611599661072242)","(0.2939058393763704, -0.11730407372103188)","(0.3537011327568101, -0.17302513260541935)","(0.4191838008159215, -0.25000059565538696)","(0.4958991192804531, -0.36499006166750214)","(0.6529362017916979, -0.6842111100965111)",0.006572099984623492
2.148321,"(0.0, 0.0)","(0.042418946183159015, -0.002474777557791678)","(0.08738907665167166, -0.010362070381130234)","(0.13489824258831548, -0.024487184565167783)","(0.18499091965397632, -0.045925314916571355)","(0.23781436788318436, -0.07615706639309681)","(0.2937136700339916, -0.11737072521431827)","(0.35345494533965427, -0.17312931257891256)","(0.41886558942414437, -0.25016174071837144)","(0.49547319670450973, -0.36524646869843336)","(0.6521988327223549, -0.684776559223489)",0.006298499996773899
2.1543205,"(0.0, 0.0)","(0.042393216395778796, -0.002475873343030475)","(0.08733663505754825, -0.010366879674574742)","(0.134817236563032, -0.024499086231075523)","(0.1848783472139807, -0.04594869880583854)","(0.23766563572243085, -0.07619776626183926)","(0.2935218318834746, -0.11743681044583243)","(0.35320923473321353, -0.17323266799428658)","(0.4185480728244412, -0.2503217215772911)","(0.49504832031645757, -0.36550124748448265)","(0.6514635476618186, -0.6853393322040627)",0.007675900007598102
2.16032,"(0.0, 0.0)","(0.04236752003583533, -0.002476957248553306)","(0.08728426145051106, -0.010371639000056313)","(0.13473633876040286, -0.024510869499055683)","(0.18476593464754196, -0.045971860554055395)","(0.2375171340370742, -0.07623809869763651)","(0.2933303242053263, -0.11750233315506328)","(0.35296399968377273, -0.17333520421617404)","(0.41823124892280755, -0.25048054571471534)","(0.49462448664039393, -0.3657544084673181)","(0.6507303389978162, -0.6858994472510269)",0.007085199933499098
2.1663195,"(0.0, 0.0)","(0.04234185708865155, -0.002478029358852658)","(0.08723195579541126, -0.010376348707833617)","(0.13465554909609032, -0.024522535187004924)","(0.18465368176472768, -0.045994801673152556)","(0.23736886244065272, -0.07627806616354815)","(0.2931391462804511, -0.11756729705498958)","(0.35271923893950785, -0.17343692657107815)","(0.41791511562951644, -0.2506382205594928)","(0.49420169220862226, -0.366005962012042)","(0.649999199138212, -0.6864569224141286)",0.00685250002425164
2.172319,"(0.0, 0.0)","(0.04231622753900252, -0.002479089757779257)","(0.08717971805605573, -0.010381009145530742)","(0.1345748674843562, -0.024534084106719388)","(0.1845415883740876, -0.046017523663858584)","(0.23722082054541863, -0.07631767110446332)","(0.29294829738918166, -0.11763170583122427)","(0.35247495124939315, -0.17353784034608002)","(0.4175996708579576, -0.2507947534848332)","(0.49377993356053035, -0.3662559184042974)","(0.6492701205104162, -0.6870117755914205)",0.0062969999853521585
2.1783185,"(0.0, 0.0)","(0.04229063137071311, -0.0024801385284912453)","(0.08712754819437007, -0.010385620657921084)","(0.13449429383676906, -0.024545517063375957)","(0.18442965428089844, -0.046040028014711666)","(0.23707300796013225, -0.07635691594543499)","(0.29275777680865617, -0.11769556313940077)","(0.35223113536023487, -0.17363795078490565)","(0.41728491252145855, -0.2509501518024869)","(0.4933592072394589, -0.3665042878415016)","(0.6485430955595067, -0.6875640245492541)",0.00734109990298748
2.184318,"(0.0, 0.0)","(0.04226506856696982, -0.002481175753500717)","(0.08707544617104483, -0.010390183587123581)","(0.13441382806320143, -0.024556834855999677)","(0.18431787928851712, -0.04606231620294391)","(0.23692542429176508, -0.07639580309316073)","(0.2925675838148499, -0.11775887260748287)","(0.35198779001898534, -0.17373726309138252)","(0.41697083853579653, -0.25110442276783523)","(0.4929395097952434, -0.366751080440472)","(0.647818116750033, -0.6881136868859689)",0.006404499989002943
2.1903175,"(0.0, 0.0)","(0.0422395391104145, -0.002482201514690572)","(0.08702341194573002, -0.010394698272673333)","(0.13433347007212795, -0.024568038277630773)","(0.1842062631987857, -0.04608438969479539)","(0.23677806914601038, -0.07643433493650587)","(0.2923777176831869, -0.11782163783657584)","(0.3517449139734459, -0.17383578243064948)","(0.4166574468199725, -0.2512575735816629)","(0.4925208377850166, -0.366996306240073)","(0.64709517656667, -0.6886607800621146)",0.0073784999549388885
2.196317,"(0.0, 0.0)","(0.04221404298319214, -0.002483215893325089)","(0.08697144547713301, -0.010399165051565564)","(0.13425321977077667, -0.0245791281154281)","(0.18409480581223556, -0.04610624994570751)","(0.23663094212754082, -0.07647251384682378)","(0.29218817768885047, -0.11788386240142142)","(0.35150250597262583, -0.17393351392989012)","(0.41634473529661364, -0.2514096113912315)","(0.49210318777364226, -0.36723997520281126)","(0.646374267514624, -0.689205321393253)",0.006851299898698926
2.2023165000000002,"(0.0, 0.0)","(0.04218858016653902, -0.0024842189699975123)","(0.08691954672216136, -0.010403584258032707)","(0.13417307706380405, -0.024590105150134066)","(0.1839835069262891, -0.0461278983993034)","(0.23648404283774754, -0.07651034217623688)","(0.2919989631040945, -0.11794554984770031)","(0.3512605647637005, -0.1740304626742716)","(0.41603270188871083, -0.25156054328426564)","(0.49168655633050035, -0.3674820972057724)","(0.6456553821177065, -0.6897473280492257)",0.007680000038817525
2.208316,"(0.0, 0.0)","(0.042163150641431356, -0.0024852108247227995)","(0.08686771563727064, -0.010407956223936612)","(0.13409304185537485, -0.024600970157010994)","(0.18387236633808246, -0.046149336489163605)","(0.2363373708782913, -0.07654782226061697)","(0.2918100732024736, -0.11800670369668972)","(0.3510190890968172, -0.17412663371393158)","(0.4157213445248115, -0.2517103762992627)","(0.4912709400346845, -0.36772268205610853)","(0.6449385129217836, -0.6902868170523985)",0.006463100085966289
2.2143155,"(0.0, 0.0)","(0.04213775438778544, -0.0024861915368320636)","(0.08681595217680109, -0.010412281278320407)","(0.1340131140465941, -0.024611723904767367)","(0.18376138384097854, -0.04617056563678288)","(0.23619092584671722, -0.07658495641614518)","(0.2916215072536273, -0.1180673274398718)","(0.35077807771918545, -0.17422203205586875)","(0.4154106611326679, -0.2518591174134956)","(0.4908563354687132, -0.3679617394729641)","(0.6442236524908898, -0.6908238052954596)",0.007048500003293157
2.220315,"(0.0, 0.0)","(0.0421123913851967, -0.002487161185077521)","(0.0867642562945115, -0.010416559747852435)","(0.1339332935378729, -0.024622367156617957)","(0.1836505592277787, -0.04619158725358128)","(0.23604470734049524, -0.07662174694268838)","(0.29143326452809043, -0.11812742454421157)","(0.35053752938054017, -0.17431666267186194)","(0.4151006496451348, -0.25200677355470286)","(0.49044273922442544, -0.3681992791050481)","(0.6435107934111021, -0.6913583095173094)",0.006340899970382452
2.2263145,"(0.0, 0.0)","(0.04208706161285049, -0.0024881198476243097)","(0.08671262794339406, -0.010420791956790814)","(0.13385358022864213, -0.02463290067019744)","(0.18353989229033316, -0.046212402740736874)","(0.2358987149565302, -0.07665819612351352)","(0.2912453442967141, -0.11818699845170393)","(0.350297442832491, -0.17441053049778127)","(0.41479130799948105, -0.2521533516000597)","(0.49003014790231825, -0.36843531052906847)","(0.6427999282902168, -0.6918903463309855)",0.006059299921616912
2.232314,"(0.0, 0.0)","(0.04206176504887206, -0.0024890676019651567)","(0.08666106707432207, -0.010424978226620968)","(0.1337739740152641, -0.02464332519669128)","(0.1834293828167055, -0.046233013487531366)","(0.23575294828759602, -0.07669430622250027)","(0.2910577458264229, -0.11824605257500155)","(0.350057816823716, -0.17450364042700742)","(0.4144826341322273, -0.25229885836643284)","(0.4896185581064477, -0.3686698432350357)","(0.6420910497546451, -0.6924199321974809)",0.007397799985483289
2.2383135,"(0.0, 0.0)","(0.0420365016713861, -0.0024900045250694854)","(0.08660957363825106, -0.010429118876686832)","(0.1336944747944292, -0.024653641482344404)","(0.1833190305957829, -0.04625342087421364)","(0.2356074069281347, -0.07673007948895248)","(0.29087046838711944, -0.11830459030494242)","(0.34981865010779806, -0.17459599732173553)","(0.4141746259875942, -0.252443300627083)","(0.48920796645284387, -0.36890288665139537)","(0.6413841504548196, -0.6929470834574002)",0.00609979999717325
2.244313,"(0.0, 0.0)","(0.04201127145773361, -0.002490930693279771)","(0.08655814758458978, -0.01043321422375079)","(0.13361508246063983, -0.024663850267406414)","(0.18320883541386002, -0.04627362626999256)","(0.23546209046996, -0.07676551815421762)","(0.29068351124657255, -0.1183626150052492)","(0.3495799414374332, -0.1746876060049993)","(0.41386728151127816, -0.2525866850998577)","(0.4887983695633525, -0.3691344501272273)","(0.6406792230614109, -0.693471816312453)",0.006248399964533746
2.2503125,"(0.0, 0.0)","(0.04198607438453724, -0.002491846182324321)","(0.08650678886133634, -0.010437264582047048)","(0.13353579690642026, -0.0246739522862576)","(0.1830987970549233, -0.046293631033273185)","(0.23531699850261445, -0.07680062443207876)","(0.29049687367084487, -0.11842013001313602)","(0.34934168956491923, -0.17477847126157176)","(0.4135605986509904, -0.2527290184485073)","(0.4883897640661949, -0.3693645429341994)","(0.6399762602657906, -0.6939941468148135)",0.006954600103199482
2.256312,"(0.0, 0.0)","(0.04196091042826439, -0.0024927510673982303)","(0.08645549741624603, -0.010441270263624064)","(0.13345661802411785, -0.024683948268226747)","(0.18298891530309502, -0.04631343651320811)","(0.23517213061644432, -0.07683540052136026)","(0.2903105549279533, -0.11847713864338277)","(0.3491038932463132, -0.17486859784408235)","(0.4132545753609383, -0.25287030729172244)","(0.4879821466004368, -0.3695931742801726)","(0.639275254782907, -0.6945140909155816)",0.007359499926678836
2.2623115,"(0.0, 0.0)","(0.04193577956436257, -0.0024936454230483763)","(0.08640427319503456, -0.010445231577856226)","(0.1333775457031287, -0.024693838936420708)","(0.18287918993886645, -0.046333044047469844)","(0.2350274863978611, -0.07686984860217483)","(0.2901245542822318, -0.1185336441824494)","(0.348866551235042, -0.17495799046415647)","(0.41294920959496256, -0.2530105581900095)","(0.487575513809201, -0.3698203532893892)","(0.6385761993471495, -0.6950316644032202)",0.006958600017242134
2.268311,"(0.0, 0.0)","(0.04191068176816963, -0.002494529323302161)","(0.08635311614326846, -0.010449148831988934)","(0.1332985798328145, -0.024703625009027348)","(0.18276962074305683, -0.04635245496472445)","(0.23488306543432147, -0.07690397084008083)","(0.28993887100025884, -0.11858964989498187)","(0.3486296622886291, -0.17504665380219003)","(0.41264449931378216, -0.253149777660141)","(0.4871698623468725, -0.37004608902424146)","(0.6378790867169111, -0.6955468829539325)",0.006594799924641848
2.2743105,"(0.0, 0.0)","(0.04188561701459987, -0.0024954028416280926)","(0.08630202620571195, -0.010453022330970731)","(0.13321972030149354, -0.024713307198912172)","(0.1826602074954427, -0.046371670583861976)","(0.23473886731260254, -0.07693776938478318)","(0.28975350434880653, -0.11864515902177065)","(0.3483932251663707, -0.17513459250426966)","(0.4123404424825032, -0.2532879721705883)","(0.4867651888766455, -0.37027039047836835)","(0.6371839096731325, -0.6960597621105596)",0.006060499930754304
2.28031,"(0.0, 0.0)","(0.04186058527764663, -0.0024962660508709017)","(0.08625100332529223, -0.010456852377177464)","(0.1331409669948418, -0.02472288621295629)","(0.1825509499725865, -0.04639069221273486)","(0.23459489161607108, -0.07697124636800552)","(0.289568453591591, -0.11870017477640896)","(0.3481572386256578, -0.17522181117713684)","(0.4120370370666706, -0.25342514813404793)","(0.4863614900666303, -0.37049326656535225)","(0.6364906610169871, -0.6965703172928883)",0.007150100078433752
2.2863095,"(0.0, 0.0)","(0.04183558653114249, -0.002497119023359827)","(0.08620004744467853, -0.010460639270870677)","(0.13306231979833086, -0.024732362753152187)","(0.18244184795114515, -0.04640952115023803)","(0.23445113792884367, -0.07700440390698582)","(0.28938371799422585, -0.11875470035076445)","(0.3479217014275928, -0.17530831439640784)","(0.41173428103831833, -0.2535613119196006)","(0.4859587625958645, -0.3707147261370451)","(0.6357993335736584, -0.6970785637873966)",0.007961599971167743
2.292309,"(0.0, 0.0)","(0.04181062074842084, -0.0024979618308655868)","(0.0861491585055781, -0.010464383310014466)","(0.13298377859613839, -0.02474173751616355)","(0.18233290120638998, -0.046428158685469546)","(0.23430760583392612, -0.07703724410305968)","(0.28919929682200696, -0.11880873891275155)","(0.3476866123344828, -0.17539410670321515)","(0.41143217237327817, -0.25369646984772404)","(0.4855570031516633, -0.3709347779760228)","(0.6351099201907716, -0.6975845167583862)",0.007428599987179041
2.2983085,"(0.0, 0.0)","(0.041785687902199886, -0.0024987945445879302)","(0.08609833644849371, -0.010468084790221946)","(0.13290534327077386, -0.024751011193195574)","(0.18222410951169818, -0.04644660609748076)","(0.23416429491257193, -0.07706976904123503)","(0.2890151893391501, -0.11886229360565856)","(0.347451970108978, -0.17547919260318307)","(0.41113070905026267, -0.25383062818876173)","(0.485156208428727, -0.37115343079324925)","(0.6344224137379202, -0.6980881912555239)",0.009274800075218081
2.3043080000000002,"(0.0, 0.0)","(0.0417607879649317, -0.002499617235207336)","(0.08604758121344913, -0.010471744004973785)","(0.13282701370419714, -0.024760184470516616)","(0.18211547264006964, -0.046464864656265537)","(0.2340212047461906, -0.07710198079185253)","(0.28883139481106346, -0.1189153675507438)","(0.34721777351664934, -0.1755635765703262)","(0.41082988905364176, -0.2539637931686842)","(0.4847563751319026, -0.37137069323675465)","(0.6337368071084122, -0.6985896021892986)",0.007126699900254607
2.3103075,"(0.0, 0.0)","(0.04173592090843102, -0.0025004299728372424)","(0.08599689273921579, -0.010475361245414927)","(0.1327487897766233, -0.024769258028969777)","(0.18200699036250365, -0.0464829356218285)","(0.2338783349143046, -0.07713388140901298)","(0.28864791250191546, -0.1189679638447629)","(0.34698402132323547, -0.1756472630433181)","(0.41052971037048863, -0.25409597096354697)","(0.4843574999732765, -0.37158657388324196)","(0.6330530932175592, -0.6990887643629644)",0.008644099929369986
2.316307,"(0.0, 0.0)","(0.04171108670417512, -0.0025012328270690174)","(0.08594627096393627, -0.010478936800544583)","(0.13267067136748506, -0.024778232544426307)","(0.18189866244930472, -0.046500820245044684)","(0.23373568499619166, -0.07716547293201942)","(0.28846474167659014, -0.1190200855622236)","(0.34675071229685983, -0.1757302564288755)","(0.41023017099296927, -0.2542271677044909)","(0.48395957967455033, -0.37180108124562006)","(0.632371265004177, -0.6995856924442851)",0.007908700034022331
2.3223065,"(0.0, 0.0)","(0.04168628532335178, -0.0025020258669819395)","(0.08589571582522225, -0.010482470957257904)","(0.13259265835558148, -0.024787108687883926)","(0.18179048867028333, -0.0465185197678435)","(0.23359325457113653, -0.0771967573856832)","(0.2882818816009863, -0.11907173575585897)","(0.3465178452083718, -0.1758125611024615)","(0.409931268918714, -0.25435738947877334)","(0.4835626109674182, -0.3720142237745422)","(0.6316913154308584, -0.7000804010059092)",0.007849000045098364
2.328306,"(0.0, 0.0)","(0.04166151673638402, -0.0025028091610810456)","(0.08584522725916642, -0.010485964000081652)","(0.1325147506175526, -0.02479588712483212)","(0.18168246879268363, -0.04653603542199887)","(0.2334510432158229, -0.07722773677828164)","(0.2880993315389146, -0.11912291745341812)","(0.3462854188278327, -0.17589418140344407)","(0.40963300214704557, -0.254486642322574)","(0.4831665905898511, -0.3722260098475044)","(0.6310132374817891, -0.7005729044829524)",0.008209899999201298
2.3343055,"(0.0, 0.0)","(0.04163678091368426, -0.0025035827774047585)","(0.0857948052019093, -0.010489416211630067)","(0.13243694803029715, -0.02480456851634245)","(0.1815746025844652, -0.04655336843120031)","(0.23330905050846143, -0.07725841310504171)","(0.287917090757009, -0.11917363366312268)","(0.3460534319300824, -0.17597512164330295)","(0.40933536868496473, -0.25461493223315135)","(0.48277151529202306, -0.3724364477872084)","(0.630337024166353, -0.7010632171899185)",0.007057600072585046
2.340305,"(0.0, 0.0)","(0.04161207782482889, -0.0025043467834140664)","(0.0857444495879218, -0.010492827872134068)","(0.13235925046831967, -0.024813153517939408)","(0.18146688981069958, -0.04657052000890221)","(0.23316727602425558, -0.07728878834451314)","(0.2877351585193319, -0.11922388736797203)","(0.3458218832886262, -0.17605538609704266)","(0.409038366540588, -0.2547422651560946)","(0.48237738182983697, -0.37264554584225634)","(0.6296626685152983, -0.7015513533401357)",0.007120699970982969
2.3463045,"(0.0, 0.0)","(0.0415874074393389, -0.002505101246103945)","(0.08569416035162836, -0.01049619925991327)","(0.1322816578062353, -0.024821642780729465)","(0.18135933023697062, -0.04658749136046901)","(0.233025719339678, -0.0773188644621773)","(0.2875535340924617, -0.11927368153139709)","(0.3455907716814028, -0.1761349790117003)","(0.4087419937293451, -0.2548686469979265)","(0.4819841869710548, -0.37285331220619233)","(0.6289901635844435, -0.702037327030125)",0.0062475999584421515
2.352304,"(0.0, 0.0)","(0.0415627697262327, -0.002505846231944804)","(0.0856439374264759, -0.010499530651126921)","(0.1322041699173318, -0.024830036950803)","(0.18125192362742057, -0.04660428368203474)","(0.2328843800300119, -0.07734864340852174)","(0.28737221674256674, -0.11932301909423375)","(0.34536009588746874, -0.17621390460177647)","(0.4084462482704226, -0.2549940836193149)","(0.481591927491793, -0.3730597550072115)","(0.6283195024526186, -0.7025211522287749)",0.006269600009545684
2.3583035,"(0.0, 0.0)","(0.041538164653924896, -0.0025065818068716857)","(0.08559378074472224, -0.010502822319727385)","(0.1321267866732415, -0.02483833666912134)","(0.18114466974430307, -0.046620898160285106)","(0.23274325766878748, -0.07737812711866887)","(0.2871912057347352, -0.11937190297413311)","(0.34512985468623847, -0.17629216704833575)","(0.40815112818595056, -0.2551185808337208)","(0.4812006001757315, -0.3732648823060889)","(0.6276506782212417, -0.7030028428109217)",0.008977599907666445
2.364303,"(0.0, 0.0)","(0.04151359219100291, -0.0025073080363953097)","(0.08554369023905116, -0.010506074537930687)","(0.13204950794643389, -0.024846542572642558)","(0.18103756835136758, -0.04663733597459727)","(0.23260235183203826, -0.07740731751597632)","(0.28701050033803766, -0.11942033607120489)","(0.3449000468632232, -0.17636977050750316)","(0.4078566315071667, -0.25524214441999565)","(0.48081020182019674, -0.3734687021152281)","(0.6269836840179432, -0.703482412529097)",0.008333500009030104
2.3703025,"(0.0, 0.0)","(0.04148905230505062, -0.0025080249854421144)","(0.0854936658401246, -0.010509287575537115)","(0.13197233360643498, -0.02485465529269233)","(0.18093061920872294, -0.04665359829393695)","(0.23246166209183847, -0.07743621650680503)","(0.2868300998178375, -0.11946832125980042)","(0.3446706712013169, -0.17644671909806997)","(0.4075627562650629, -0.25536478010397146)","(0.48042072922694745, -0.37367122237076505)","(0.6263185129911566, -0.7039598750287129)",0.007138200104236603
2.376302,"(0.0, 0.0)","(0.04146454496362878, -0.0025087327184934853)","(0.08544370747862044, -0.01051246170052135)","(0.13189526352297282, -0.02486267545637628)","(0.18082382207710893, -0.04666968627954338)","(0.2323211880216752, -0.07746482598503855)","(0.28665000344218217, -0.11951586139559862)","(0.34444172648803845, -0.17652301691216427)","(0.4072695004981627, -0.2554864935742843)","(0.48003217920984653, -0.37387245095650434)","(0.6256551583146723, -0.7044352438392387)",0.006828200072050095
2.3823015,"(0.0, 0.0)","(0.04144007013400773, -0.002509431299552039)","(0.08539381508467755, -0.010515597178888805)","(0.13181829756511998, -0.024870603686234477)","(0.18071717671672982, -0.046685601084269265)","(0.2321809291949805, -0.07749314783096707)","(0.28647021048005505, -0.11956295931384833)","(0.3442132115135506, -0.17659866801259275)","(0.4069768622503951, -0.2556072904784171)","(0.47964454859277045, -0.37407239569790873)","(0.624993613186422, -0.7049085323896562)",0.007295499905012548
2.3883010000000002,"(0.0, 0.0)","(0.041415627782960346, -0.0025101207921158727)","(0.08534398858746237, -0.010518694274565673)","(0.13174143560062224, -0.024878440599976393)","(0.18061068288634172, -0.046701343852073744)","(0.23204088518398103, -0.07752118391042848)","(0.28629072020000623, -0.11960961782801355)","(0.3439851250691086, -0.17667367643078913)","(0.40668483956943174, -0.25572717641963866)","(0.4792578342079746, -0.37427106435743657)","(0.6243338708275453, -0.7053797539972375)",0.008400000049732625
2.3943005,"(0.0, 0.0)","(0.041391217876687515, -0.0025108012591714356)","(0.08529422791501456, -0.01052175324936805)","(0.13166467749565983, -0.02488618681040549)","(0.1805043403429265, -0.04671691571787605)","(0.2319010555592868, -0.07754893607455725)","(0.2861115318696621, -0.11965583972937208)","(0.3437574659465048, -0.17674804616619758)","(0.40639343050609095, -0.2558461569560713)","(0.4788720328955134, -0.37446846463310013)","(0.6236759244820849, -0.7058489218684304)",0.007959399954415858
2.4003,"(0.0, 0.0)","(0.04136684038176625, -0.002511472763328511)","(0.08524453299621754, -0.01052477436357425)","(0.13158802311788975, -0.024893842926789395)","(0.18039814884582342, -0.04673231781016132)","(0.2317614398950878, -0.0775764061641727)","(0.2859326447619066, -0.1197016277938998)","(0.343530232945069, -0.17682178119664724)","(0.4061026331218517, -0.2559642376160914)","(0.4784871415106385, -0.37466460418179953)","(0.6230197674212912, -0.7063160491271083)",0.009086299920454621
2.4062995,"(0.0, 0.0)","(0.04134249526360233, -0.0025121353666080963)","(0.08519490375757992, -0.010527757875023804)","(0.13151147233147303, -0.02490140955269917)","(0.18029210814997274, -0.0467475512468646)","(0.2316220377606523, -0.0776035960028367)","(0.28575405814476557, -0.11974698477136332)","(0.34330342486021, -0.17689488546189142)","(0.40581244547655726, -0.25608142387385796)","(0.47810315691169875, -0.3748594905821872)","(0.6223653929366223, -0.7067811487565043)",0.008044100017286837
2.412299,"(0.0, 0.0)","(0.041318182487902845, -0.0025127891306504124)","(0.08514534012629743, -0.010530704039999823)","(0.13143502500180393, -0.024908887288122617)","(0.18018621801233836, -0.046762617139391546)","(0.23148284872840597, -0.07763050740362717)","(0.2855757712910166, -0.11979191339595002)","(0.3430770404942994, -0.17696736287963155)","(0.40552286564009477, -0.2561977211731099)","(0.4777200759716361, -0.37505313137073854)","(0.6217127943464136, -0.7072442336630846)",0.008971499977633357
2.4182985,"(0.0, 0.0)","(0.0412939020195845, -0.002513434116565913)","(0.08509584202798055, -0.010533613112595897)","(0.13135868099199807, -0.02491627672794546)","(0.18008047818713638, -0.04677751658972433)","(0.23134387236792694, -0.07765714216425508)","(0.285397783471044, -0.11983641637859294)","(0.34285107864857856, -0.17703921733393133)","(0.4052338916837107, -0.25631313490993163)","(0.47733789556944406, -0.37524553401558214)","(0.6210619649909566, -0.7077053166420586)",0.00811159994918853
2.424298,"(0.0, 0.0)","(0.04126965382382666, -0.0025140703850851554)","(0.0850464093888459, -0.010536485345351778)","(0.13128244016627696, -0.02492357846347382)","(0.17997488843043102, -0.046792250693317786)","(0.23120510825172666, -0.07768350207194319)","(0.2852200939597147, -0.11988049641462811)","(0.34262553813094365, -0.17711045268675815)","(0.40494552168836284, -0.256427670449899)","(0.4769566125983815, -0.37543670594250284)","(0.6204128982372272, -0.7081644103857606)",0.007730100071057677
2.4302975,"(0.0, 0.0)","(0.041245437864742746, -0.002514697996376544)","(0.08499704213295053, -0.010539320988478982)","(0.13120630238569397, -0.024930793080576302)","(0.17986944849432723, -0.04680682053555932)","(0.2310665559479421, -0.07770958889745296)","(0.2850427020276826, -0.11992415617440443)","(0.34240041774609703, -0.17718107276380732)","(0.4046577537341552, -0.2565413331069853)","(0.4765762239555862, -0.37562665450289)","(0.6197655874729434, -0.708621527483438)",0.00729239999782294
2.436297,"(0.0, 0.0)","(0.04122125410700483, -0.0025153170102759394)","(0.08494774018557154, -0.010542120290835072)","(0.1311302675133551, -0.024937921162018466)","(0.1797641581340619, -0.04682122719621173)","(0.23092821502925556, -0.07773540440257205)","(0.2848656069519978, -0.1199673983150412)","(0.34217571630756094, -0.17725108137223355)","(0.4043705859132223, -0.2566541281699175)","(0.47619672655473966, -0.37581538701374034)","(0.6191200261138052, -0.7090766804472591)",0.008564800024032593
2.4422965,"(0.0, 0.0)","(0.0411971025143542, -0.002515927486081828)","(0.08489850347010619, -0.010544883499053392)","(0.13105433540962833, -0.02494496328537501)","(0.17965901710149376, -0.046835471745434946)","(0.2307900850647026, -0.07776095033340177)","(0.28468880800636065, -0.12001022546987526)","(0.3419514326266372, -0.17732048228471686)","(0.4040840163178877, -0.25676606087846465)","(0.47581811731442925, -0.37600291072162234)","(0.6184762075968568, -0.7095298816426164)",0.007902499986812472
2.448296,"(0.0, 0.0)","(0.04117298305048919, -0.0025165294826821998)","(0.08484933190991921, -0.010547610858081192)","(0.13097850593499616, -0.024951920024318595)","(0.17955402514897806, -0.046849555246237976)","(0.23065216562454502, -0.07778622842448776)","(0.28451230446691583, -0.12005264025494491)","(0.34172756551896943, -0.17738927924923933)","(0.40379804304769945, -0.2568771364379636)","(0.4754403931650591, -0.3761892328247158)","(0.6178341253844275, -0.7099811433909196)",0.009759800042957067
2.4542955,"(0.0, 0.0)","(0.04114889567877031, -0.0025171230585162496)","(0.08480022542772725, -0.01055030261101643)","(0.13090277894910474, -0.024958791948227296)","(0.1794491820280724, -0.04686347875372873)","(0.230514456278641, -0.07781124039755112)","(0.28433609561031153, -0.12009464526699015)","(0.34150411380234136, -0.17745747598605646)","(0.4035126642070685, -0.2569873600148024)","(0.4750635510465314, -0.3763743604659277)","(0.6171937729628088, -0.7104304778776422)",0.008432599948719144
2.460295,"(0.0, 0.0)","(0.04112484036234725, -0.0025177082715951375)","(0.08475118394586394, -0.010552958999195393)","(0.13082715431117123, -0.02496557962239329)","(0.1793444874900894, -0.04687724331550934)","(0.23037695659713925, -0.07783598796215101)","(0.2841601807145239, -0.12013624308448743)","(0.3412810762976093, -0.17752507618925162)","(0.4032278779062653, -0.25709673673871825)","(0.4746875879092204, -0.37655830073636415)","(0.6165551438428013, -0.7108778972107672)",0.008083199965767562
2.4662945,"(0.0, 0.0)","(0.04110081706406439, -0.0025182851794916146)","(0.08470220738608189, -0.010555580262148067)","(0.1307516318796775, -0.024972283607914633)","(0.17923994128567927, -0.046890849971467474)","(0.23023966614995056, -0.07786047281532875)","(0.28398455905822606, -0.12017743626708487)","(0.34105845182798544, -0.17759208352587316)","(0.40294368226064986, -0.2572052717015003)","(0.47431250071321535, -0.37674106067333246)","(0.6159182315592822, -0.7113234133975701)",0.007772800046950579
2.472294,"(0.0, 0.0)","(0.04107682574638697, -0.0025188538393325624)","(0.08465329566939832, -0.01055816663756584)","(0.13067621151212994, -0.02497890446161647)","(0.1791355431645014, -0.0469042997536237)","(0.23010258450633483, -0.07788469664134637)","(0.2838092299202949, -0.12021822735518446)","(0.34083623921847667, -0.17765850163529434)","(0.40266007539006826, -0.25731296995602154)","(0.4739382864277267, -0.37692264725884794)","(0.6152830296708677, -0.7117670383516963)",0.006169300060719252
2.4782935,"(0.0, 0.0)","(0.04105286637177447, -0.0025194143078540684)","(0.0846044487168715, -0.010560718361534946)","(0.13060089306625905, -0.02498544273660955)","(0.1790312928768529, -0.0469175936871935)","(0.22996571123694654, -0.0779086611134744)","(0.28363419258224154, -0.12025861887274668)","(0.340614437298635, -0.17772433413344058)","(0.4023770554217977, -0.2574198365225207)","(0.4735649420339704, -0.3771030674291647)","(0.6146495317615165, -0.7122087838976524)",0.0067952999379485846
2.484293,"(0.0, 0.0)","(0.041028938902358654, -0.002519966641359273)","(0.08455566644893059, -0.010563235668356827)","(0.13052567639898166, -0.024991898981858298)","(0.17892719017225797, -0.046930732789761724)","(0.22982904591205908, -0.0779323678925954)","(0.28345944632609776, -0.12029861332508927)","(0.3403930449001613, -0.17778958460945624)","(0.4020946204879748, -0.2575258763836251)","(0.4731924645226416, -0.3772823280671852)","(0.6140177314391017, -0.712648661754991)",0.012412399984896183
2.4902925,"(0.0, 0.0)","(0.041005043299780455, -0.002520510895698243)","(0.08450694878503467, -0.010565718790462102)","(0.1304505613658744, -0.024998273741973033)","(0.17882323479874984, -0.04694371807088442)","(0.2296925881006587, -0.07795581862652766)","(0.28328499043333577, -0.12033821319781779)","(0.3401720608556795, -0.17785425662407822)","(0.4018127687242803, -0.25763109448191274)","(0.47282085089262266, -0.3774604359987213)","(0.6133876223346894, -0.7130866835595411)",0.007783600012771785
2.496292,"(0.0, 0.0)","(0.04098117952575166, -0.0025210471263494736)","(0.0844582956448419, -0.01056816795875623)","(0.13037554782297828, -0.025004567558037857)","(0.17871942650532183, -0.046956550533664036)","(0.2295563373735273, -0.07797901495267996)","(0.2831108241885323, -0.12037742096099344)","(0.33995148400288344, -0.17791835371592477)","(0.4015314982743788, -0.25773549572926807)","(0.4724500981553313, -0.3776373980067159)","(0.6127591981049348, -0.7135228608614216)",0.006758800009265542
2.5022915,"(0.0, 0.0)","(0.04095734754140847, -0.0025215753883320187)","(0.08440970694686283, -0.0105705834022457)","(0.13030063562471667, -0.025010780966712776)","(0.1786157650390973, -0.04696923117303608)","(0.22942029329967886, -0.07800195849515579)","(0.2829369468751281, -0.12041623906457372)","(0.33973131317973193, -0.1779818793945969)","(0.40125080728476753, -0.25783908499658875)","(0.472080203329666, -0.37781322081554436)","(0.6121324524292724, -0.7139572051101504)",0.007149100070819259
2.508291,"(0.0, 0.0)","(0.04093354730816347, -0.002522095736327731)","(0.08436118261023343, -0.010572965348556824)","(0.1302258246266351, -0.025016914501477)","(0.17851225014904992, -0.046981760978136264)","(0.22928445545103937, -0.07802465086874531)","(0.28276335778099204, -0.12045466994468497)","(0.3395115472307457, -0.17804483715014963)","(0.40097069391151846, -0.2579418671278876)","(0.4717111634486071, -0.37798791111247404)","(0.6115073790135324, -0.7143897276737257)",0.008777099894359708
2.5142905,"(0.0, 0.0)","(0.04090977878681889, -0.002522608224559632)","(0.08431272255286881, -0.010575314023418486)","(0.13015111468254612, -0.025022968691386826)","(0.17840888158212373, -0.046994140929931025)","(0.22914882339756215, -0.07804709367492198)","(0.2825900561926082, -0.12049271601731973)","(0.3392921850004239, -0.17810723044355697)","(0.40069115631322133, -0.25804384692606763)","(0.47134297555229726, -0.37816147552597207)","(0.6108839715861144, -0.7148204398304524)",0.008341300068423152
2.52029,"(0.0, 0.0)","(0.040886041937913724, -0.00252311290684324)","(0.08426432669218485, -0.01057762965087963)","(0.13007650564564377, -0.025028944061596173)","(0.17830565908474558, -0.047006372002207204)","(0.2290133967091292, -0.07806928850350896)","(0.28241704139733503, -0.12053037968095141)","(0.33907322533579787, -0.17816906271065402)","(0.4004121926537175, -0.2581450291587839)","(0.4709756366907165, -0.37833392063460886)","(0.6102622238994447, -0.7152493527613955)",0.007909400039352477
2.5262895,"(0.0, 0.0)","(0.040862336722121056, -0.0025236098366450584)","(0.08421599494592502, -0.010579912453557317)","(0.1300019973697805, -0.025034841133950596)","(0.17820258240455816, -0.04701845516270216)","(0.22887817495773002, -0.07809123693458375)","(0.2822443126859948, -0.1205676633195254)","(0.33885466708935974, -0.17823033736665173)","(0.40013380110523034, -0.25824541856516126)","(0.470609143926737, -0.37850525297727905)","(0.609642129731618, -0.7156764775764913)",0.008572199963964522
2.532289,"(0.0, 0.0)","(0.040838663099396995, -0.002524099066965722)","(0.08416772723038775, -0.010582162652139652)","(0.12992758970672647, -0.025040660425793327)","(0.17809965128669528, -0.04703039137082551)","(0.22874315771277257, -0.07811294053462765)","(0.28207186934729306, -0.12060456929639488)","(0.338636509112742, -0.1782910577969574)","(0.3998559798415931, -0.25834501984209246)","(0.4702434943294909, -0.3786754790322864)","(0.6090236828827611, -0.7161018252863591)",0.009271399932913482
2.5382885,"(0.0, 0.0)","(0.0408150210299345, -0.0025245806504766164)","(0.08411952346241183, -0.010584380465965826)","(0.12985328250923703, -0.025046402451355938)","(0.17799686547794827, -0.0470421815803081)","(0.2286083445463237, -0.07813440086099475)","(0.2818997106740495, -0.12064109996134635)","(0.3384187502637671, -0.17835122736779105)","(0.3995787270457941, -0.2584438376600578)","(0.4698786849817459, -0.3788446052414453)","(0.6084068771790203, -0.716525406822397)",0.00772520003374666
2.544288,"(0.0, 0.0)","(0.04079141047355692, -0.0025250546394372814)","(0.08407138355811324, -0.010586566112674615)","(0.12977907562909924, -0.025052067720913788)","(0.1778942247241096, -0.04705382673758957)","(0.22847373502976467, -0.07815561945918581)","(0.2817278359592175, -0.12067725764630506)","(0.3382013894019387, -0.17841084941968124)","(0.39930204090514293, -0.25854187665341105)","(0.46951471297516767, -0.37901263799524515)","(0.6077917064699595, -0.7169472330310879)",0.007270800066180527
2.5502875,"(0.0, 0.0)","(0.040767831389934533, -0.002525521085728446)","(0.08402330743333485, -0.010588719808344287)","(0.12970496891782643, -0.02505765674112052)","(0.1777917287709157, -0.04706532778245408)","(0.22833932873497595, -0.07817659786391808)","(0.28155624449728983, -0.12071304466701215)","(0.3379844253900289, -0.17846992726999336)","(0.39902591961296596, -0.25863914142413763)","(0.469151575411972, -0.37917958363855836)","(0.607178164629429, -0.7173673146713089)",0.007469700067304075
2.556287,"(0.0, 0.0)","(0.04074428373838524, -0.0025259800408266057)","(0.08397529500323203, -0.010590841767384049)","(0.12963096222601606, -0.025063170014746325)","(0.17768937736317275, -0.04707668564752891)","(0.22820512523323405, -0.0781973375982746)","(0.2813849355829844, -0.12074846332168002)","(0.33776785709258694, -0.1785284642108864)","(0.39875036136700587, -0.258735636538791)","(0.4687892694033525, -0.37934544846594287)","(0.6065662455546932, -0.7177856624235972)",0.0066238000290468335
2.5622865,"(0.0, 0.0)","(0.04072076747820295, -0.0025264315558526946)","(0.08392734618295448, -0.010592932202740378)","(0.12955705540440327, -0.025068608041172155)","(0.1775871702461863, -0.04708790125922479)","(0.228071124097009, -0.0782178401752889)","(0.28121390851337946, -0.12078351589348114)","(0.33755168337835334, -0.17858646351306934)","(0.3984753643719988, -0.25883136653408584)","(0.4684277920719911, -0.37951023873015627)","(0.6059559431677503, -0.7182022868836545)",0.006834100000560284
2.568286,"(0.0, 0.0)","(0.04069728256845237, -0.00252687568154581)","(0.0838794608872192, -0.010594991325784942)","(0.12948324830319896, -0.025073971316119402)","(0.17748510716486116, -0.047098975537218216)","(0.22793732489882967, -0.07823810709706715)","(0.2810431625865606, -0.12081820464916053)","(0.3373359031187235, -0.1786439284236938)","(0.3982009268380266, -0.2589263359137401)","(0.46806714055043996, -0.37967396063731285)","(0.6053472514144296, -0.7186171985606747)",0.007127000018954277
2.5742855000000002,"(0.0, 0.0)","(0.040673828968112787, -0.002527312468286004)","(0.08383163903060932, -0.010597019346410922)","(0.1294095407725518, -0.025079260331880127)","(0.17738318786432714, -0.04710990939488853)","(0.22780372721206862, -0.07825813985552284)","(0.2808726971025519, -0.12085253184018674)","(0.33712051518879865, -0.17870086216808767)","(0.39792704698163534, -0.25902054915104966)","(0.46770731198220367, -0.37983662035079657)","(0.6047401642649372, -0.7190304079045279)",0.007418700028210878
2.580285,"(0.0, 0.0)","(0.04065040663578142, -0.00252774196605492)","(0.08378388052695557, -0.010599016472865238)","(0.12933593266159008, -0.025084475576913144)","(0.17728141208863543, -0.04712070373854523)","(0.22767033060929973, -0.07827793993106784)","(0.2807025113613595, -0.12088649970068542)","(0.33690551846516675, -0.1787572679466171)","(0.39765372302345536, -0.25911401068418966)","(0.46734830351940815, -0.37999822398405575)","(0.6041346757125835, -0.719441925251414)",0.007509700022637844
2.5862845,"(0.0, 0.0)","(0.0406270155299335, -0.0025281642244749246)","(0.08373618528987702, -0.010600982911914423)","(0.12926242381925748, -0.02508961753624104)","(0.17717977958189282, -0.04713135946818325)","(0.22753713466372355, -0.07829750879388464)","(0.28053260466466334, -0.1209201104494365)","(0.33669091182781485, -0.1788131489377025)","(0.397380953190242, -0.25920672492070274)","(0.4669901123247837, -0.3801587776074378)","(0.6035307797748073, -0.7198517608890315)",0.00837549997959286
2.592284,"(0.0, 0.0)","(0.04060365560905961, -0.0025285792928310008)","(0.08368855323306751, -0.010602918868937205)","(0.1291890140947541, -0.025094686691671406)","(0.17707829008886045, -0.0471418774779029)","(0.22740413894991782, -0.0783168479046329)","(0.28036297631670837, -0.12095336629098191)","(0.3364766941611314, -0.17886850829948608)","(0.39710873571594313, -0.2592986962399801)","(0.46663273557269735, -0.3803182872519655)","(0.6029284704936793, -0.7202599249989787)",0.006617499981075525
2.5982835,"(0.0, 0.0)","(0.04058032683129356, -0.0025289872200206444)","(0.08364098426951933, -0.010604824547711077)","(0.129115703336336, -0.025099683521283337)","(0.17697694335331926, -0.047152258654928114)","(0.22727134304177932, -0.07833595871278667)","(0.2801936256218515, -0.12098626941300104)","(0.3362628643511286, -0.17892334916585106)","(0.39683706883871994, -0.2593899289872994)","(0.4662761704462348, -0.38047675890019356)","(0.602327741934326, -0.7206664277071797)",0.00927060004323721
2.604283,"(0.0, 0.0)","(0.040557029154672096, -0.0025293880545929565)","(0.08359347831206389, -0.01060670015057799)","(0.12904249139214968, -0.025104608499824113)","(0.17687573911920396, -0.04716250388036137)","(0.227138746513948, -0.07835484265790671)","(0.2800245518862542, -0.12101882198830914)","(0.33604942128735155, -0.17897767464943728)","(0.39656595080298523, -0.2594804274783183)","(0.46592041413918084, -0.3806341984930617)","(0.6017285881859376, -0.7210712790584323)",0.006657200050540268
2.6102825,"(0.0, 0.0)","(0.04053376253721561, -0.0025297818447624276)","(0.08354603527353889, -0.010608545878502526)","(0.12896937811049006, -0.025109462098847922)","(0.1767746771309513, -0.047172614029446086)","(0.2270063489422435, -0.07837350117008073)","(0.2798557544183977, -0.12105102617554575)","(0.3358363638634583, -0.1790314878426774)","(0.3962953798600169, -0.25957019600061015)","(0.465565463856606, -0.3807906119322217)","(0.6011310033620317, -0.721474489010647)",0.007242899970151484
2.616282,"(0.0, 0.0)","(0.040510526936370035, -0.002530168638332512)","(0.08349865506562627, -0.010610361930746489)","(0.12889636333800197, -0.02511424478593321)","(0.17667375713105465, -0.04718258997007149)","(0.22687414990058458, -0.07839193566739247)","(0.27968723252541616, -0.12108288411518126)","(0.33562369097306577, -0.1790847918117379)","(0.39602535426350827, -0.25965923880459246)","(0.4652113168105186, -0.3809460050661303)","(0.6005349815981477, -0.7218760674555479)",0.006686400040052831
2.6222815,"(0.0, 0.0)","(0.04048732230995853, -0.0025305484828324096)","(0.08345133760083277, -0.010612148505450059)","(0.12882344692274247, -0.02511895702607736)","(0.17657297886422413, -0.047192432565431625)","(0.2267421489662236, -0.07841014756041315)","(0.2795189855193196, -0.12111439793658842)","(0.3354114015167874, -0.17913758960722392)","(0.3957558722770903, -0.25974756011951916)","(0.46485797022718695, -0.38110038371450655)","(0.5999405170556218, -0.7222760242009754)",0.007860300014726818
2.628281,"(0.0, 0.0)","(0.04046414861543651, -0.002530921425414229)","(0.08340408279093879, -0.01061390579919407)","(0.1287506287117811, -0.025123599280644414)","(0.17647234207412404, -0.04720214267201554)","(0.22661034571563748, -0.07842813824880081)","(0.27935101271210294, -0.1211455697526791)","(0.3351994943966941, -0.17918988425604598)","(0.3954869321684, -0.25983516414130725)","(0.46450542134134654, -0.38125375364967773)","(0.5993476039185247, -0.722674368985243)",0.006362700019963086
2.6342805,"(0.0, 0.0)","(0.04044100580994247, -0.00253128751286236)","(0.08335689054710291, -0.010615634007039415)","(0.12867790855136016, -0.025128172007458604)","(0.17637184650358814, -0.04721172113978376)","(0.22647873972479668, -0.0784459091215948)","(0.2791833134160632, -0.12117640166036188)","(0.33498796851666907, -0.1792416787621039)","(0.3952185322094535, -0.25992205503354415)","(0.46415366739655317, -0.3814061205980919)","(0.5987562363938136, -0.7230711114758265)",0.007867700071074069
2.64028,"(0.0, 0.0)","(0.040417893850572754, -0.0025316467916347337)","(0.08330976078043435, -0.010617333322702028)","(0.12860528628777929, -0.025132675661223597)","(0.17627149189582184, -0.047221168812966265)","(0.22634733057067546, -0.07846346155856163)","(0.27901588694559254, -0.12120689574265793)","(0.3347768227844321, -0.17929297610948425)","(0.3949506706788057, -0.2600082369322576)","(0.4638027056472769, -0.38155749024760194)","(0.598166408712374, -0.7234662612646344)",0.006952999974600971
2.6462795,"(0.0, 0.0)","(0.040394812694700556, -0.0025319993079102694)","(0.08326269340265666, -0.010619003938754343)","(0.12853276176842132, -0.025137110694005423)","(0.17617127799579446, -0.04723048653098242)","(0.2262161178330026, -0.07848079693174749)","(0.2788487326192577, -0.12123705407114381)","(0.33456605611388784, -0.17934377926615735)","(0.3946833458640526, -0.2600937139514364)","(0.46345253336132614, -0.3817078682559121)","(0.5975781151302111, -0.7238598278641032)",0.007748299976810813
2.652279,"(0.0, 0.0)","(0.04037176229882505, -0.002532345107428152)","(0.08321568832370954, -0.0106206460459412)","(0.12846033483804167, -0.02514147755358816)","(0.17607120454519304, -0.047239675125300556)","(0.22608510108790786, -0.07849791660016449)","(0.27868184975223836, -0.12126687869756866)","(0.3343556674165656, -0.17939409117125935)","(0.39441655605267334, -0.26017849016398503)","(0.4631031478109181, -0.3818572602213581)","(0.5969913499238235, -0.7242518207260839)",0.007362400065176189
2.6582785,"(0.0, 0.0)","(0.040348742619871314, -0.002532684235674281)","(0.0831687454544575, -0.010622259833972464)","(0.12838800534295738, -0.025145776685376965)","(0.1759712712881163, -0.047248735423068365)","(0.2259542799150856, -0.07851482191592606)","(0.27851523766484676, -0.12129637166352171)","(0.334145655611254, -0.1794439147497409)","(0.3941502995423239, -0.2602625696236332)","(0.46275454628269136, -0.3820056717164736)","(0.596406107395296, -0.7246422492263919)",0.0077927999664098024
2.664278,"(0.0, 0.0)","(0.04032575361459247, -0.0025330167377987283)","(0.08312186470544235, -0.01062384549117155)","(0.12831577312911607, -0.025150008531552727)","(0.17587147796844824, -0.04725766824549749)","(0.22582365389448747, -0.07853151422151267)","(0.27834889567858867, -0.12132553499611651)","(0.33393601961954017, -0.1794932529058167)","(0.39388457463606064, -0.2603459563551212)","(0.4624067260730406, -0.38215310827292265)","(0.5958223818698539, -0.7250311226649094)",0.006528900004923344
2.6702775,"(0.0, 0.0)","(0.0403027952393171, -0.0025333426585821993)","(0.08307504598635744, -0.010625403204332298)","(0.1282436380412824, -0.02515417353072721)","(0.17577182432874908, -0.04726647440720318)","(0.22569322260492397, -0.07854799484865106)","(0.27818282311449755, -0.12135437070621792)","(0.3337267583639197, -0.17954210852026672)","(0.3936193796403136, -0.260428654350144)","(0.46205968448613527, -0.38229957537525505)","(0.5952401676948157, -0.7254184502791201)",0.007890400011092424
2.676277,"(0.0, 0.0)","(0.040279867450628525, -0.002533662042534538)","(0.08302828920746232, -0.010626933159137611)","(0.1281715999252247, -0.025158272118947864)","(0.17567231011322834, -0.047275154718120785)","(0.22556298562780444, -0.07856426512155282)","(0.27801701929757966, -0.12138288079354433)","(0.3335178707728214, -0.17959048445816755)","(0.39335471287025064, -0.2605106675789162)","(0.46171341883912576, -0.38244507847862685)","(0.5946594592421893, -0.7258042412354518)",0.008291799924336374
2.6822765,"(0.0, 0.0)","(0.04025697020463036, -0.002533974933792769)","(0.08298159427805207, -0.010628435539725268)","(0.128099658625347, -0.025162304728653672)","(0.1755729350645227, -0.047283709981510234)","(0.22543294254307844, -0.07858032635353565)","(0.2778514835519832, -0.12141106724133341)","(0.33330935577513704, -0.1796383835607929)","(0.39309057264392255, -0.2605919999780284)","(0.4613679264564342, -0.38258962299014154)","(0.5940802509057308, -0.7261885046310971)",0.008089100010693073
2.688276,"(0.0, 0.0)","(0.04023410345756805, -0.0025342813762113635)","(0.08293496110775103, -0.010629910529071578)","(0.1280278139866889, -0.025166271789595906)","(0.17547369892641398, -0.04729214099571232)","(0.2253030929326555, -0.0785961798499911)","(0.27768621520506254, -0.12143893202101803)","(0.33310121230481454, -0.1796858086526981)","(0.39282695728716605, -0.2606726554610475)","(0.46102320467451297, -0.3827332142851005)","(0.5935025371033008, -0.7265712494860155)",0.008752699941396713
2.6942755,"(0.0, 0.0)","(0.040211267165624544, -0.0025345814133355495)","(0.08288838960608835, -0.010631358308877409)","(0.12795606585426827, -0.02517017372856346)","(0.17537460144293385, -0.04730044855362242)","(0.22517343637927545, -0.07861182690749141)","(0.27752121358603116, -0.12146647709081271)","(0.3328934392993295, -0.17973276253956938)","(0.39256386513196245, -0.2607526379152815)","(0.46067925084023287, -0.38287585770201843)","(0.5929263122759958, -0.7269524847690623)",0.008584699942730367
2.700275,"(0.0, 0.0)","(0.040188461284601684, -0.0025348750883580733)","(0.08284187968183222, -0.01063277905938381)","(0.12788441407205015, -0.025174010968938766)","(0.17527564235696017, -0.047308633441840484)","(0.22504397246473895, -0.07862726881234776)","(0.2773564780238539, -0.12149370439343374)","(0.3326860356972951, -0.17977924800475445)","(0.39230129451387574, -0.2608319511965688)","(0.4603360623083819, -0.38301755853459407)","(0.5923515708868468, -0.7273322193684324)",0.0076719000935554504
2.7062745,"(0.0, 0.0)","(0.040165685770543934, -0.0025351624442099484)","(0.08279543124428884, -0.010634172959757764)","(0.12781285848495605, -0.0251777839316238)","(0.1751768214129483, -0.047316696442437835)","(0.22491470077334388, -0.07864250684359708)","(0.2771920078513306, -0.1215206158608061)","(0.33247900044307754, -0.17982526781639926)","(0.3920392437769783, -0.26091059913996073)","(0.45999363644643876, -0.3831583220481029)","(0.5917783074231565, -0.7277104621237976)",0.007280300022102892
2.712274,"(0.0, 0.0)","(0.040142940579038035, -0.0025354435234631067)","(0.08274904420184452, -0.010635540187677537)","(0.12774139893660674, -0.02518149303404273)","(0.17507813835385894, -0.04732463833105035)","(0.22478562088801543, -0.07865754226977188)","(0.27702780240048946, -0.1215472134089623)","(0.33227233248158, -0.17987082471969637)","(0.3917777112682687, -0.26098858554808985)","(0.45965197062913493, -0.383298153461498)","(0.5912065163937336, -0.7280872217850342)",0.007884499966166914
2.7182735,"(0.0, 0.0)","(0.04012022566578732, -0.002535718368413993)","(0.08270271846315956, -0.01063688091968802)","(0.12767003527116907, -0.02518513869099491)","(0.17497959292366946, -0.047332459878506)","(0.2246567323934648, -0.07867237635165149)","(0.2768638610063414, -0.12157349894237823)","(0.3320660307624841, -0.17991592144345872)","(0.3915166953421976, -0.2610659142010127)","(0.45931106224284024, -0.38343705796251937)","(0.590636192331026, -0.7284625070399612)",0.007399599999189377
2.724273,"(0.0, 0.0)","(0.04009754098642537, -0.002535987021059286)","(0.08265645393678173, -0.010638195331097017)","(0.1275987673327566, -0.025188721314404763)","(0.17488118486655646, -0.04734016185034531)","(0.22452803487515866, -0.07868701034144769)","(0.27670018300565075, -0.12159947435268315)","(0.3318600942388546, -0.17996056069815486)","(0.3912561943591673, -0.2611425888532514)","(0.45897090868409046, -0.38357504070312387)","(0.5900673297903324, -0.7288363265363235)",0.007025000057183206
2.7302725,"(0.0, 0.0)","(0.04007488649642179, -0.0025362495230844264)","(0.08261025053094766, -0.010639483595926064)","(0.127527594965122, -0.025192241313202607)","(0.17478291392647594, -0.04734774500659187)","(0.2243995279187875, -0.07870144548241306)","(0.2765367677362987, -0.12162514151803704)","(0.33165452186641475, -0.1800047451749542)","(0.39099620668475205, -0.2612186132323506)","(0.45863150735881614, -0.3837121067972485)","(0.5894999233493662, -0.7292086888381307)",0.0067659999476745725
2.736272,"(0.0, 0.0)","(0.04005226215117021, -0.002536505915878278)","(0.08256410815376722, -0.01064074588697241)","(0.12745651801194113, -0.025195699093472787)","(0.17468477984754838, -0.04735521010203362)","(0.2242712111107487, -0.07871568300931406)","(0.27637361453785536, -0.1216505023038717)","(0.33144931260418775, -0.18004847754684566)","(0.39073673069037423, -0.26129399104054185)","(0.45829285568298683, -0.38384826132334376)","(0.5889339676085223, -0.7295796024447931)",0.08323490002658218
2.7422715,"(0.0, 0.0)","(0.04002966790598538, -0.002536756240534659)","(0.08251802671321631, -0.010641982375815196)","(0.12738553631680044, -0.02519909505846747)","(0.1745867823740407, -0.0473625578862476)","(0.22414308403812094, -0.07872972414846975)","(0.27621072275154507, -0.12167555856294757)","(0.33124446541445296, -0.18009176046871544)","(0.39047776475325024, -0.26136872595484806)","(0.4579549510825432, -0.38398350932451564)","(0.5883694571907893, -0.7299490757971584)",0.012420600047335029
2.748271,"(0.0, 0.0)","(0.0400071037161011, -0.0025370005378540905)","(0.08247200611713215, -0.010643193232822486)","(0.1273146497231901, -0.02520242960862288)","(0.174488921250354, -0.047369789103628865)","(0.22401514628864688, -0.07874357011779817)","(0.27604809172022315, -0.12170031213542157)","(0.3310399792627138, -0.18013459657744246)","(0.39021930725634874, -0.26144282162721494)","(0.45761779099334476, -0.38411785580870844)","(0.5878063867416657, -0.7303171172793346)",0.023067299975082278
2.7542705,"(0.0, 0.0)","(0.03998456953670062, -0.0025372388483501083)","(0.08242604627327636, -0.010644378627177781)","(0.1272438580745997, -0.02520570314162202)","(0.17439119622115348, -0.04737690449350893)","(0.22388739745089434, -0.07875722212701358)","(0.2758857207885637, -0.121724764849154)","(0.3308358531179058, -0.1801769884923575)","(0.3899613565886045, -0.2615162816851877)","(0.45728137286136133, -0.38425130574972255)","(0.5872447509292001, -0.7306837352036756)",0.01060359994880855
2.76027,"(0.0, 0.0)","(0.03996206532280126, -0.0025374712122348078)","(0.08238014708909436, -0.010645538726818123)","(0.12717316121414546, -0.025208916052244915)","(0.1742936070308594, -0.04738390478986785)","(0.22375983711361255, -0.07877068137713589)","(0.27572360930229023, -0.12174891851892872)","(0.330632085951521, -0.18021893881405004)","(0.3897039111439759, -0.2615891097301082)","(0.4569456941417456, -0.3843838640844191)","(0.5866845444434824, -0.7310489378282794)",0.0067038999404758215
2.7662695,"(0.0, 0.0)","(0.03993959102938276, -0.0025376976694390517)","(0.08233430847198166, -0.010646673698519736)","(0.12710255898498155, -0.025212068732573818)","(0.17419615342420497, -0.04739079072172446)","(0.2236324648664331, -0.07878394906114879)","(0.2755617566090064, -0.12177277494748805)","(0.3304286767385422, -0.1802604501259331)","(0.38944696932243383, -0.2616613093394498)","(0.4566107522997784, -0.38451553571629293)","(0.5861257619970495, -0.7314127333416113)",0.006981699960306287
2.772269,"(0.0, 0.0)","(0.03991714661149617, -0.002537918259630024)","(0.0822885303295116, -0.010647783707972428)","(0.12703205123065137, -0.02521516157217109)","(0.17409883514671312, -0.047397563013474885)","(0.223505280300467, -0.07879702636456999)","(0.2754001620589024, -0.12179633592642823)","(0.33022562445823755, -0.18030152499559718)","(0.38919052953080346, -0.26173288406884254)","(0.45627654481167024, -0.3846463255185767)","(0.5855683983252108, -0.731775129886407)",0.008058299892582
2.7782685,"(0.0, 0.0)","(0.039894732023905234, -0.0025381330221619473)","(0.08224281256868647, -0.010648868919569386)","(0.12696163779392797, -0.02521819495757297)","(0.17400165194311748, -0.04740422238392332)","(0.22337828300631496, -0.07880991446380682)","(0.2752388250023849, -0.12181960323359765)","(0.3300229280914733, -0.18034216597084807)","(0.3889345901798863, -0.2618038374461075)","(0.45594306916175525, -0.3847762383250218)","(0.5850124481846375, -0.7321361355219618)",0.008175200084224343
2.784268,"(0.0, 0.0)","(0.03987234722140596, -0.002538341996123595)","(0.08219715509660354, -0.010649929496609123)","(0.1268913185178443, -0.0252211692727743)","(0.17390460355876203, -0.047410769547206674)","(0.22325147257582706, -0.07882261452771934)","(0.27507774479216623, -0.1218425786355611)","(0.32982058662307323, -0.1803823755834446)","(0.3886791496869702, -0.26187417297685955)","(0.455610322844913, -0.3849052789385153)","(0.5844579063544747, -0.7324957582864807)",0.008121900027617812
2.7902675,"(0.0, 0.0)","(0.03984999215876421, -0.0025385452203312933)","(0.08215155782032488, -0.01065096560126533)","(0.12682109324548993, -0.025224084899155216)","(0.17380768973932365, -0.04741720521265288)","(0.22312484860175089, -0.07883512771737777)","(0.2749169207828432, -0.12186526388721165)","(0.3296185990413358, -0.18042215634850178)","(0.38842420647530795, -0.2619438941435995)","(0.4552783033660461, -0.3850334521296616)","(0.5839047676360283, -0.7328540061153977)",0.006683700019493699
2.796267,"(0.0, 0.0)","(0.03982766679074326, -0.00253874273333477)","(0.08210602064693409, -0.010651977394611423)","(0.12675096182009904, -0.025226942215539363)","(0.17371091023093005, -0.04742353008489068)","(0.22299841067787818, -0.07884745518624528)","(0.2747563523310672, -0.12188766073205554)","(0.32941696433822215, -0.18046151076491682)","(0.38816975897430817, -0.26201300440634256)","(0.4549470082402506, -0.3851607626377312)","(0.5833530268527859, -0.7332108869173943)",0.006988100009039044
2.8022665,"(0.0, 0.0)","(0.0398053710716675, -0.002538934573356654)","(0.08206054348262641, -0.010652965036362596)","(0.1266809240836413, -0.02522974159757255)","(0.17361426477824107, -0.04742974486265996)","(0.2228721583966261, -0.07885959807815991)","(0.2745960387926637, -0.12190977089901765)","(0.32921568150609143, -0.18050044131050183)","(0.3879158056160423, -0.2620815071952903)","(0.4546164349894194, -0.3852872151593293)","(0.5828026788487429, -0.7335664085300858)",0.0069679999724030495
2.808266,"(0.0, 0.0)","(0.03978310495654421, -0.0025391207784546434)","(0.08201512623504718, -0.010653928685566024)","(0.12661097988043912, -0.02523248341938216)","(0.17351775312936943, -0.04743585024198278)","(0.22274609135523116, -0.07887155753270417)","(0.27443597952999765, -0.12193159611092305)","(0.329014749546029, -0.18053895045487914)","(0.38766234484412776, -0.26214940593020414)","(0.4542865811508291, -0.38541281437827973)","(0.5822537184924259, -0.7339205787448516)",0.007741000037640333
2.8142655,"(0.0, 0.0)","(0.03976086839944523, -0.002539301386292068)","(0.08196976880991771, -0.010654868499623476)","(0.12654112905194612, -0.02523516805122532)","(0.17342137502877386, -0.04744184691166522)","(0.22262020914679828, -0.07888333467758087)","(0.27427617390132036, -0.12195313807244276)","(0.32881416745578845, -0.18057704064113583)","(0.3874093751008464, -0.2622167039928108)","(0.45395744426465173, -0.38553756492300595)","(0.5817061406709023, -0.7342734052716375)",0.00752939993981272
2.820265,"(0.0, 0.0)","(0.03973866135506225, -0.002539476434361967)","(0.0819244711142764, -0.010655784635245242)","(0.12647137144176207, -0.02523779586178271)","(0.17332513022408183, -0.047447735557681406)","(0.22249451136888893, -0.07889493063603875)","(0.27411662127098413, -0.12197439848182579)","(0.3286139342413426, -0.18061471430366438)","(0.3871568948394683, -0.26228340475361844)","(0.45362902188587284, -0.3856614714079125)","(0.5811599402953722, -0.7346248957943035)",0.007101599941961467
2.8262645,"(0.0, 0.0)","(0.03971648377763329, -0.00253964595983552)","(0.08187923305424186, -0.010656677247804296)","(0.12640170689216984, -0.02524036721660414)","(0.1732290184613758, -0.04745351686020005)","(0.22236899761758433, -0.07890634652183097)","(0.273957321002375, -0.12199537902292538)","(0.32841404890888287, -0.18065197385602474)","(0.38690490251570187, -0.26234951155364855)","(0.45330131157599823, -0.3857845384051532)","(0.5806151122971845, -0.7349750579238499)",0.007193200057372451
2.832264,"(0.0, 0.0)","(0.03969433562171333, -0.00253980999967396)","(0.08183405453661771, -0.010657546491812608)","(0.1263321352466184, -0.02524288247925367)","(0.17313303948857062, -0.047459191495772296)","(0.22224366749173483, -0.07891758344292042)","(0.27379827246296573, -0.1220160813710522)","(0.32821451047053024, -0.18068882169984268)","(0.3866533965937823, -0.26241502771781244)","(0.4529743109089338, -0.38590677046527955)","(0.5800716516305452, -0.7353238992172321)",0.00662709993775934
2.8382635,"(0.0, 0.0)","(0.03967221684138302, -0.002539968590517212)","(0.08178893546724332, -0.010658392520446503)","(0.12626265634717002, -0.025245342010166847)","(0.1730371930519381, -0.04746476013514503)","(0.22211852058858214, -0.07892864249777053)","(0.27363947501910263, -0.12203650718710563)","(0.3280153179384326, -0.1807252602158715)","(0.3864023755401628, -0.2624799565414493)","(0.4526480174648627, -0.3860281720964115)","(0.5795295532695836, -0.735671427180489)",0.007220800034701824
2.844263,"(0.0, 0.0)","(0.03965012739109667, -0.0025401217688070105)","(0.08174387575276168, -0.010659215486070737)","(0.12619327003723466, -0.025247746167910853)","(0.17294147889982675, -0.04747022344566915)","(0.22199355650844058, -0.07893952477942469)","(0.27348092804157276, -0.1220566581240191)","(0.3278164703310576, -0.18076129177379513)","(0.3861518378302226, -0.26254430130506695)","(0.4523224288367232, -0.3861487477870063)","(0.5789888122113243, -0.7360176492711489)",0.008668199996463954
2.8502625,"(0.0, 0.0)","(0.039628067224968554, -0.0025402695706864676)","(0.08169887529913006, -0.010660015539810394)","(0.12612397615926518, -0.025250095308153652)","(0.17284589677952394, -0.04747558208932665)","(0.2218687748507438, -0.07895023137215922)","(0.2733226309008958, -0.12207653582146347)","(0.32761796666786086, -0.1807969187241582)","(0.3859017819425684, -0.2626080652621852)","(0.4519975426246788, -0.3862685019870431)","(0.5784494234730416, -0.7363625728712835)",0.0069021000526845455
2.856262,"(0.0, 0.0)","(0.03960603629714167, -0.002540412032054614)","(0.08165393401238939, -0.010660792831782867)","(0.12605477455594666, -0.02525238978422147)","(0.17275044643887244, -0.04748083672379508)","(0.22174417521607775, -0.07896076335328521)","(0.2731645829697404, -0.12209614190869163)","(0.327419805972014, -0.18083214340268866)","(0.3856522063619369, -0.2626712516458303)","(0.4516733564389126, -0.38638743911804196)","(0.5779113820935033, -0.736706205335479)",0.007237300043925643
2.8622615,"(0.0, 0.0)","(0.039584034561922714, -0.002540549188587506)","(0.08160905179894505, -0.010661547511187492)","(0.12598566507063022, -0.02525462994731365)","(0.17265512762686058, -0.04748598800285727)","(0.22161975720692192, -0.07897112179384058)","(0.27300678362380215, -0.12211547800562893)","(0.32722198727139334, -0.18086696813195302)","(0.38540310958024204, -0.2627338636710159)","(0.4513498679006216, -0.38650556357688887)","(0.5773746831333652, -0.737048553949085)",0.0061422999715432525
2.868261,"(0.0, 0.0)","(0.03956206197334018, -0.0025406810756765743)","(0.08156422856464496, -0.01066227972604259)","(0.12591664754590584, -0.025256816145869113)","(0.17255994009167722, -0.04749103657518797)","(0.22149552042519743, -0.07898130775653014)","(0.27284923223888247, -0.12213454571961073)","(0.3270245095952692, -0.1809013952163794)","(0.3851544900930333, -0.2627959045272392)","(0.4510270746385799, -0.3866228797242022)","(0.576839321673517, -0.7373896259500281)",0.009230099967680871
2.8742605,"(0.0, 0.0)","(0.039540118485350544, -0.0025408077284598584)","(0.08151946421520903, -0.010662989623318178)","(0.12584772182426562, -0.025258948725885)","(0.17246488358161408, -0.04749598308496158)","(0.2213714644734012, -0.07899132229675332)","(0.27269192819223437, -0.12215334664700313)","(0.32682737197582334, -0.18093542694471915)","(0.3849063464011069, -0.26285737738217296)","(0.4507049742906795, -0.3867393918900223)","(0.5763052928157406, -0.7377294285229791)",0.007535799988545477
2.88026,"(0.0, 0.0)","(0.03951820405224413, -0.002540929181882023)","(0.08147475865707651, -0.010663677349191422)","(0.12577888774941542, -0.02526102803153066)","(0.17236995784684864, -0.047500828173025755)","(0.221247588956849, -0.07900116646459182)","(0.27253487086522915, -0.12217188237634354)","(0.32663057345116064, -0.18096906559482456)","(0.3846586770137105, -0.26291828538885503)","(0.45038356450701267, -0.38685510438493015)","(0.575772591684056, -0.7380679688083311)",0.00784820003900677
2.8862595,"(0.0, 0.0)","(0.039496318627747835, -0.002541045470567134)","(0.08143011179553232, -0.010664343048504225)","(0.1257101451633731, -0.0252630544038415)","(0.17227516263549403, -0.04750557247440061)","(0.22112389347869815, -0.07901084130056595)","(0.272378059637429, -0.12219015448162235)","(0.32643411305859726, -0.1810023134234058)","(0.38441148044137347, -0.26297863167024244)","(0.45006284294292814, -0.38697002147610293)","(0.575241213421477, -0.7384052538767545)",0.007658200105652213
2.892259,"(0.0, 0.0)","(0.03947446216609282, -0.002541156628973676)","(0.08138552353693539, -0.010664986865423465)","(0.12564149390991716, -0.025265028182307338)","(0.17218049769829127, -0.04751021662131651)","(0.2210003776458553, -0.07902034784078416)","(0.27222149389361416, -0.12220816453042638)","(0.32623798984260627, -0.18103517267843242)","(0.38416475520437643, -0.26303841933788813)","(0.44974280726719845, -0.38708414741622676)","(0.5747111531936857, -0.73874129077776)",0.007628499995917082
2.8982585,"(0.0, 0.0)","(0.03945263462103832, -0.002541262691255997)","(0.08134099378668078, -0.01066560894285027)","(0.12557293383143223, -0.025266949703449802)","(0.17208596278431407, -0.04751476124049051)","(0.2208770410635644, -0.07902968711232096)","(0.27206517301733857, -0.12222591407662062)","(0.32604220284752106, -0.18106764558797447)","(0.38391849982495674, -0.26309765147511216)","(0.4494234551544754, -0.3871974864174027)","(0.5741824061855246, -0.7390760864739646)",0.006877299980260432
2.904258,"(0.0, 0.0)","(0.03943083594663723, -0.0025413636913759223)","(0.08129652245079771, -0.01066620942289537)","(0.1255044647713812, -0.025268819301965825)","(0.17199155764433233, -0.04751920695531297)","(0.2207538833396402, -0.07903886013692349)","(0.27190909639596506, -0.12224340466620999)","(0.32584675112322636, -0.1810997343691284)","(0.3836727128333734, -0.26315633115044534)","(0.4491047842911322, -0.3873100426719617)","(0.5736549676035942, -0.7394096479109388)",0.008048400050029159
2.9102575,"(0.0, 0.0)","(0.03940906609688566, -0.002541459663054031)","(0.08125210943521709, -0.010666788446671153)","(0.125436086573171, -0.025270637310226385)","(0.17189728202926755, -0.04752355438488713)","(0.22063090408252126, -0.07904786792937972)","(0.2717532634183445, -0.12226063783475262)","(0.3256516337225276, -0.1811314412240692)","(0.38342739276509075, -0.26321446141166793)","(0.4487867923725265, -0.38742182034320616)","(0.5731288326749423, -0.7397419819641669)",0.007280900026671588
2.916257,"(0.0, 0.0)","(0.03938732502545527, -0.002541550639732765)","(0.08120775464521324, -0.010667346154134156)","(0.12536779907928733, -0.025272404057896526)","(0.1718031356890131, -0.04752780414330032)","(0.2205081028997812, -0.07905671149627956)","(0.2715976734730403, -0.12227761510539409)","(0.3254568496991371, -0.18116276833704537)","(0.3831825381586215, -0.2632720452812635)","(0.4484694771009053, -0.3875328235583378)","(0.5726039966460588, -0.7400730954713803)",0.007435099920257926
2.9222565,"(0.0, 0.0)","(0.03936561268647093, -0.002541636654689873)","(0.08116345798702616, -0.010667882684568258)","(0.12529960213380614, -0.025274119873098067)","(0.17170911837585118, -0.04753195684184778)","(0.2203854794024311, -0.07906539183978521)","(0.27144232595344586, -0.1222943379948325)","(0.3252623981134572, -0.1811937178834669)","(0.38293814756168915, -0.26332908577011754)","(0.44815283619133617, -0.38764305642968894)","(0.5720804547854846, -0.7404029952187929)",0.007890999899245799
2.928256,"(0.0, 0.0)","(0.039343929033546915, -0.0025417177409013387)","(0.08111921936585008, -0.010668398176000187)","(0.12523149557927735, -0.02527578508100154)","(0.17161522984021071, -0.04753601308633639)","(0.22026303319957313, -0.07907390995305412)","(0.2712872202514176, -0.12231080800606726)","(0.3250682780253728, -0.18122429201884233)","(0.38269421952352867, -0.26338558586081706)","(0.44783686736426115, -0.38775252302879015)","(0.5715582023804001, -0.7407316879368252)",0.006705199950374663
2.9342555,"(0.0, 0.0)","(0.03932227402062302, -0.0025417939311632586)","(0.08107503868757751, -0.010668892765718689)","(0.12516347925942628, -0.02527740000507556)","(0.17152146983434205, -0.04753997347947461)","(0.22014076390302734, -0.07908226682429141)","(0.2711323557627783, -0.1223270266348119)","(0.32487448850047207, -0.18125449288855042)","(0.3824507526015159, -0.2634415485223817)","(0.4475215683518781, -0.38786122740921125)","(0.5710372347394249, -0.7410591803199109)",0.007143999915570021
2.940255,"(0.0, 0.0)","(0.039300647601700066, -0.0025418652580553825)","(0.08103091585824786, -0.010669366590118886)","(0.1250955530182978, -0.025278964966711392)","(0.17142783811115123, -0.04754383862015265)","(0.22001867112586146, -0.07909046343552656)","(0.270977731885564, -0.12234299536755297)","(0.3246810286080567, -0.18128432262487468)","(0.38220774535903546, -0.2634969767057821)","(0.44720693689606944, -0.38796917359959576)","(0.570517547191618, -0.7413854790097104)",0.007458899985067546
2.9462544999999998,"(0.0, 0.0)","(0.039279049730367104, -0.002541931753874538)","(0.0809868507830597, -0.010669819784418173)","(0.12502771669872645, -0.02528048028453814)","(0.1713343344221161, -0.047547609102129934)","(0.21989675447976298, -0.07909850076038302)","(0.2708233480168925, -0.12235871567801347)","(0.32448789741759565, -0.18131378334160153)","(0.38196519636168913, -0.2635518733357711)","(0.4468929707447251, -0.3880763655909452)","(0.5699991350847836, -0.7417105905951974)",0.006931400042958558
2.952254,"(0.0, 0.0)","(0.03925748036039871, -0.002541993450722193)","(0.08094284336761735, -0.010670252483029184)","(0.12495997014426642, -0.025281946275320145)","(0.17124095851991203, -0.047551285515751746)","(0.21977501357834475, -0.07910637976698921)","(0.2706692035568944, -0.12237418903175888)","(0.32429509400316553, -0.1813428771410387)","(0.38172310418202493, -0.2636062413214693)","(0.4465796676562932, -0.38818280735304256)","(0.5694819937874326, -0.7420345216271739)",0.007465200033038855
2.9582535,"(0.0, 0.0)","(0.03923593944579606, -0.0025420503805119255)","(0.08089889351801637, -0.010670664819591422)","(0.12489231319932323, -0.02528336325403258)","(0.1711477101585897, -0.04755486844809272)","(0.21965344803736747, -0.07911410141822015)","(0.2705152979089745, -0.12238941688657666)","(0.32410261744374114, -0.18137160611458936)","(0.381481467399838, -0.26366008355722287)","(0.44626702540005136, -0.3882885028357758)","(0.56896611868883, -0.7423572786101557)",0.006521399947814643
2.964253,"(0.0, 0.0)","(0.0392144269402341, -0.0025421025748912653)","(0.08085500113968924, -0.010671056926637734)","(0.12482474570736521, -0.025284731533057506)","(0.17105458909113944, -0.047558358481416346)","(0.21953205747166793, -0.07912166666907978)","(0.2703616304761523, -0.12240440068832532)","(0.3239104668190514, -0.18139997233641253)","(0.38124028459774095, -0.26371340291301787)","(0.44595504175182, -0.3883934559542156)","(0.5684515051970362, -0.7426788680047881)",0.008663500077091157
2.9702525,"(0.0, 0.0)","(0.039192942797576666, -0.0025421500653174103)","(0.08081116613848004, -0.010671428935916867)","(0.12475726751258716, -0.02528605142296002)","(0.1709615950717546, -0.0475617561946596)","(0.2194108414980091, -0.07912907646921907)","(0.2702082006644505, -0.12241914187491958)","(0.32371864121340577, -0.1814279778694961)","(0.3809995543652385, -0.263766202243644)","(0.4456437144978759, -0.3884976706028437)","(0.5679381487405718, -0.7429992962061256)",0.007294300012290478
2.976252,"(0.0, 0.0)","(0.039171486971464976, -0.002542192882999446)","(0.0807673884197861, -0.01067178097814685)","(0.12468987845858018, -0.025287323231893637)","(0.17086872785401935, -0.04756506216229305)","(0.21928979973279444, -0.07913633176099835)","(0.2700550078801715, -0.1224336418732562)","(0.3235271397126093, -0.1814556247609597)","(0.38075927529542697, -0.26381848438158495)","(0.445333041431754, -0.38860115064447615)","(0.5674260447669469, -0.743318569594234)",0.007961499970406294
2.9822515,"(0.0, 0.0)","(0.03915005941571213, -0.00254223105895664)","(0.08072366788938004, -0.010672113183263249)","(0.12462257838960468, -0.02528854726619763)","(0.17077598719264026, -0.04756827695546336)","(0.21916893179424748, -0.0791434334814247)","(0.2699020515324879, -0.12244790210228018)","(0.3233359614068869, -0.18148291504672753)","(0.38051944598810566, -0.26387025214406973)","(0.4450230203572326, -0.3887038999212137)","(0.566915188743907, -0.7436366944776861)",0.006853400031104684
2.988251,"(0.0, 0.0)","(0.03912866008424171, -0.002542264624011143)","(0.08068000445328241, -0.010672425680387834)","(0.12455536715039175, -0.025289723830320857)","(0.1706833728431751, -0.047571401141846416)","(0.21904823730206818, -0.07915038256190038)","(0.26974933103303017, -0.1224619239725823)","(0.3231451053904119, -0.18150985075090892)","(0.38028006504926554, -0.2639215083321284)","(0.44471364908782246, -0.3888059222529592)","(0.5664055761591364, -0.7439536771482511)",0.00675149995367974
2.9942505,"(0.0, 0.0)","(0.039107288930599664, -0.0025422936087189205)","(0.0806363980167417, -0.010672718597533779)","(0.12448824458456333, -0.02529085322611102)","(0.1705908845598798, -0.047574435284284476)","(0.21892771587471743, -0.07915717992590633)","(0.269596845792651, -0.12247570888272383)","(0.322954570757641, -0.18153643388017962)","(0.38004113108717075, -0.26397225572208594)","(0.4444049254429763, -0.3889072214241531)","(0.5658972025185507, -0.7442695238271768)",0.006836300017312169
3.00025,"(0.0, 0.0)","(0.03908594590870799, -0.0025423180434800308)","(0.0805928484858076, -0.010672992062075635)","(0.12442121053706788, -0.0252919357539461)","(0.17049852209902458, -0.047577379942952275)","(0.2188073671335936, -0.07916382649267814)","(0.26944459522639314, -0.12248925822505839)","(0.3227643566089281, -0.1815626664326655)","(0.37980264271833897, -0.2640224970789823)","(0.4440968472538358, -0.38900780120465217)","(0.565390063348727, -0.7445842407072153)",0.007389300037175417
3.0062495,"(0.0, 0.0)","(0.03906463097228298, -0.0025423379584560636)","(0.0805493557661167, -0.010673246200397037)","(0.12435426485229895, -0.025292971711885198)","(0.1704062852163298, -0.04758023567372882)","(0.21868719069979972, -0.07917032317443887)","(0.2692925787496385, -0.12250257338134302)","(0.32257446204616225, -0.18158855039123342)","(0.37956459856288, -0.2640722351464189)","(0.4437894123587246, -0.3891076653338993)","(0.5648841541948837, -0.7448978339339138)",0.007086699944920838
3.012249,"(0.0, 0.0)","(0.03904334407517778, -0.0025423533836210245)","(0.08050591976360671, -0.010673481138107432)","(0.12428740737520107, -0.02529396139618981)","(0.17031417366847149, -0.04758300302919527)","(0.21856718619603785, -0.07917667087809119)","(0.26914079578035843, -0.12251565572541583)","(0.3223848861753102, -0.1816140877275755)","(0.3793269972471987, -0.26412147265272534)","(0.44348261860573535, -0.3892068175305087)","(0.5643794706219353, -0.7452103096118339)",0.006480299984104931
3.0182485,"(0.0, 0.0)","(0.03902208517115785, -0.0025423643487303043)","(0.08046254038404792, -0.010673696999909481)","(0.12422063795054311, -0.025294905101004)","(0.17022218721208965, -0.04758568255802046)","(0.21844735324535772, -0.07918287050417203)","(0.2689892457376225, -0.12252850662153551)","(0.32219562810472135, -0.18163928039966534)","(0.3790898374021791, -0.2641702123070996)","(0.44317646385096715, -0.38930526148623984)","(0.5638760082136665, -0.7455216737997221)",0.007196699967607856
3.024248,"(0.0, 0.0)","(0.03900085421392013, -0.002542370883324852)","(0.08041921753308279, -0.010673893909616627)","(0.12415395642297879, -0.025295803118395823)","(0.17013032560387037, -0.04758827480503926)","(0.21832769147125786, -0.07918892294698292)","(0.26883792804171386, -0.12254112742458344)","(0.3220066869452552, -0.18166413035206103)","(0.37885311766331203, -0.264218456800057)","(0.4428709459586312, -0.38940300086667035)","(0.5633737625727181, -0.7458319325112064)",0.007853800081647933
3.0302474999999998,"(0.0, 0.0)","(0.03897965115747582, -0.002542373016787906)","(0.08037595111702497, -0.01067407199039479)","(0.12408736263828436, -0.025296655738939362)","(0.17003858860222942, -0.04759078031236645)","(0.21820820049980522, -0.07919482909648021)","(0.2686868421166501, -0.12255351948305827)","(0.32181806181312683, -0.18168863952047465)","(0.3786168366737209, -0.26426620881033497)","(0.442566062803949, -0.38950003932194927)","(0.5628727293217572, -0.7461410917385373)",0.00914450001437217
3.036247,"(0.0, 0.0)","(0.038958475955390336, -0.0025423707782364566)","(0.08033274104127194, -0.010674231364299203)","(0.12402085644089823, -0.025297463250597858)","(0.16994697596396063, -0.0475931996172556)","(0.21808887995540935, -0.07920058983463535)","(0.26853598738514906, -0.12256568413329923)","(0.3216297518242067, -0.18171280982293822)","(0.3783809930780749, -0.2643134709915122)","(0.4422618122672778, -0.3895963804659108)","(0.5623729041009075, -0.7464491573945002)",0.007595599978230894
3.0422465,"(0.0, 0.0)","(0.03893732856164354, -0.002542364196647018)","(0.08028958721210096, -0.010674372152810602)","(0.12395443767670315, -0.02529822594001529)","(0.16985548744802345, -0.04759553325457249)","(0.21796972946559312, -0.07920620603963503)","(0.2683853632743048, -0.12257762270614402)","(0.3214417561004371, -0.1817366431699729)","(0.37814558552942207, -0.2643602459873923)","(0.4419581922406709, -0.3896920279000495)","(0.5618742825704791, -0.746756135397044)",0.007808399968780577
3.048246,"(0.0, 0.0)","(0.03891620893003116, -0.0025423533007704253)","(0.08024648953541907, -0.010674494476471596)","(0.1238881061910888, -0.025298944091639457)","(0.16976412281290318, -0.047597781755113804)","(0.2178507486576648, -0.07921167858302229)","(0.26823496921162243, -0.12258933652239114)","(0.3212540737653403, -0.18176014145764732)","(0.37791061268439274, -0.26440653642148404)","(0.44165520062324687, -0.38978698519709526)","(0.5613768604089332, -0.7470620315816512)",0.007989399950020015
3.0542455,"(0.0, 0.0)","(0.038895117014424836, -0.00254233811917082)","(0.08020344791730626, -0.010674598455052696)","(0.12382186182979248, -0.025299617988121536)","(0.16967288181775508, -0.047599945646371454)","(0.21773193716015676, -0.07921700833099304)","(0.26808480462672774, -0.12260082689485216)","(0.3210667039459485, -0.18178330657070915)","(0.37767607320524704, -0.26445234490173364)","(0.441352835323143, -0.38988125590837613)","(0.5608806333136473, -0.7473668517712944)",0.006566300056874752
3.060245,"(0.0, 0.0)","(0.038874052768472604, -0.0025423186801835466)","(0.0801604622633886, -0.010674684207372455)","(0.12375570443792765, -0.02530024790988189)","(0.16958176422107973, -0.047602025451699295)","(0.21761329460115433, -0.07922219614297793)","(0.2679348689493739, -0.12261209512609805)","(0.3208796457705428, -0.18180614037913195)","(0.37744196575745725, -0.26449767401528357)","(0.44105109425517575, -0.38997484355561696)","(0.5603855969998665, -0.7476706017316955)",0.007951300009153783
3.0662445,"(0.0, 0.0)","(0.03885301614639618, -0.002542295012031993)","(0.08011753248050407, -0.010674751851795733)","(0.12368963386256429, -0.025300834136310617)","(0.1694907697842359, -0.0476040216926129)","(0.21749482061272163, -0.07922724287554861)","(0.26778516161470767, -0.12262314251465418)","(0.32069289837460624, -0.18182864474758345)","(0.3772082890160461, -0.2645425263428068)","(0.4407499753469204, -0.3900677516533115)","(0.5598917472031918, -0.7479732872047795)",0.007368100108578801
3.072244,"(0.0, 0.0)","(0.03883200710192322, -0.0025422671426742773)","(0.08007465847447208, -0.010674801505579364)","(0.12362364994927189, -0.025301376944189678)","(0.16939989826673174, -0.0476059348857642)","(0.21737651482496406, -0.07923214937727409)","(0.26763568205619725, -0.12263397034683468)","(0.3205064608928174, -0.18185082152293228)","(0.37697504165704193, -0.2645869044395693)","(0.44044947653047734, -0.39015998367912585)","(0.5593990796760572, -0.7482749138726983)",0.006783799966797233
3.0782435,"(0.0, 0.0)","(0.03881102558884567, -0.0025422350998854015)","(0.08003184015125969, -0.010674833285222406)","(0.12355775254392631, -0.025301876608536576)","(0.16930914942868383, -0.047607765544557375)","(0.21725837686912566, -0.07923691649146446)","(0.26748642970931624, -0.12264457990109219)","(0.3203203324632135, -0.18187267254089265)","(0.3767422223619088, -0.2646308108454867)","(0.440149595746718, -0.3902515430895832)","(0.5589075901894538, -0.748575487400716)",0.007047699997201562
3.084243,"(0.0, 0.0)","(0.038790071561243006, -0.00254219891129087)","(0.0799890774174468, -0.010674847306609375)","(0.1234919414934297, -0.0253023334029491)","(0.16921852303179688, -0.04760951417980856)","(0.21714040637882237, -0.07924154505729067)","(0.26733740401300915, -0.12265497244979202)","(0.3201345122288424, -0.1818941996287342)","(0.3765098298193007, -0.2646742480892224)","(0.4398503309469554, -0.3903424333264601)","(0.558417274533555, -0.7488750133996008)",0.006285900017246604
3.0902425,"(0.0, 0.0)","(0.03876914497312921, -0.0025421586043168623)","(0.07994637017948905, -0.010674843684797439)","(0.12342621664456835, -0.025302747599091808)","(0.1691280188378066, -0.047611181298760276)","(0.21702260298807685, -0.07924603590810728)","(0.2671886044073478, -0.12266514925654683)","(0.3199489993351074, -0.18191540460119845)","(0.37627786272222047, -0.26471721868199005)","(0.4395516800901975, -0.39043265780708203)","(0.5579281285165046, -0.7491734974487778)",0.009195999940857291
3.096242,"(0.0, 0.0)","(0.03874824577825055, -0.0025421142061621918)","(0.07990371834329589, -0.01067482253389648)","(0.12336057784335697, -0.02530311946640618)","(0.16903763660758603, -0.04761276740452476)","(0.21690496633019016, -0.0792503898705034)","(0.26704003033218515, -0.1226751115747058)","(0.3197637929282379, -0.18193628925818078)","(0.3760463197663824, -0.2647597251140261)","(0.4392536411415562, -0.3905222199187834)","(0.5574401479637016, -0.7494709450854614)",0.007259700098074973
3.1022415,"(0.0, 0.0)","(0.03872737393075646, -0.0025420657438967923)","(0.0798611218156304, -0.010674783967489181)","(0.12329502493720887, -0.025303449273122967)","(0.16894737610409932, -0.04761427299802349)","(0.21678749604146305, -0.07925460776759857)","(0.26689168123158263, -0.12268486065258374)","(0.3195788921602935, -0.18195685539272527)","(0.3758151996555391, -0.26480176986670534)","(0.43895621207735536, -0.3906111230378436)","(0.5569533287198462, -0.7497673618150964)",0.007889700005762279
3.108241,"(0.0, 0.0)","(0.03870652938455718, -0.002542013244369865)","(0.07981858050276835, -0.010674728098238806)","(0.12322955777285603, -0.025303737285315934)","(0.16885723708956846, -0.04761569857617202)","(0.21667019175762228, -0.07925869041595436)","(0.26674355654955156, -0.122694397728554)","(0.3193942961843418, -0.18197710478351178)","(0.375584501096331, -0.264843355401135)","(0.43865939088016254, -0.3906993705116271)","(0.5564676666468238, -0.750062753089466)",0.00759159994777292
3.1142405,"(0.0, 0.0)","(0.03868571209383644, -0.0025419567342854733)","(0.07977609431156814, -0.010674655038211609)","(0.12316417619800762, -0.025303983767678763)","(0.16876721932773073, -0.04761704463336833)","(0.21655305311666462, -0.07926263862810318)","(0.2665956557334367, -0.12270372403506105)","(0.31921000415828, -0.18199703920098895)","(0.375354222802354, -0.2648844841674518)","(0.4383631755426834, -0.39078696567311405)","(0.555983157625244, -0.7503571243541791)",0.008454299997538328
3.12024,"(0.0, 0.0)","(0.03866492201252457, -0.0025418962401273634)","(0.07973366314837087, -0.01067456489855576)","(0.12309888005964412, -0.0253041889827502)","(0.16867732258151377, -0.04761831166000614)","(0.21643607975592385, -0.07926645321001813)","(0.2664479782304207, -0.12271284079459836)","(0.3190260152408758, -0.18201666040121367)","(0.3751243634899289, -0.26492515859546306)","(0.43806756406368175, -0.39087391182623415)","(0.5554997975527016, -0.750650480978663)",0.0068627999862656
3.1262395,"(0.0, 0.0)","(0.038644159094813925, -0.002541831788234923)","(0.07969128692007545, -0.01067445778982531)","(0.12303366920568341, -0.02530435319169481)","(0.16858754661530453, -0.0476195001439709)","(0.21631927131492917, -0.07927013496365498)","(0.26630052349092376, -0.12272174922374239)","(0.3188423285956091, -0.18203597013202025)","(0.37489492188218965, -0.2649653811039988)","(0.43777255445189134, -0.39096021226049166)","(0.5550175823453157, -0.7509428283399048)",0.0068799000000581145
3.1322389999999998,"(0.0, 0.0)","(0.03862342329465065, -0.002541763404730684)","(0.07964896553307833, -0.010674333821670549)","(0.12296854348333634, -0.025304476653555702)","(0.1684978911927072, -0.04762061056920547)","(0.21620262743257657, -0.07927368468451101)","(0.26615329096523294, -0.12273045052927173)","(0.3186589433868525, -0.18205497012707184)","(0.3746658967050035, -0.2650051540918747)","(0.4374781447220826, -0.3910458702367951)","(0.5545365079360611, -0.7512341717302405)",0.00983929994981736
3.1382385,"(0.0, 0.0)","(0.0386027145663524, -0.002541691115611216)","(0.07960669889456244, -0.010674193103225768)","(0.12290350274110476, -0.025304559626189133)","(0.16840835607926471, -0.047621643417501754)","(0.21608614775055782, -0.07927710316467021)","(0.2660062801075825, -0.1227389459130008)","(0.3184758587844834, -0.18207366211325834)","(0.3744372866918788, -0.26504447994911146)","(0.4371843328997605, -0.39113088900501813)","(0.554056570276614, -0.7515245164473352)",0.008539900067262352
3.144238,"(0.0, 0.0)","(0.03858203286405607, -0.0025416149466680874)","(0.07956448691134381, -0.010674035742771669)","(0.1228385468269924, -0.025304602365449864)","(0.16831894104001982, -0.04762259916693701)","(0.21596983191028418, -0.07928039119014167)","(0.26585949037248624, -0.12274723656754881)","(0.3182930739597293, -0.18209204780421004)","(0.3742090905795283, -0.26508336104708047)","(0.4368911170168878, -0.3912152717885418)","(0.5535777653355513, -0.7518138677301028)",0.009100900031626225
3.1502375,"(0.0, 0.0)","(0.0385613781419432, -0.0025415349235218443)","(0.07952232949034238, -0.010673861847880196)","(0.12277367558923469, -0.025304605125539868)","(0.16822964584050853, -0.04762347829254175)","(0.21585367955413637, -0.07928354954199364)","(0.26571292121622375, -0.12275532367813749)","(0.31811058808684384, -0.18211012890304587)","(0.3739813071096483, -0.2651217997426648)","(0.4365984951135803, -0.3912990217907592)","(0.5531000890989757, -0.7521022307836023)",0.00947169994469732
3.156237,"(0.0, 0.0)","(0.038540750354139085, -0.0025414510716084563)","(0.07948022653837043, -0.010673671525356468)","(0.12270888887596995, -0.02530456815886774)","(0.16814047024631065, -0.04762428126602886)","(0.2157376903248959, -0.0792865789958908)","(0.26556657209615997, -0.12276320842185251)","(0.31792840034233283, -0.18212790710123566)","(0.37375393502808446, -0.2651597983765226)","(0.4363064652372886, -0.39138214219233086)","(0.5526235375701251, -0.7523896107900643)",0.007598500000312924
3.1622365,"(0.0, 0.0)","(0.038520149455024785, -0.0025413634162259357)","(0.07943817796278523, -0.01067346488143759)","(0.12264418653625052, -0.025304491716527842)","(0.1680514140244265, -0.047625008556711715)","(0.21562186386747942, -0.07928948032365438)","(0.2654204424728073, -0.12277089197011973)","(0.31774650990728204, -0.18214538408238892)","(0.3735269730873057, -0.2651973592788326)","(0.4360150254451599, -0.3914646361601868)","(0.5521481067702554, -0.7526760128838093)",0.008357199956662953
3.168236,"(0.0, 0.0)","(0.038499575398952275, -0.0025412719824939992)","(0.07939618367089236, -0.010673242021620254)","(0.12257956841911752, -0.02530437604788389)","(0.1679624769420153, -0.04762566063070444)","(0.21550619982734592, -0.0792922542918999)","(0.2652745318079258, -0.12277837548653665)","(0.3175649159652023, -0.18216256151892748)","(0.3733004200440989, -0.2652344847642326)","(0.4357241738018089, -0.39154650683956954)","(0.5516737927376799, -0.7529614421759067)",0.011675000074319541
3.1742355,"(0.0, 0.0)","(0.038479028140010516, -0.002541176795321268)","(0.07935424356945828, -0.010673003050520486)","(0.1225150343728442, -0.025304221400230024)","(0.16787365876536287, -0.047626237950270524)","(0.21539069784919296, -0.07929490166092615)","(0.26512883956296673, -0.12278566012510377)","(0.3173836177002644, -0.182179441069368)","(0.3730742746576794, -0.26527117712767695)","(0.43543390837748913, -0.39162775734751015)","(0.5512005915269826, -0.7532459037287934)",0.008537099929526448
3.180235,"(0.0, 0.0)","(0.03845850763283572, -0.002541077879524229)","(0.07931235756640172, -0.010672748072381359)","(0.12245058424755811, -0.02530402802001526)","(0.16778495926345371, -0.04762674097617104)","(0.21527535758145896, -0.07929742318870996)","(0.2649833652044325, -0.12279274703657016)","(0.3172026143033582, -0.18219602438804286)","(0.3728485356961421, -0.26530743865920425)","(0.43514422725427054, -0.3917083907960003)","(0.5507284992114139, -0.7535294025831479)",0.051012500072829425
3.1862345,"(0.0, 0.0)","(0.03843801383164085, -0.0025409752596872092)","(0.07927052556876667, -0.010672477190474934)","(0.12238621789209778, -0.025303796151400083)","(0.16769637820368638, -0.047627170164894206)","(0.21516017867091874, -0.0792998196261893)","(0.2648381081974363, -0.12279963736093312)","(0.31702190496480076, -0.1822123131135984)","(0.3726232019286801, -0.2653432716264439)","(0.43485512851855546, -0.39178841026450517)","(0.5502575118798503, -0.7538119437414109)",0.004724200000055134
3.192234,"(0.0, 0.0)","(0.03841754669100547, -0.0025408689602784075)","(0.0792287474843721, -0.010672190507597514)","(0.12232193515656943, -0.025303526037450827)","(0.16760791535535668, -0.04762752597094616)","(0.21504516076707395, -0.07930209172116011)","(0.26469306801092796, -0.12280633223362927)","(0.3168414888802445, -0.18222830887847996)","(0.3723982721318749, -0.26537867828902756)","(0.43456661026710086, -0.3918678188225839)","(0.5497876256391224, -0.7540935321816168)",0.0042624999769032
3.1982335,"(0.0, 0.0)","(0.03839710616531186, -0.0025407590055689763)","(0.07918702322063374, -0.010671888125723887)","(0.12225773589052037, -0.02530321791930502)","(0.16751957048716754, -0.04762780884524827)","(0.2149303035190106, -0.07930424021554677)","(0.26454824411394867, -0.12281283278119223)","(0.3166613652464348, -0.18224401330226905)","(0.37217374508516593, -0.2654136608884489)","(0.434278670602656, -0.3919466195139414)","(0.549318836612226, -0.7543741728213343)",0.007528799935244024
3.204233,"(0.0, 0.0)","(0.03837669220904544, -0.002540645419677826)","(0.07914535268519149, -0.01067157014619851)","(0.122193619943911, -0.02530287203663208)","(0.16743134336855198, -0.04762801923602029)","(0.2148156065770661, -0.07930626584690338)","(0.26440363597761296, -0.12281914012363583)","(0.3164815332634464, -0.18225942799533187)","(0.37194961957322753, -0.2654482216536028)","(0.43399130763622873, -0.3920248153651162)","(0.5488511409391555, -0.7546538705744339)",0.01604549994226545
3.2102325,"(0.0, 0.0)","(0.038356304776758145, -0.00254052822656742)","(0.07910373578583244, -0.010671236669717317)","(0.12212958716699504, -0.02530248862758902)","(0.16734323376950955, -0.047628157588694285)","(0.21470106959262053, -0.07930816934826546)","(0.2642592430748574, -0.12282525537421561)","(0.31630199213439686, -0.1822745545584492)","(0.3717258943856541, -0.2654823628002131)","(0.4337045194867676, -0.39210240938456453)","(0.5483845347767153, -0.7549326303119865)",0.0037491999100893736
3.2162319999999998,"(0.0, 0.0)","(0.038335943823088414, -0.002540407450047798)","(0.07906217243053337, -0.010670887796344721)","(0.12206563741038458, -0.025302067928861024)","(0.1672552414606932, -0.047628224345991614)","(0.21458669221820523, -0.07930995144827936)","(0.26411506488056646, -0.12283117963963133)","(0.3161227410655818, -0.1822893945831211)","(0.37150256831709777, -0.26551608653128916)","(0.4334183042812802, -0.3921794045633676)","(0.5479190142985024, -0.7552104568729213)",0.003692899947054684
3.2222315,"(0.0, 0.0)","(0.03831560930265753, -0.00254028311376251)","(0.07902066252724285, -0.010670523625453399)","(0.12200177052471184, -0.02530161017551564)","(0.16716736621294798, -0.04762821994764203)","(0.21447247410691808, -0.07931161287072205)","(0.2639711008708737, -0.12283691401926058)","(0.3159437792656803, -0.18230394965038618)","(0.37127964016641274, -0.26554939503531955)","(0.43313266015399704, -0.3922558038723719)","(0.5474545756945164, -0.7554873550565878)",0.003968699951656163
3.228231,"(0.0, 0.0)","(0.0382953011700415, -0.002540155241185639)","(0.07897920598382296, -0.010670144255711304)","(0.12193798636053879, -0.025301115600970866)","(0.16707960779718614, -0.047628144830321635)","(0.21435841491226498, -0.0793131543343938)","(0.2638273505229693, -0.12284245960498412)","(0.3157651059455323, -0.18231822133054854)","(0.3710571087364106, -0.2655822904858473)","(0.4328475852461227, -0.39233161026150054)","(0.5469912151710054, -0.7557633296415285)",0.0037311000050976872
3.2342305,"(0.0, 0.0)","(0.038275019380078365, -0.0025400238556676745)","(0.07893780270869151, -0.010669749785277505)","(0.12187428476935164, -0.0253005844374675)","(0.16699196598574223, -0.047627999428558325)","(0.21424451428986682, -0.07931457655465816)","(0.2636838133171303, -0.12284781748363288)","(0.31558672032043167, -0.18233221118692705)","(0.3708349728362967, -0.26561477504716835)","(0.4325630777081575, -0.3924068266687138)","(0.5465289289513021, -0.7560383853697707)",0.005058699985966086
3.24023,"(0.0, 0.0)","(0.03825476388742427, -0.0025398889803717865)","(0.07889645260989347, -0.010669340311529739)","(0.1218106656021209, -0.02530001691541099)","(0.16690444055040873, -0.047627784173467705)","(0.21413077189497975, -0.07931588024128759)","(0.2635404887337652, -0.12285298873355822)","(0.3154086216067757, -0.18234592077058695)","(0.37061323127809076, -0.26564685086630285)","(0.4322791356964503, -0.39248145600735007)","(0.5460677132744269, -0.7563125269550464)",0.00494120002258569
3.2462295,"(0.0, 0.0)","(0.038234534646838896, -0.00253975063831655)","(0.07885515559569764, -0.010668915931246765)","(0.1217471287102264, -0.025299413263811157)","(0.16681703126369601, -0.04762749949359612)","(0.21401718738408337, -0.07931706609989733)","(0.2633973762553002, -0.12285797442690882)","(0.315230809024197, -0.1823593516238294)","(0.37039188287889196, -0.2656785200782979)","(0.43199575737535667, -0.3925555011744587)","(0.5456075643958637, -0.7565857590664243)",0.004278999986127019
3.252229,"(0.0, 0.0)","(0.03821433161315838, -0.0025396088523730333)","(0.07881391157454008, -0.010668476740595725)","(0.12168367394536826, -0.02529877371025121)","(0.1667297378987108, -0.047627145814860224)","(0.21390376041472456, -0.07931813483184091)","(0.26325447536599295, -0.12286277562946245)","(0.31505328179534586, -0.18237250527992727)","(0.370170926460639, -0.2657097848058187)","(0.43171294091699375, -0.39262896505014255)","(0.5451484785874018, -0.7568580863622556)",0.004183199955150485
3.2582285,"(0.0, 0.0)","(0.03819415474141578, -0.002539463645283433)","(0.07877272045527542, -0.010668022835211595)","(0.12162030115995724, -0.02529809848107913)","(0.16664256022968596, -0.0476267235609137)","(0.21379049064618488, -0.07931908713483306)","(0.26311178555272324, -0.12286739340161383)","(0.31487603914678197, -0.18238538326463818)","(0.3699503608510533, -0.26574064716144524)","(0.43143068450212946, -0.39270185050116574)","(0.5446904521374126, -0.7571295134577218)",0.003999899956397712
3.264228,"(0.0, 0.0)","(0.03817400398632249, -0.002539315039586374)","(0.07873158214609302, -0.010667554309877867)","(0.12155701020543228, -0.025297387800636326)","(0.1665554980296869, -0.047626233151665254)","(0.21367737773658516, -0.07931992370042326)","(0.26296930630154075, -0.1228718287943514)","(0.3146990803050624, -0.18239798709002145)","(0.36973018487946036, -0.2657711092382416)","(0.43114898631616366, -0.3927741603660691)","(0.5442334813492532, -0.7574000449427054)",0.003698000102303922
3.2702275,"(0.0, 0.0)","(0.03815387930293376, -0.0025391630577151114)","(0.07869049655590775, -0.010667071258945929)","(0.1214938009344178, -0.02529664189226971)","(0.16646855107355096, -0.047625675005220656)","(0.2135644213465915, -0.07932064521730278)","(0.2628270371020779, -0.1228760828545169)","(0.31452240450173025, -0.18241031826250875)","(0.369510397382101, -0.26580117312204576)","(0.4308678445542045, -0.39284589747453047)","(0.5437775625431461, -0.7576696853693456)",0.003679899964481592
3.276227,"(0.0, 0.0)","(0.03813378064638831, -0.0025390077219605445)","(0.0786494635938156, -0.010666573776176847)","(0.12143067319987855, -0.025295860977949138)","(0.16638171913673455, -0.04762504953714795)","(0.2134516211379595, -0.07932125237005086)","(0.2626849774458117, -0.1228801566228074)","(0.31434601097134485, -0.18242237827983215)","(0.3692909972000234, -0.2658308408867827)","(0.43058725741903225, -0.39291706463996345)","(0.5433226920553362, -0.7579384392704311)",0.0061076999409124255
3.2822265,"(0.0, 0.0)","(0.0381137079715323, -0.0025388490544172343)","(0.07860848316830724, -0.010666061954510595)","(0.12136762685389896, -0.025295045277710013)","(0.1662950019936484, -0.04762435715940545)","(0.21333897677143235, -0.07932174583730682)","(0.2625431268235575, -0.12288405113086265)","(0.3141698989486378, -0.18243416862654466)","(0.3690719831760444, -0.2658601145876234)","(0.4303072231181752, -0.3929876646487067)","(0.5428688662369242, -0.7582063111374596)",0.007568200002424419
3.288226,"(0.0, 0.0)","(0.03809366123350999, -0.0025386870770707625)","(0.07856755518850318, -0.010665535886439093)","(0.12130466174959946, -0.025294195010553314)","(0.1662083994202679, -0.04762359828206967)","(0.21322648791003176, -0.07932212629471226)","(0.2624014847293865, -0.1228877674059452)","(0.31399406767294463, -0.1824456907812039)","(0.3688533541594649, -0.2658889962719294)","(0.43002773986841286, -0.3930577002772751)","(0.542416081455516, -0.7584733054432508)",0.006971299997530878
3.2942255,"(0.0, 0.0)","(0.038073640387498574, -0.0025385218117599416)","(0.07852667956359871, -0.01066499566384458)","(0.1212417777402743, -0.025293310394055045)","(0.16612191119295788, -0.047622773312584334)","(0.21311415421757404, -0.07932239441362988)","(0.2622600506588548, -0.12289130646889859)","(0.3138185163861951, -0.18245694621323133)","(0.3686351090039216, -0.2659174879744572)","(0.42974880589370323, -0.393127174284782)","(0.5419643340943723, -0.7587394266256845)",0.00927810010034591
3.3002249999999997,"(0.0, 0.0)","(0.038053645388925444, -0.0025383532802095844)","(0.07848585620331831, -0.010664441378139508)","(0.12117897468009582, -0.025292391644703618)","(0.16603553708943172, -0.04762188265640745)","(0.2130019753598781, -0.07932255086224489)","(0.2621188241104408, -0.12289466933589832)","(0.3136432443345352, -0.182467936385598)","(0.36841724656910685, -0.26594559172144705)","(0.4294704194268161, -0.39319608941938117)","(0.5415136205529621, -0.7590046791004558)",0.0070177000015974045
3.3062245,"(0.0, 0.0)","(0.03803367619264634, -0.002538181503911259)","(0.0784450850161969, -0.010663873119756785)","(0.12111625242144876, -0.025291438976668464)","(0.16594927688511488, -0.04762092671464519)","(0.21288995100017633, -0.07932259630153056)","(0.2619778045800725, -0.12289785701202413)","(0.31346825076212814, -0.18247866274494134)","(0.36819976571415464, -0.26597330951553516)","(0.42919257870298433, -0.3932644483944188)","(0.5410639372445244, -0.7592690672369169)",0.0069275000132620335
3.312224,"(0.0, 0.0)","(0.03801373275425373, -0.002538006504315666)","(0.07840436591231568, -0.010663290978971694)","(0.12105361081917254, -0.025290452603784312)","(0.16586313035892952, -0.04761990588786262)","(0.2127780808064101, -0.07932253139174121)","(0.26183699156981965, -0.12290087050159702)","(0.3132935349209891, -0.18248912673744688)","(0.36798266530811635, -0.2660006433599779)","(0.42891528196992307, -0.39333225392668575)","(0.5406152805997614, -0.7595325953919543)",0.006708899978548288
3.3182234999999998,"(0.0, 0.0)","(0.037993815028934626, -0.002537828302666489)","(0.0783636988009136, -0.01066269504519172)","(0.12099104972685656, -0.02528943273783594)","(0.16577709728824097, -0.04761882057278786)","(0.21266636444485318, -0.07932235678679347)","(0.2616963845802913, -0.12290371079922859)","(0.31311909606237487, -0.18249932979508687)","(0.3677659442207739, -0.2660275952376439)","(0.4286385274790174, -0.3933995087032103)","(0.5401676470634819, -0.7597952678945087)",0.007765199989080429
3.324223,"(0.0, 0.0)","(0.03797392297217621, -0.0025376469201045977)","(0.07832308359186248, -0.01066208540740169)","(0.1209285689991276, -0.02528837958963262)","(0.16569117745197676, -0.04761767116437532)","(0.21255480158404452, -0.07932207313778143)","(0.2615559831153201, -0.12290637889541624)","(0.31294493344208163, -0.18250927334421518)","(0.3675496013282813, -0.26605416712412505)","(0.42836231349071086, -0.3934662154019666)","(0.5397210330965535, -0.7600570890392098)",0.006896700011566281
3.3302225,"(0.0, 0.0)","(0.037954056539420765, -0.002537462377618493)","(0.07828252019494557, -0.010661462153951855)","(0.12086616849053035, -0.025287293368496038)","(0.16560537062909822, -0.047616458054821065)","(0.2124433918928588, -0.0793216810912964)","(0.2614157866796598, -0.12290887577386486)","(0.31277104631783487, -0.1825189588014463)","(0.36733363551037346, -0.266080360981436)","(0.4280866382718192, -0.39353237668189817)","(0.539275435174842, -0.7603180630943475)",0.00825249997433275
3.336222,"(0.0, 0.0)","(0.03793421568611909, -0.002537274696053071)","(0.07824200851996906, -0.010660825372595146)","(0.12080384805569962, -0.025286174282349756)","(0.16551967659883526, -0.047615181633733863)","(0.2123321350408005, -0.0793211812897172)","(0.26127579477933327, -0.12291120241194534)","(0.31259743394967787, -0.1825283875743549)","(0.3671180456507744, -0.26610617875907483)","(0.42781150009590624, -0.3935979951845792)","(0.5388308497892949, -0.7605781942928868)",0.014156199991703033
3.3422215,"(0.0, 0.0)","(0.037914400367855774, -0.0025370838961288997)","(0.07820154847702385, -0.010660175150569445)","(0.1207416075497666, -0.025285022537917583)","(0.16543409514123872, -0.0476138422885154)","(0.21222103069869913, -0.07932057437185659)","(0.2611360069224583, -0.12291335978172266)","(0.3124240956009025, -0.18253756106305144)","(0.36690283063818074, -0.2661316223964211)","(0.42753689724421384, -0.3936630735379951)","(0.5383872734462245, -0.7608374868599788)",0.009249099995940924
3.348221,"(0.0, 0.0)","(0.03789461054026535, -0.002536889998430864)","(0.07816113997631008, -0.010659511574548862)","(0.12067944682808564, -0.025283838340605495)","(0.1653486260368073, -0.047612440404132726)","(0.2121100785382375, -0.07931986097257183)","(0.2609964226186821, -0.12291534884933226)","(0.3122510305374051, -0.18254648065921955)","(0.3666879893655692, -0.2661566938212579)","(0.42726282800498305, -0.39372761435419096)","(0.5379447026669982, -0.7610959449727144)",0.008916999911889434
3.3542205,"(0.0, 0.0)","(0.03787484615898297, -0.00253669302340185)","(0.07812078292803372, -0.01065883473061662)","(0.12061736574607373, -0.025282621894435656)","(0.16526326906626768, -0.047610976362990554)","(0.21199927823167156, -0.0793190417225455)","(0.2608570413788453, -0.12291717057462792)","(0.3120782380273011, -0.18255514774556933)","(0.36647352072977735, -0.26618139494892873)","(0.4269892906730405, -0.3937916202279205)","(0.5375031339878289, -0.7613535727906156)",0.010003799921832979
3.36022,"(0.0, 0.0)","(0.03785510717977145, -0.002536492991362312)","(0.07808047724267272, -0.010658144704348506)","(0.12055536415962274, -0.02528137340224775)","(0.1651780240111354, -0.04760945054531732)","(0.21188862945253753, -0.0793181172489421)","(0.26071786271582176, -0.12291882591222576)","(0.31190571734187195, -0.1825635636974384)","(0.3662594236325065, -0.2662057276847761)","(0.4267162835507434, -0.39385509374049404)","(0.5370625639600618, -0.761610374447559)",0.009306099964305758
3.3662195,"(0.0, 0.0)","(0.03783539355819952, -0.002536289922463936)","(0.07804022283030267, -0.010657441580614652)","(0.12049344192405301, -0.0252800930652196)","(0.16509289065228755, -0.04760786332824309)","(0.21177813187384834, -0.07931708817383407)","(0.26057888614236613, -0.12292031580899253)","(0.3117334677531227, -0.18257172987892298)","(0.36604569697771105, -0.26622969391821877)","(0.42644380494546913, -0.393918037450381)","(0.536622989149203, -0.7618663540445056)",0.0078066999558359385
3.372219,"(0.0, 0.0)","(0.03781570525031247, -0.002536083836788947)","(0.07800001960200083, -0.01065672544400393)","(0.12043159889629128, -0.02527878108389216)","(0.16500786877293133, -0.04760621508776863)","(0.2116677851718386, -0.07931595511755855)","(0.260440111175575, -0.12292164120939342)","(0.3115614885388302, -0.18257964765110177)","(0.36583233967697154, -0.2662532955353165)","(0.4261718531747424, -0.3939804539131044)","(0.5361844061367268, -0.7621215156673896)",0.011547400034032762
3.3782185,"(0.0, 0.0)","(0.03779604221192855, -0.0025358747542477927)","(0.0779598674683736, -0.010655996378386367)","(0.12036983493258498, -0.025277437657111906)","(0.16492295815548655, -0.04760450619673219)","(0.21155758902202879, -0.07931471869524793)","(0.2603015373321928, -0.12292280304995956)","(0.3113897789772229, -0.18258731836351885)","(0.36561935064381773, -0.26627653440574284)","(0.4259004265607895, -0.39404234566058416)","(0.5357468115180349, -0.7623758633684866)",0.008755700080655515
3.384218,"(0.0, 0.0)","(0.037776404398899704, -0.002535662694618261)","(0.0779197663401015, -0.01065525446708026)","(0.12030814988934847, -0.025276062982434223)","(0.16483815858273862, -0.04760273702558357)","(0.21144754310067834, -0.07931337951814905)","(0.2601631641303414, -0.1229238022613875)","(0.311218338348935, -0.18259474335740883)","(0.36540672879580316, -0.26629941238770505)","(0.42562952343251037, -0.39410371520891896)","(0.5353102019031205, -0.76262940116829)",0.008252900093793869
3.3902175,"(0.0, 0.0)","(0.03775679176730556, -0.002535447677574809)","(0.0778797161283454, -0.01065449979297739)","(0.12024654362379184, -0.025274657256425512)","(0.16475346983869485, -0.04760090794296452)","(0.2113376470858651, -0.07931193819461108)","(0.26002499109080374, -0.12292463977011205)","(0.31104716593845594, -0.1826019239681139)","(0.365194473056045, -0.2663219313316357)","(0.42535914212693804, -0.39416456506422476)","(0.5348745739170347, -0.762882133069951)",0.0076648000394925475
3.396217,"(0.0, 0.0)","(0.037737204273201416, -0.0025352297226525385)","(0.07783971674421912, -0.010653732438388889)","(0.12018501599310315, -0.02527322067429048)","(0.16466889170746915, -0.04759901931499116)","(0.21122790065607613, -0.07931039532886063)","(0.25988701773534173, -0.12292531649635073)","(0.3108762610322212, -0.18260886152206932)","(0.36498258235118025, -0.2663440930755734)","(0.4250892809872703, -0.39422489771529984)","(0.5344399241991186, -0.7631340630551386)",0.007225999957881868
3.4022164999999998,"(0.0, 0.0)","(0.03771764187257519, -0.00253500884924161)","(0.0777997680986989, -0.010652952485021162)","(0.1201235668543066, -0.025271753429813585)","(0.16458442397308656, -0.047597071505140705)","(0.2111183034899589, -0.07930875152080663)","(0.25974924358639734, -0.12292583335378983)","(0.31070562291826964, -0.18261555733631446)","(0.3647710556109933, -0.2663658994444063)","(0.42481993836250015, -0.39428471563240575)","(0.5340062494028169, -0.7633851950606763)",0.007486299960874021
3.408216,"(0.0, 0.0)","(0.03769810452169109, -0.0025347850766386406)","(0.07775987010334223, -0.01065216001419557)","(0.12006219606537816, -0.02527025571588933)","(0.16450006642100523, -0.04759506487527037)","(0.2110088552682414, -0.07930700736777724)","(0.25961166816937764, -0.12292619125235157)","(0.3105352508888271, -0.1826220127227505)","(0.3645598917711646, -0.2663873522563795)","(0.4245511126100318, -0.3943440212775801)","(0.5335735461965572, -0.7636355330190862)",0.007223399938084185
3.4142155,"(0.0, 0.0)","(0.03767859217675645, -0.0025345584239986627)","(0.07772002266959159, -0.010651355106642805)","(0.12000090348416456, -0.025268727724025313)","(0.16441581883664025, -0.04759299978466093)","(0.21089955567186688, -0.07930516346288673)","(0.2594742910104301, -0.12292639109558728)","(0.3103651442377825, -0.18262822898412095)","(0.3643490897705718, -0.2664084533169374)","(0.4242828020930854, -0.39440281709485353)","(0.5331418112627632, -0.763885080829268)",0.0077167999697849154
3.420215,"(0.0, 0.0)","(0.037659104794040485, -0.0025343289103533103)","(0.07768022570902135, -0.01065053784258057)","(0.1199396889687663, -0.025267169644529287)","(0.16433168100588508, -0.047590876590375794)","(0.21079040438265054, -0.07930322039564662)","(0.2593371116372221, -0.12292643378164958)","(0.31019530226156644, -0.1826342074155046)","(0.3641386485522203, -0.2664292044210004)","(0.42401500518157503, -0.39446110551384667)","(0.5327110412981141, -0.7641338423678325)",0.00631460000295192
3.4262145,"(0.0, 0.0)","(0.03763964232981213, -0.0025340965546026286)","(0.07764047913320891, -0.010649708301678367)","(0.11987855237733663, -0.025265581666423922)","(0.16424765271483732, -0.047588695647096155)","(0.210681401082932, -0.07930117875168292)","(0.25920012957852395, -0.1229263202028384)","(0.31002572425867503, -0.1826399493036116)","(0.36392856706272786, -0.2664496073518793)","(0.42374772025160207, -0.3945188889480328)","(0.5322812330133082, -0.764381821482686)",0.007964299991726875
3.432214,"(0.0, 0.0)","(0.03762020474043835, -0.002533861375530296)","(0.0776007828539397, -0.010648866563122479)","(0.11981749356839966, -0.02526396397760332)","(0.1641637337502312, -0.047586457307421365)","(0.2105725454561196, -0.07929903911324736)","(0.25906334436485534, -0.12292605124641424)","(0.30985640953039745, -0.18264545592803186)","(0.3637188442530943, -0.2664696638831786)","(0.42348094568617844, -0.3945761697977477)","(0.5318523831332646, -0.7646290219913545)",0.0067532999673858285
3.4382135,"(0.0, 0.0)","(0.03760079198252191, -0.0025336233918246995)","(0.07756113678349504, -0.010648012705705966)","(0.11975651240129706, -0.025262316765050318)","(0.16407992390004605, -0.047584161922286046)","(0.21046383718745648, -0.07929680205992766)","(0.25892675552939654, -0.12292562779572906)","(0.30968735738184455, -0.18265072856297412)","(0.3635094790797905, -0.26648937578145526)","(0.42321467987625455, -0.39463295045440333)","(0.5314244883974255, -0.7648754477141856)",0.007549999980255961
3.444213,"(0.0, 0.0)","(0.037581404012514565, -0.00253338262202296)","(0.07752154083384313, -0.010647146807589132)","(0.11969560873493194, -0.025260640214257123)","(0.1639962229517922, -0.04758180983984519)","(0.21035527596185633, -0.07929446816674388)","(0.25879036260540483, -0.12292505072718629)","(0.309518567119018, -0.18265576847257678)","(0.36330047050162695, -0.26650874479902736)","(0.4229489212177127, -0.39468923328904615)","(0.5309975455586423, -0.7651211024068133)",0.008080999949015677
3.4502125,"(0.0, 0.0)","(0.03756204078684515, -0.0025331390845305104)","(0.07748199491690719, -0.010646268946383113)","(0.11963478242818365, -0.02525893450942697)","(0.16391263069307596, -0.047579401405861185)","(0.21024686146461394, -0.07929203800480678)","(0.2586541651270594, -0.12292432091128866)","(0.3093500380497631, -0.18266057691251747)","(0.36309181748076386, -0.26652777267643213)","(0.4226836681123202, -0.39474502065624373)","(0.5305715513834598, -0.7653659898391167)",0.009023800026625395
3.456212,"(0.0, 0.0)","(0.037542702262290756, -0.002532892797676486)","(0.07744249894534101, -0.010645379199386665)","(0.11957403334111276, -0.025257199834046198)","(0.16382914691324219, -0.04757693696480326)","(0.2101385933834778, -0.07928951214319377)","(0.2585181626319304, -0.12292343921562958)","(0.3091817694865614, -0.18266515513462037)","(0.3628835189856804, -0.2665464611494769)","(0.42241891897055417, -0.3948003149052897)","(0.530146502653048, -0.7656101137290444)",0.0067070999648422
3.4622115,"(0.0, 0.0)","(0.03752338839554596, -0.0025326437796512613)","(0.07740305283162871, -0.010644477643318852)","(0.11951336133356201, -0.025255436370237715)","(0.16374577140146582, -0.04757441685860355)","(0.21003047140623946, -0.07928689114682391)","(0.25838235465810155, -0.12292240650149933)","(0.30901376074326803, -0.1826695043816211)","(0.36267557398768974, -0.2665648119412126)","(0.422154672208258, -0.39485511836742676)","(0.5297223961619748, -0.7658534777864336)",0.008942799991928041
3.468211,"(0.0, 0.0)","(0.037504099143318016, -0.0025323920485211264)","(0.07736365648828256, -0.010643564354381711)","(0.11945276626546386, -0.025253644298912144)","(0.16366250394716936, -0.04757184142694681)","(0.20992249522125886, -0.07928417557695105)","(0.2582467407447944, -0.12292122362466991)","(0.3088460111358136, -0.1826736258883707)","(0.3624679814616815, -0.2665828267637703)","(0.42189092624733915, -0.39490943335874945)","(0.5292992287183983, -0.766096085699917)",0.008742399979382753
3.4742105,"(0.0, 0.0)","(0.037484834462400536, -0.002532137622240023)","(0.07732430982799827, -0.010642639408310301)","(0.11939224799708054, -0.02525182379988844)","(0.16357934434035062, -0.047569211007501826)","(0.20981466451787642, -0.07928136599155766)","(0.25811132043285673, -0.12291989143602074)","(0.3086785199827549, -0.18267752088279793)","(0.3622607403867013, -0.26660050731982693)","(0.42162767951630786, -0.3949632621825239)","(0.5288769971441997, -0.766337941122013)",0.006839600042439997
3.48021,"(0.0, 0.0)","(0.037465594309685164, -0.0025318805186520014)","(0.07728501276367837, -0.010641702880383073)","(0.11933180638904081, -0.0252499750519187)","(0.1634962923716312, -0.04756652593596835)","(0.20970697898647314, -0.07927846294543353)","(0.2579760932648328, -0.12291841078166241)","(0.3085112866053487, -0.18268119058609436)","(0.3620538497460232, -0.2666178553028848)","(0.4213649304503376, -0.39501660712962466)","(0.5284556982749483, -0.7665790476886937)",0.008551700040698051
3.4862094999999997,"(0.0, 0.0)","(0.03744637864217067, -0.0025316207554933407)","(0.07724576520845174, -0.010640754845430853)","(0.11927144130236857, -0.025248098232709463)","(0.1634133478322958, -0.04756378654611761)","(0.2095994383185186, -0.07927546699024378)","(0.25784105878501673, -0.12291678250304246)","(0.30834431032760995, -0.18268463621287487)","(0.3618473085272053, -0.2666348723975101)","(0.42110267749130154, -0.3950694704788983)","(0.5280353289598592, -0.7668194090240766)",0.0071959999622777104
3.492209,"(0.0, 0.0)","(0.03742718741669248, -0.0025313583503535197)","(0.07720656707510719, -0.010639795377669695)","(0.11921115259760448, -0.025246193518517347)","(0.16333051051309175, -0.04756099316901335)","(0.20949204220505366, -0.07927237867319706)","(0.2577062165376417, -0.12291500743481706)","(0.3081775904742554, -0.18268785896788975)","(0.36164111571988994, -0.2666515602742813)","(0.4208409190856613, -0.3951218544891015)","(0.527615886061013, -0.7670590287036495)",0.008346299990080297
3.4982085,"(0.0, 0.0)","(0.03740802059047999, -0.00253109332075801)","(0.0771674182772593, -0.010638824551055)","(0.11915094013661498, -0.02524426108500484)","(0.16324778020669709, -0.04755814613465787)","(0.2093847903398056, -0.07926919853985566)","(0.25757156607059206, -0.122913086409335)","(0.30801112637490513, -0.1826908600529376)","(0.3614352703202779, -0.26666792060038824)","(0.42057965368872785, -0.3951737614157824)","(0.5271973664547667, -0.7672979103080261)",0.007854900090023875
3.5042079999999998,"(0.0, 0.0)","(0.03738887812054126, -0.0025308256840785096)","(0.07712831872806182, -0.010637842438897321)","(0.11909080378059422, -0.025242301106311076)","(0.16316515670499399, -0.04755524577020341)","(0.20927768241574346, -0.07926592713107916)","(0.2574371069312928, -0.12291102025175563)","(0.30784491735942215, -0.1826936406593298)","(0.36122977132615197, -0.2666839550280637)","(0.42031887975989474, -0.3952251934928251)","(0.5267797670300634, -0.767536057375804)",0.0075613000662997365
3.5102075,"(0.0, 0.0)","(0.03736975996421316, -0.002530555457614669)","(0.07708926834135783, -0.010636849114211902)","(0.11903074339185017, -0.02524031375589674)","(0.16308263980150384, -0.047552292401577156)","(0.20917071812815202, -0.07926256498579881)","(0.2573028386703736, -0.12290880978447682)","(0.30767896276205936, -0.1826962019747187)","(0.36102461774129235, -0.26669966520505395)","(0.4200585957668443, -0.3952761529491336)","(0.5263630846898175, -0.7677734734346946)",0.007293200003914535
3.516207,"(0.0, 0.0)","(0.037350666078596204, -0.00253028265851155)","(0.07705026703049671, -0.010635844649365405)","(0.1189707588319666, -0.025238299205689364)","(0.1630002292888796, -0.047549286351836)","(0.2090638971714632, -0.07925911263820604)","(0.25716876083788687, -0.12290645582264204)","(0.30751326191717077, -0.1826985451761602)","(0.3608198085708977, -0.2667150527639637)","(0.4197988001811607, -0.39532664199162504)","(0.5259473163493673, -0.768010161986558)",0.006987100001424551
3.5222065,"(0.0, 0.0)","(0.037331596421055255, -0.0025300073038342454)","(0.07701131470938316, -0.010634829116395047)","(0.1189108499634317, -0.025236257626854844)","(0.16291792496112706, -0.04754622794265042)","(0.2089572192420598, -0.07925557062028556)","(0.2570348729866496, -0.1229039591781843)","(0.30734781416299456, -0.18270067143635027)","(0.3606153428256117, -0.2667301193318234)","(0.4195394914821645, -0.39537666282047573)","(0.5255324589377262, -0.768246126508386)",0.007789500057697296
3.528206,"(0.0, 0.0)","(0.0373125509489, -0.0025297294105214446)","(0.07697241129180706, -0.010633802586809796)","(0.11885101664859785, -0.02523418918931639)","(0.1628357266121839, -0.04754311749337798)","(0.2088506840364801, -0.07925193946023186)","(0.25690117467009965, -0.12290132065729463)","(0.30718261883921905, -0.18270258191971397)","(0.3604112195189215, -0.26674486652407586)","(0.4192806681544157, -0.39542621761951724)","(0.5251185093966816, -0.7684813704632254)",0.008519100025296211
3.5342055,"(0.0, 0.0)","(0.03729352961975053, -0.002529448995440129)","(0.07693355669220933, -0.010632765131824304)","(0.11879125875086975, -0.025232094062319882)","(0.16275363403754153, -0.04753995532215102)","(0.20874429125346392, -0.07924821968430595)","(0.2567676654447339, -0.12289854106338544)","(0.30701767528974266, -0.1827042777869766)","(0.3602074376700949, -0.2667592959515927)","(0.4190223286905059, -0.3954753085674254)","(0.5247054646816856, -0.7687158972837811)",0.00724499998614192
3.540205,"(0.0, 0.0)","(0.03727453239097316, -0.002529166075303063)","(0.07689475082450059, -0.010631716822005728)","(0.1187315761328699, -0.025229972413579434)","(0.16267164703173959, -0.04753674174423126)","(0.20863804059078786, -0.07924441181402293)","(0.2566343448663305, -0.1228956211925959)","(0.306852982858389, -0.1827057601882196)","(0.36000399629960417, -0.26677340921)","(0.41876447158667696, -0.3955239378206613)","(0.5242933217603244, -0.7689497103911507)",0.006466899998486042
3.5462045,"(0.0, 0.0)","(0.03725555922002703, -0.00252888066672066)","(0.0768559936027868, -0.010630657727495517)","(0.1186719686575652, -0.025227824409813436)","(0.16258976538990327, -0.047533477073040974)","(0.2085319317472044, -0.07924051636791238)","(0.2565012124922603, -0.1228925618366011)","(0.3066885408915222, -0.18270703026721463)","(0.3598008944319086, -0.26678720788632654)","(0.4185070953454649, -0.39557210752407257)","(0.5238820776131614, -0.7691828131717952)",0.006475699949078262
3.552204,"(0.0, 0.0)","(0.03723661006483583, -0.002528592786256534)","(0.07681728494214694, -0.010629587918247077)","(0.11861243618947416, -0.025225650217319248)","(0.1625079889093904, -0.047530161621268434)","(0.20842596442452183, -0.07923653386340661)","(0.2563682678839646, -0.12288936378562822)","(0.30652434874085094, -0.182708089166077)","(0.35959813109843886, -0.2668006935661519)","(0.4182501984785398, -0.39561981982231015)","(0.5234717292346303, -0.7694152090060393)",0.0071029000682756305
3.5582035,"(0.0, 0.0)","(0.03721768488287826, -0.002528302450294038)","(0.07677862475672956, -0.010628507463454465)","(0.11855297859171046, -0.02522345000059084)","(0.16242631738575497, -0.0475267956982066)","(0.20832013832250396, -0.07923246481229115)","(0.25623551060086996, -0.12288602782118367)","(0.3063604057565292, -0.18270893801403065)","(0.359395705330233, -0.26681386781633254)","(0.41799377949965955, -0.39566707683220825)","(0.5230622736306271, -0.7696469012454298)",0.0066566999303177
3.564203,"(0.0, 0.0)","(0.03719878363208518, -0.0025280096751693296)","(0.07674001296162992, -0.010627416432121761)","(0.1184935957288983, -0.025221223923695874)","(0.16234475061672593, -0.04752337961240312)","(0.20821445314389458, -0.0792283097252326)","(0.2561029402063788, -0.12288255472328694)","(0.3061967112939404, -0.18270957793857628)","(0.35919361616516515, -0.2668267322021597)","(0.4177378369315628, -0.39571388067019714)","(0.5226537078207605, -0.7698778932237001)",0.006642299937084317
3.5702024999999997,"(0.0, 0.0)","(0.0371799062700869, -0.0025277144770610087)","(0.07670144947131505, -0.010626314892590633)","(0.11843428746472535, -0.025218972149132525)","(0.16226328839886656, -0.047519913669458985)","(0.2081089085901965, -0.07922406910801484)","(0.2559705562628318, -0.12287894526445309)","(0.30603326470798603, -0.1827100100561923)","(0.35899186264184807, -0.26683928827305764)","(0.41748236930013266, -0.3957602334294213)","(0.5222460288363593, -0.7701081882403443)",0.00747920002322644
3.576202,"(0.0, 0.0)","(0.03716105275496358, -0.0025274168721015895)","(0.07666293420119394, -0.010625202913017294)","(0.11837505366438202, -0.025216694838983006)","(0.16218193053090285, -0.04751639817424877)","(0.20800350436587406, -0.07921974346533299)","(0.25583835833651947, -0.12287520021575428)","(0.3058700653587603, -0.1827102354816956)","(0.35879044380567926, -0.26685153757697067)","(0.4172273751401605, -0.39580613720274366)","(0.5218392337223314, -0.7703377896019731)",0.007294199895113707
3.5822015,"(0.0, 0.0)","(0.037142223044599035, -0.0025271168762827523)","(0.0766244670662648, -0.010624080560966895)","(0.11831589419245903, -0.02521439215393201)","(0.16210067681085327, -0.04751283342903026)","(0.20789824017472688, -0.07921533329756059)","(0.25570634599335335, -0.1228713203416508)","(0.30570711260664135, -0.18271025532025192)","(0.35858935870359926, -0.26686348164806983)","(0.41697285299032694, -0.39585159406306114)","(0.5214333195354518, -0.7705667005691615)",0.007580399978905916
3.5882009999999998,"(0.0, 0.0)","(0.037123417096951, -0.002526814505495987)","(0.07658604798168098, -0.010622947903587332)","(0.11825680891382712, -0.025212064253686967)","(0.16201952703722838, -0.047509219734252706)","(0.20779311572140333, -0.07921083910213052)","(0.25557451880066956, -0.12286730640219555)","(0.3055444058143312, -0.1827100706707769)","(0.3583886063862618, -0.26687512201197583)","(0.41671880139526396, -0.39589660607165356)","(0.5210282833449948, -0.770794924397414)",0.007471600081771612
3.5942005,"(0.0, 0.0)","(0.03710463487029386, -0.002526509775569141)","(0.07654767686325924, -0.01062180500776561)","(0.11819779769442555, -0.02520971129735602)","(0.16193848101010727, -0.04750555738928439)","(0.20768813071275874, -0.0792062613747772)","(0.25544287632884755, -0.12286315915501858)","(0.3053819443486865, -0.1827096826290014)","(0.3581881859099792, -0.2668864601904703)","(0.4164652189073996, -0.39594117528571277)","(0.5206241222332874, -0.7710224643183781)",0.0065737999975681305
3.6002,"(0.0, 0.0)","(0.03708587632266412, -0.0025262027021851013)","(0.07650935362631765, -0.010620651939779653)","(0.11813886039945695, -0.02520733344260531)","(0.16185753852867196, -0.047501846690789)","(0.2075832848547405, -0.0792016006067599)","(0.2553114181475903, -0.12285887935088534)","(0.3052197275764999, -0.18270909228060117)","(0.3579880963322179, -0.26689749769091764)","(0.4162121040826467, -0.39598530374139457)","(0.5202208332942435, -0.7712493235388442)",0.007809000089764595
3.6061995,"(0.0, 0.0)","(0.03706714141227269, -0.002525893300943466)","(0.07647107818654016, -0.010619488765562159)","(0.11807999689472964, -0.025204930846297064)","(0.1617766993930395, -0.04749808793395392)","(0.20747857785469992, -0.07919685728696148)","(0.25518014382868104, -0.1228544677370496)","(0.3050577548676199, -0.1827083007063761)","(0.35778833671491933, -0.26690823601422814)","(0.4159594554835611, -0.3960289934665564)","(0.5198184136343523, -0.7714755052531852)",0.0075020999647676945
3.612199,"(0.0, 0.0)","(0.037048430097518646, -0.002525581587363223)","(0.07643285046000414, -0.010618315550711983)","(0.11802120704670095, -0.025202503664516946)","(0.16169596340432002, -0.047494281412542264)","(0.207374009421465, -0.07919203190197621)","(0.25504905294606867, -0.12284992505739309)","(0.3048960255950442, -0.18270730898246315)","(0.3575889061245939, -0.26691867665517954)","(0.41570727167942073, -0.3960722464812653)","(0.5194168603726486, -0.771701012631806)",0.007111599901691079
3.6181985,"(0.0, 0.0)","(0.03702974233676459, -0.0025252675768502116)","(0.07639467036271069, -0.010617132360354721)","(0.1179624907217462, -0.025200052052236424)","(0.1616153303636187, -0.04749042741824199)","(0.20726957926407824, -0.0791871249349959)","(0.25491814507435795, -0.12284525205064133)","(0.3047345391332058, -0.18270611817757354)","(0.3573898036304863, -0.26692882109815935)","(0.41545555124446154, -0.39611506479096414)","(0.5190161706400893, -0.7719258488309256)",0.00919769995380193
3.624198,"(0.0, 0.0)","(0.03701107808828573, -0.002524951284690223)","(0.07635653781047752, -0.010615939259113086)","(0.1179038477859924, -0.025197576163240597)","(0.16153480007180732, -0.04748652624052649)","(0.20716528709150628, -0.07918213686556978)","(0.2547874197884622, -0.12284044944997716)","(0.3045732948575741, -0.1827047293523916)","(0.3571910283041455, -0.26693867081622996)","(0.4152042927574565, -0.3961574503849538)","(0.5186163415793713, -0.7721500169717983)",0.007330299937166274
3.6301975,"(0.0, 0.0)","(0.036992437310765014, -0.0025246327261229198)","(0.07631845271997567, -0.010614736311423258)","(0.11784527810692921, -0.0251950761508938)","(0.16145437233172316, -0.04748257816812825)","(0.20706113261541753, -0.07917706817212426)","(0.2546568766669145, -0.12283551798706989)","(0.3044122921484063, -0.18270314356580183)","(0.3569925792234183, -0.2669482272807129)","(0.41495349480551663, -0.396199405251758)","(0.5182173703461096, -0.7723735201771669)",0.00661410007160157
3.636197,"(0.0, 0.0)","(0.03697381996273464, -0.002524311916259898)","(0.07628041500756065, -0.010613523581183969)","(0.11778678155159147, -0.025192552167289876)","(0.16137404694568747, -0.04747858348740201)","(0.2069571155470447, -0.07917191932916184)","(0.2545265152881227, -0.12283045838759207)","(0.3042515303864978, -0.18270136186795266)","(0.3567944554679116, -0.2669574919505006)","(0.4147031559797479, -0.3962409313619662)","(0.5178192541073826, -0.7725963615457784)",0.007318399962969124
3.6421965,"(0.0, 0.0)","(0.036955226002633394, -0.00252398887009372)","(0.0762424245893912, -0.010612301131795066)","(0.11772835798674429, -0.02519000436334523)","(0.16129382371575665, -0.047474542482503025)","(0.2068532355975013, -0.0791666908075651)","(0.254396335230744, -0.12282527137170363)","(0.30409100895360325, -0.18269938530099905)","(0.356596656119436, -0.2669664662731917)","(0.4144532748756629, -0.3962820306700367)","(0.5174219900418247, -0.7728185441467175)",0.007489299983717501
3.648196,"(0.0, 0.0)","(0.03693665538943944, -0.0025236636025922714)","(0.0762044813827551, -0.010611069026561436)","(0.11767000728094237, -0.02518743288977635)","(0.16121370244653396, -0.047470455437269694)","(0.20674949248133315, -0.07916138307781576)","(0.25426633607792176, -0.12281995765920044)","(0.30393072723723635, -0.18269721490706634)","(0.3563991802671191, -0.26697515169735625)","(0.41420385009805183, -0.39632270513398016)","(0.5170255753411329, -0.7730400710432199)",0.007530900067649782
3.6541955,"(0.0, 0.0)","(0.036918108081759396, -0.002523336128564598)","(0.0761665853041618, -0.01060982732811843)","(0.1176117293015663, -0.025184837895708613)","(0.16113368294112165, -0.047466322632543106)","(0.20664588591140248, -0.07915599660540855)","(0.2541365174111773, -0.12281451796217395)","(0.3037706846237419, -0.18269485171688932)","(0.3562020270000101, -0.2669835496550233)","(0.41395488025391103, -0.3963629566872287)","(0.5166300072077561, -0.7732609452714361)",0.007553100003860891
3.660195,"(0.0, 0.0)","(0.036899584038540906, -0.0025230064627669493)","(0.07612873627083377, -0.010608576098885845)","(0.1175535239171392, -0.0251822195297751)","(0.16105376500428417, -0.047462144348283095)","(0.20654241560288344, -0.07915053185446988)","(0.2540068788151769, -0.12280895299080019)","(0.30361088050369617, -0.18269229675876528)","(0.3560051954128342, -0.266991661575472)","(0.41370636395792537, -0.3964027872607729)","(0.5162352828565987, -0.7734811698530272)",0.006401600083336234
3.6661945,"(0.0, 0.0)","(0.0368810832186138, -0.002522674619835536)","(0.07609093419974622, -0.010607315400779879)","(0.11749539099583466, -0.025179577939418874)","(0.16097394844040958, -0.04745792086222365)","(0.2064390812706847, -0.0791449892854564)","(0.25387741987465334, -0.12280326344965425)","(0.30345131426841365, -0.18268955105284815)","(0.3558086846022612, -0.2669994888764311)","(0.41345829982889526, -0.3964421987690125)","(0.515841399513833, -0.7737007477877242)",0.007403300027363002
3.6721939999999997,"(0.0, 0.0)","(0.03686260558093764, -0.002522340614323748)","(0.076053179008145, -0.010606045295372396)","(0.11743733040628074, -0.025176913271278446)","(0.16089423305460696, -0.04745365245061476)","(0.20633588263083533, -0.07913936935642338)","(0.25374814017605785, -0.12279745003973838)","(0.3032919853118164, -0.18268661561428298)","(0.355612493668893, -0.2670070329689036)","(0.41321068649162307, -0.39648119311749525)","(0.5154483544174535, -0.7739196820662174)",0.008908599964343011
3.6781935,"(0.0, 0.0)","(0.03684415108456687, -0.0025220044606976684)","(0.07601547061347379, -0.010604765843871626)","(0.11737934201744726, -0.025174225671140707)","(0.16081461865255173, -0.047449339388131485)","(0.2062328194002879, -0.07913367252286758)","(0.2536190393073228, -0.12279151345822877)","(0.30313289303016155, -0.18268349145281068)","(0.3554166217169683, -0.26701429525655296)","(0.4129635225766201, -0.396519772201923)","(0.5150561448171337, -0.7741379756477005)",0.007391300052404404
3.684193,"(0.0, 0.0)","(0.0368257196888195, -0.0025216661733616736)","(0.07597780893372734, -0.010603477107231724)","(0.11732142569919371, -0.025171515284205886)","(0.1607351050412337, -0.047444981948383855)","(0.2061298912978628, -0.07912789923859943)","(0.2534901168589873, -0.1227854543998697)","(0.30297403682331475, -0.1826801795749246)","(0.35522106785571395, -0.26702127713902374)","(0.41271680672138544, -0.396557937913482)","(0.514664767974579, -0.7743556314785585)",0.007166899973526597
3.6901924999999998,"(0.0, 0.0)","(0.03680731135257387, -0.0025213257665547867)","(0.07594019388597809, -0.010602179145708757)","(0.11726358131997966, -0.025168782254012406)","(0.16065569202582894, -0.0474405804018444)","(0.20602709804029354, -0.07912204995219492)","(0.2533613724194743, -0.12277927355129131)","(0.3028154160893904, -0.18267668097506698)","(0.355025831193623, -0.2670279799983534)","(0.41247053756493446, -0.39659569211697315)","(0.5142742211617618, -0.7745726524992956)",0.007455000071786344
3.696192,"(0.0, 0.0)","(0.03678892603530265, -0.002520983254504617)","(0.0759026253885427, -0.010600872019519914)","(0.11720580875023162, -0.025166026724032554)","(0.16057637941429762, -0.04743613501892271)","(0.2059244393480365, -0.07911612511225614)","(0.2532328055820236, -0.12277297159943011)","(0.3026570302326107, -0.1826729966486653)","(0.35483091084683255, -0.2670344052190801)","(0.4122247137557837, -0.39663303668314864)","(0.5138845016633805, -0.7747890416244848)",0.0070526000345125794
3.7021915,"(0.0, 0.0)","(0.03677056369614622, -0.00252063865129049)","(0.07586510335903986, -0.010599555788257201)","(0.1171481078593236, -0.025163248836252733)","(0.16049716701325986, -0.04743164606722876)","(0.2058219149400573, -0.07911012516272686)","(0.25310441593846583, -0.12276654922402624)","(0.3024988786562422, -0.18266912758050996)","(0.35463630593158224, -0.2670405541703022)","(0.41197933394474223, -0.39666997345983307)","(0.5134956067745546, -0.7750048017393799)",0.0072592999786138535
3.708191,"(0.0, 0.0)","(0.03675222429469444, -0.0025202919709600524)","(0.07582762771602895, -0.010598230511386777)","(0.11709047851812475, -0.025160448732382275)","(0.16041805463147374, -0.047427113813902126)","(0.20571952453822528, -0.07910405054687797)","(0.2529762030844672, -0.12276000710400366)","(0.3023409607685395, -0.18266507475463273)","(0.3544420155705505, -0.267046428220919)","(0.4117343967909491, -0.39670650429644716)","(0.5131075338026626, -0.7752199357326963)",0.007743100053630769
3.7141905,"(0.0, 0.0)","(0.0367339077902342, -0.00251994322741827)","(0.07579019837743334, -0.010596896247773432)","(0.11703292059654725, -0.025157626552701675)","(0.16033904207648683, -0.047422538523391566)","(0.2056172678630809, -0.07909790170350572)","(0.25284816661447373, -0.1227533459113803)","(0.30218327597700906, -0.18266083914487014)","(0.3542480388867287, -0.26705202872505784)","(0.41148990095601584, -0.39674263102052854)","(0.5127202800654705, -0.7754344464509231)",0.006481099990196526
3.72019,"(0.0, 0.0)","(0.036715614142499305, -0.0025195924345391713)","(0.07575281526211083, -0.01059555305615909)","(0.1169754339659881, -0.025154782437221197)","(0.1602601291579693, -0.047417920459687526)","(0.2055151446380463, -0.07909167907075255)","(0.2527203061267369, -0.12274656631738508)","(0.30202582369410474, -0.18265642172433605)","(0.35405437500949277, -0.26705735703669353)","(0.4112458451098102, -0.3967783554612737)","(0.5123338428928834, -0.775648336749689)",0.006544900010339916
3.7261895,"(0.0, 0.0)","(0.03669734331089717, -0.002519239606051792)","(0.0757154782882341, -0.010594200994674206)","(0.11691801849681074, -0.02515191652449722)","(0.16018131568427463, -0.04741325988404037)","(0.20541315458507783, -0.0790853830821996)","(0.25259262121812, -0.12273966898619743)","(0.3018686033313357, -0.18265182345572012)","(0.35386102306831013, -0.26706241449466017)","(0.4110022279244405, -0.39681367942537166)","(0.5119482196250347, -0.7758616094567921)",0.0073102000169456005
3.732189,"(0.0, 0.0)","(0.03667909525520157, -0.0025188847556435055)","(0.0756781873747419, -0.010592840121280282)","(0.11686067406060081, -0.02514902895270381)","(0.16010260146551927, -0.047408557057025166)","(0.20531129742855728, -0.07907901417040064)","(0.2524651114887433, -0.12273265458060639)","(0.3017116143045296, -0.18264704530005108)","(0.35366798219835116, -0.26706720243618054)","(0.41075904807960034, -0.3968486047188002)","(0.5115634076138929, -0.7760742673779317)",0.007665399927645922
3.7381885,"(0.0, 0.0)","(0.0366608699350981, -0.00251852789689313)","(0.07564094244038597, -0.010591470493483213)","(0.11680340052868467, -0.025146119858938214)","(0.16002398631155912, -0.04740381223720238)","(0.20520957289273262, -0.07907257276458828)","(0.252337776538926, -0.12272552375833409)","(0.3015548560303617, -0.18264208821099748)","(0.3534752515367799, -0.26707172218805714)","(0.41051630425901753, -0.39688313313261553)","(0.5111794042221207, -0.7762863133048972)",0.00723630003631115
3.744188,"(0.0, 0.0)","(0.03664266731054249, -0.002518169043324744)","(0.07560374340448331, -0.010590092168563776)","(0.11674619777329742, -0.02514318937977883)","(0.15994547003358398, -0.047399025682193244)","(0.20510798070373318, -0.07906605929251412)","(0.25221061597158945, -0.12271827717498222)","(0.3013983279290787, -0.18263695313943137)","(0.35328283022565443, -0.2670759750737169)","(0.41027399515321267, -0.3969172664543032)","(0.5107962068238752, -0.7764977500214575)",0.008799200062640011
3.7501875,"(0.0, 0.0)","(0.03662448734120724, -0.002517808208326037)","(0.07556659018575469, -0.0105887052032277)","(0.11668906566577864, -0.025140237650437405)","(0.15986705244165253, -0.04739419764704466)","(0.20500652058645133, -0.07905947417764776)","(0.2520836293885335, -0.12271091547954198)","(0.30124202942027, -0.18263164102646445)","(0.3530907174074098, -0.267079962402444)","(0.4100321194551778, -0.3969510064503959)","(0.5104138128034407, -0.7767085802823558)",0.006888999952934682
3.7561869999999997,"(0.0, 0.0)","(0.03660632998718958, -0.0025174454052540314)","(0.07552948270380949, -0.010587309654058562)","(0.11663200407887928, -0.02513726480585586)","(0.15978873334784274, -0.04738932838634311)","(0.20490519226852497, -0.07905281784279605)","(0.2519568163951887, -0.12270343932019191)","(0.30108595992825554, -0.18262615281243233)","(0.3528989122306021, -0.2670836854832596)","(0.4097906758658475, -0.39698435488885936)","(0.5100322195568563, -0.7769188068374591)",0.007754500024020672
3.7621865,"(0.0, 0.0)","(0.0365881952084753, -0.0025170806473559983)","(0.07549242087802129, -0.010585905577178829)","(0.11657501288501369, -0.02513427097988492)","(0.15971051256386368, -0.047384418152630996)","(0.20480399547731673, -0.07904609070738977)","(0.25183017659700724, -0.12269584933994784)","(0.3009301188779897, -0.18262048943014864)","(0.3527074138455319, -0.2670871456144896)","(0.40954966308991264, -0.39701731352224495)","(0.5096514244905913, -0.777128432409338)",0.00716520007699728
3.768186,"(0.0, 0.0)","(0.03657008296512629, -0.0025167139477979173)","(0.07545540462792173, -0.010584493028371748)","(0.11651809195687178, -0.02513125630557925)","(0.1596323899018913, -0.047379467196974695)","(0.20470292994096928, -0.07903929318845575)","(0.25170370960072214, -0.12268814617821938)","(0.3007745056964851, -0.18261465180731343)","(0.35251622140575795, -0.267090344087481)","(0.40930907983725423, -0.3970498840936791)","(0.5092714250219399, -0.7773374597087392)",0.00809870008379221
3.7741854999999997,"(0.0, 0.0)","(0.036551993217363396, -0.0025163453196772687)","(0.07541843387337292, -0.010583072063136035)","(0.11646124116768682, -0.025128220915329593)","(0.15955436517493324, -0.04737447576921932)","(0.20460199538886606, -0.07903242570105196)","(0.25157741501489433, -0.122680330471505)","(0.30061911981343153, -0.18260864086758952)","(0.352325334068753, -0.26709328218826156)","(0.40906892482355955, -0.397082068339533)","(0.5088922185791611, -0.7775458914313289)",0.007151199970394373
3.780185,"(0.0, 0.0)","(0.03653392592544073, -0.0025159747760049402)","(0.07538150853430461, -0.01058164273660831)","(0.11640446039082636, -0.025125164940674728)","(0.15947643819626983, -0.04736944411762528)","(0.204501191550923, -0.07902548865764447)","(0.25145129244906594, -0.12267240285239213)","(0.30046396066023084, -0.18260245752904772)","(0.3521347509948687, -0.26709596119513)","(0.4088291967693243, -0.3971138679855212)","(0.5085138026011318, -0.7777537302696779)",0.009320299956016243
3.7861845,"(0.0, 0.0)","(0.036515881049576024, -0.002515602329695461)","(0.07534462853056866, -0.0105802051035211)","(0.11634774949956583, -0.02512208851219953)","(0.15939860877914394, -0.047364372488671265)","(0.20440051815719532, -0.07901848246776871)","(0.25132534151328845, -0.12266436394901209)","(0.3003090276694594, -0.18259610270331803)","(0.35194447134675555, -0.2670983823773363)","(0.4085898943992892, -0.3971452847445556)","(0.5081361745371358, -0.7779609788724491)",0.00661250005941838
3.7921839999999998,"(0.0, 0.0)","(0.03649785855026626, -0.0025152279936143654)","(0.0753077937825991, -0.010578759218405773)","(0.11629110836811482, -0.025118991760026247)","(0.15932087673816261, -0.04735926112800147)","(0.20429997493964863, -0.07901140753965112)","(0.2511995618202355, -0.12265621438763798)","(0.30015432027726197, -0.18258957729961708)","(0.3517544942919146, -0.26710054700130825)","(0.40835101644486393, -0.39717632032680117)","(0.5077593318475461, -0.7781676398852827)",0.007614799891598523
3.7981835,"(0.0, 0.0)","(0.03647985838781726, -0.00251485178050889)","(0.07527100421042779, -0.010577305135295454)","(0.11623453687008554, -0.025115874813094647)","(0.15924324188720423, -0.0473541102790364)","(0.20419956162951172, -0.0790042642778285)","(0.2510739529820403, -0.12264795478886632)","(0.29999983791976026, -0.18258288221882107)","(0.3515648189988568, -0.26710245632147284)","(0.4081125616404546, -0.3972069764248259)","(0.5073832720026812, -0.7783737159586173)",0.007306899991817772
3.804183,"(0.0, 0.0)","(0.0364618805228719, -0.002514473703086999)","(0.07523425973479014, -0.01057584290806357)","(0.11617803488021326, -0.025112737799982025)","(0.1591657040417678, -0.047348920184554215)","(0.204099277960246, -0.07899705308585628)","(0.2509485146138399, -0.12263958577195778)","(0.29984558003707107, -0.18257601836019677)","(0.35137544464138837, -0.2671041115906702)","(0.407874528727541, -0.3972372547304315)","(0.50700799248398, -0.7785792096933332)",0.008410800015553832
3.8101825,"(0.0, 0.0)","(0.036443924915968505, -0.00251409377395224)","(0.07519756027620025, -0.010574372590144652)","(0.11612160227291635, -0.025109580848226423)","(0.15908826301700585, -0.047343691085384866)","(0.20399912366505696, -0.07898977436407006)","(0.25082324633080094, -0.12263110795124592)","(0.29969154606992904, -0.18256898661582727)","(0.35118637039500034, -0.2671055140515185)","(0.4076369164512224, -0.3972671569206766)","(0.5066334907829279, -0.7787841236983323)",0.00747620000038296
3.816182,"(0.0, 0.0)","(0.03642599152770246, -0.002513712005628336)","(0.07516090575528939, -0.01057289423463957)","(0.11606523892282322, -0.025106404084581504)","(0.15901091862844371, -0.04733842322090111)","(0.20389909847780266, -0.0789824285104262)","(0.250698147749203, -0.12262252193748333)","(0.2995377354609126, -0.1825617878726967)","(0.35099759543817144, -0.26710666493963475)","(0.40739972356145143, -0.3972966846630749)","(0.5062597644013818, -0.7789884605620745)",0.008126299944706261
3.8221815,"(0.0, 0.0)","(0.036408080318904905, -0.002513328410586246)","(0.0751242960931802, -0.010571407894431499)","(0.11600894470535428, -0.02510320763529727)","(0.15893367069277314, -0.047333116829559645)","(0.20379920213399666, -0.07897501592142797)","(0.25057321848763486, -0.12261382833932585)","(0.29938414765579796, -0.18255442301499117)","(0.35080911895380934, -0.2671075654871947)","(0.4071629488143989, -0.3973258396213495)","(0.5058868108519315, -0.7791922228496251)",0.006823900039307773
3.828181,"(0.0, 0.0)","(0.036390191250306486, -0.002512943001194708)","(0.07508773121078235, -0.010569913621973823)","(0.1159527194956255, -0.025099991625605916)","(0.15885651902635517, -0.04732777214790887)","(0.20369943436891275, -0.07896753699042448)","(0.2504484581647288, -0.1226050277606018)","(0.2992307821009861, -0.18254689291985765)","(0.35062094012649814, -0.26710821691635805)","(0.4069265909698182, -0.397354623444778)","(0.505514627657076, -0.7793954131264016)",0.008374399971216917
3.8341805,"(0.0, 0.0)","(0.03637232428297765, -0.0025125557897862512)","(0.07505121102971522, -0.010568411469573017)","(0.11589656316988388, -0.0250967561804072)","(0.15877946344717958, -0.04732238941191052)","(0.20359979492006292, -0.07895999210987474)","(0.25032386640211884, -0.12259612080394287)","(0.2990776382468555, -0.18253919846303707)","(0.3504330581460735, -0.26710862044799005)","(0.40669064879444683, -0.3973830377823111)","(0.5051432123501828, -0.7795980339239206)",0.007596300099976361
3.8401799999999997,"(0.0, 0.0)","(0.03635447937756016, -0.002512166788543312)","(0.07501473547069636, -0.010566901488900432)","(0.11584047560300083, -0.02509350142308494)","(0.15870250377144013, -0.047316968854655986)","(0.20350028352286456, -0.07895238166743272)","(0.2501994428192628, -0.12258710806450142)","(0.29892471554188454, -0.1825313405091064)","(0.35024547220134156, -0.26710877728653615)","(0.406455121056004, -0.3974110842580525)","(0.504772562473683, -0.7798000877779298)",0.0075671999948099256
3.8461795,"(0.0, 0.0)","(0.036336656495269085, -0.0025117760096479273)","(0.0749783044556431, -0.010565383731633828)","(0.11578445667173973, -0.025090227477061664)","(0.15862563981799851, -0.04731151070936526)","(0.203400899916285, -0.07894470605108657)","(0.2500751870401837, -0.12257799013819368)","(0.29877201344029786, -0.18252331992427587)","(0.35005818148823836, -0.2671086886398469)","(0.4062200065309656, -0.3974387645033764)","(0.5044026755813112, -0.780001577196271)",0.00718730001244694
3.852179,"(0.0, 0.0)","(0.0363188555971842, -0.0025113834651767117)","(0.07494191790618569, -0.010563858249007158)","(0.11572850625244427, -0.025086934464707302)","(0.1585488714052252, -0.04730601520728094)","(0.20330164383884516, -0.07893696564554797)","(0.24995109868869425, -0.12256876761590577)","(0.29861953139664404, -0.18251513756738857)","(0.34987118520403526, -0.26710835570522645)","(0.405985303999027, -0.39746608013430795)","(0.5040335492364377, -0.7802025046753135)",0.007512000040151179
3.8581784999999997,"(0.0, 0.0)","(0.03630107664437515, -0.0025109891671200404)","(0.07490557574393084, -0.010562325091892687)","(0.11567262422144722, -0.025083622507537866)","(0.1584721983515574, -0.047300482578051216)","(0.20320251502932438, -0.07892916083290775)","(0.24982717738923593, -0.12255944108454334)","(0.29846726886674607, -0.1825067942915477)","(0.34968448254834894, -0.26710777967194654)","(0.40575101224405624, -0.3974930327555848)","(0.5036651810123093, -0.780402872700573)",0.00904499995522201
3.864178,"(0.0, 0.0)","(0.036283319598103145, -0.002510593127412524)","(0.07486927789088371, -0.010560784310931588)","(0.11561681045572698, -0.025080291726531936)","(0.15839562047639574, -0.0472949130503398)","(0.2031035132278929, -0.07892129199368061)","(0.2497034227682316, -0.12255001112870674)","(0.2983152253092313, -0.18249829094671452)","(0.3494980727247705, -0.2671069617252704)","(0.40551713005564055, -0.39751962396717583)","(0.5032975684924565, -0.78060268373643)",0.006808800040744245
3.8701775,"(0.0, 0.0)","(0.03626558441979422, -0.0025101953579295786)","(0.07483302426939197, -0.010559235956519133)","(0.11556106483282068, -0.025076942242094506)","(0.15831913759998506, -0.04728930685175618)","(0.20300463817596046, -0.07891335950668468)","(0.24957983445390222, -0.12254047833049622)","(0.29816340018532334, -0.182489628379405)","(0.3493119549406372, -0.2671059030459772)","(0.4052836562288568, -0.39754585536350073)","(0.5029307092705838, -0.7808019402451738)",0.008892899961210787
3.8761769999999998,"(0.0, 0.0)","(0.03624787107064359, -0.0025097958704289576)","(0.07479681480131675, -0.010557680078553981)","(0.11550538722953364, -0.02507357417344902)","(0.1582427495416499, -0.04728366420768162)","(0.20290588961394396, -0.0789053637470279)","(0.24945641207359764, -0.1225308432662784)","(0.29801179295580726, -0.1824808074276612)","(0.34912612840378887, -0.2671046048025589)","(0.40505058956117007, -0.3975717285207561)","(0.5025646009496317, -0.7810006446603509)",0.0071968999691307545
3.8821765,"(0.0, 0.0)","(0.03623017951219894, -0.0025093946766381026)","(0.07476064940925467, -0.010556116726812578)","(0.11544977752384032, -0.02507018763954479)","(0.15816645612239252, -0.04727798534302008)","(0.20280726728455148, -0.07889730508910892)","(0.24933315525771915, -0.12252110651150129)","(0.2978604030854801, -0.1824718289285308)","(0.34894059232731406, -0.26710306816281465)","(0.4048179288569511, -0.39759724501572546)","(0.5021992411430415, -0.7811987994107898)",0.009803000022657216
3.888176,"(0.0, 0.0)","(0.03621250970592047, -0.0025089917881891337)","(0.07472452801561605, -0.010554545950670386)","(0.11539423559345063, -0.02506678275838103)","(0.15809025716293232, -0.047272270480893)","(0.20270877093030223, -0.078889183904379)","(0.24921006363675458, -0.1225112686371001)","(0.29770923003978267, -0.182462693712479)","(0.3487553459259486, -0.2671012942851778)","(0.4045856729240317, -0.39762240641169)","(0.5018346274737195, -0.7813964069054993)",0.007118299952708185
3.8941755,"(0.0, 0.0)","(0.03619486161350424, -0.0025085872166674926)","(0.07468845054330267, -0.010552967799310349)","(0.11533876131686352, -0.025063359647511992)","(0.15801415248514572, -0.047266519843614116)","(0.20261040029534683, -0.07888100056301188)","(0.24908713684345096, -0.12250133021217673)","(0.2975582732872626, -0.18245340260755027)","(0.34857038841870214, -0.2670992843251693)","(0.40435382057620123, -0.39764721426890004)","(0.5014707575747144, -0.7815934695493203)",0.007671599974855781
3.900175,"(0.0, 0.0)","(0.03617723519641468, -0.0025081809735427204)","(0.07465241691472735, -0.010551382321426024)","(0.11528335457184184, -0.025059918423327106)","(0.15793814190998065, -0.0472607336512993)","(0.20251215512282789, -0.07887275543151963)","(0.24896437450965955, -0.12249129180016999)","(0.2974075322959902, -0.1824439564334118)","(0.3483857190250246, -0.26709703942614654)","(0.40412237062954004, -0.39767167012953275)","(0.5011076290881273, -0.7817899897091004)",0.006819400005042553
3.9061745,"(0.0, 0.0)","(0.03615963041659883, -0.0025077730702754365)","(0.07461642705331165, -0.010549789565680224)","(0.1152280152377418, -0.025056459202162668)","(0.15786222526064095, -0.04725491212401224)","(0.20241403515890724, -0.07886444887643108)","(0.24884177627114637, -0.12248115396476059)","(0.29725700653901677, -0.18243435601053107)","(0.34820133697063127, -0.2670945607335448)","(0.40389132190796806, -0.3976957755408299)","(0.5007452396666556, -0.7819859697833308)",0.006672599934972823
3.912174,"(0.0, 0.0)","(0.036142047235763496, -0.002507363518210023)","(0.07458048088197011, -0.010548189580244768)","(0.11517274319315508, -0.025052982099185876)","(0.1577864023593618, -0.04724905547960962)","(0.20231604014868637, -0.078856081260596)","(0.24871934176271543, -0.12247091726393493)","(0.29710669548883534, -0.18242460215094417)","(0.34801724148158253, -0.26709184938054104)","(0.40366067323758753, -0.3977195320317855)","(0.5003835869719393, -0.7821814121037688)",0.006930500036105514
3.9181735,"(0.0, 0.0)","(0.03612448561581402, -0.0025069523286405187)","(0.07454457832403026, -0.010546582413082987)","(0.11511753831733973, -0.02504948722907951)","(0.15771067302936562, -0.04724316393506248)","(0.20221816983867924, -0.07884765294545004)","(0.2485970706211621, -0.12246058225362083)","(0.296956598620731, -0.18241469566390528)","(0.34783343178785653, -0.2670889064968199)","(0.40343042345008284, -0.3977429411273875)","(0.5000226686754891, -0.7823763190302996)",0.007161400048062205
3.924173,"(0.0, 0.0)","(0.03610694551856316, -0.0025065395127676854)","(0.07450871930262239, -0.010544968111765527)","(0.11506240048927033, -0.025045974705595105)","(0.15763503709356352, -0.04723723770559335)","(0.2021204239751688, -0.07883916428953404)","(0.24847496248330717, -0.12245014948530765)","(0.2968067154105456, -0.18240463735218274)","(0.34764990712095833, -0.2670857332028167)","(0.40320057138043, -0.3977660043392421)","(0.4996624824579985, -0.7825706928824766)",0.007202600012533367
3.9301725,"(0.0, 0.0)","(0.0360894269062323, -0.0025061250817741674)","(0.07447290374172956, -0.010543346723792594)","(0.11500732958927178, -0.025042444642334242)","(0.15755949437678773, -0.04723127700618393)","(0.20202280230703004, -0.07883061565107945)","(0.24835301698936943, -0.12243961951019776)","(0.29665704533850507, -0.18239442801851455)","(0.34746666671800197, -0.2670823306197392)","(0.402971115870782, -0.39778872318187386)","(0.4993030260104006, -0.7827645359842726)",0.006527199991978705
3.936172,"(0.0, 0.0)","(0.03607192974078113, -0.0025057090467250527)","(0.07443713156478335, -0.01054171829616746)","(0.11495232549683418, -0.025038897151714104)","(0.15748404470280408, -0.04722528204957777)","(0.2019253045819497, -0.07882200738458142)","(0.2482312337784461, -0.12242899287370039)","(0.2965075878840845, -0.18238406845704014)","(0.34728370981622186, -0.26707869985625343)","(0.4027420557652254, -0.39781109915104995)","(0.4989442970323484, -0.7829578506365361)",0.008465100079774857
3.9421714999999997,"(0.0, 0.0)","(0.036054453984388266, -0.002505291418639957)","(0.07440140269567072, -0.010540082875705516)","(0.1148973880921791, -0.025035332345716706)","(0.15740868789645257, -0.04721925304772635)","(0.20182793054913362, -0.07881333984327842)","(0.24810961249174657, -0.12241827011941321)","(0.29635834252967674, -0.18237355945949085)","(0.34710103565688716, -0.2670748420180963)","(0.4025133899135044, -0.39783313373941465)","(0.49858629323322706, -0.7831506391314711)",0.008420900092460215
3.948171,"(0.0, 0.0)","(0.03603699959931931, -0.0025048722084738103)","(0.0743657170584574, -0.010538440508951806)","(0.1148425172558289, -0.02503175033568882)","(0.15733342378305876, -0.047213190211402245)","(0.20173067995856056, -0.07880461337848814)","(0.24798815277169878, -0.12240745178805412)","(0.2962093087595766, -0.18236290181352666)","(0.34691864348421086, -0.267070758205485)","(0.4022851171699709, -0.3978548284322648)","(0.4982290123318174, -0.7833429037300867)",0.00677850004285574
3.9541705,"(0.0, 0.0)","(0.03601956654780561, -0.00250445142709921)","(0.07433007457713371, -0.010536791242105284)","(0.11478771286821146, -0.025028151232158014)","(0.15725825218789188, -0.047207093749843686)","(0.201633552560296, -0.07879582833899663)","(0.2478668542611284, -0.12239653841647836)","(0.2960604860590443, -0.1823520963012029)","(0.34673653254434655, -0.26706644951073083)","(0.40205723639262037, -0.39787618470365266)","(0.4978724520559882, -0.7835346467144526)",0.007411699974909425
3.9601699999999997,"(0.0, 0.0)","(0.03600215479234229, -0.00250402908535136)","(0.07429447517623974, -0.010535135121211481)","(0.11473297481063212, -0.0250245351452998)","(0.15718317293749381, -0.04720096387165618)","(0.20153654810617294, -0.0787869850726047)","(0.24774571660526543, -0.12238553054016149)","(0.29591187391658214, -0.18234114370283241)","(0.34655470208781464, -0.2670619170242374)","(0.40182974644539715, -0.397897204026152)","(0.4975166101432998, -0.7837258703451614)",0.006821000017225742
3.9661695,"(0.0, 0.0)","(0.03598476429529634, -0.002503605193970024)","(0.07425891878004309, -0.010533472191913477)","(0.11467830296399491, -0.025020902184333473)","(0.15710818585793043, -0.04719480078364539)","(0.20143966634757807, -0.0787780839241244)","(0.24762473944909608, -0.12237442868997901)","(0.29576347182092555, -0.1823300447919707)","(0.3463731513662838, -0.2670571618266995)","(0.4016026461951147, -0.39791788785813414)","(0.4971614843401086, -0.7839165768347948)",0.00713990000076592
3.972169,"(0.0, 0.0)","(0.03596739501923417, -0.0025031797636488186)","(0.07422340531322592, -0.01053180249966327)","(0.11462369720987028, -0.02501725245803452)","(0.15703329077625036, -0.04718860469180634)","(0.20134290703729665, -0.07876912523707576)","(0.24750392243956768, -0.1223632333949311)","(0.2956152792635429, -0.18231880033965409)","(0.3461918796352378, -0.2670521849956876)","(0.4013759345139918, -0.39793823765449293)","(0.49680707240223304, -0.7841067684332895)",0.007048900006338954
3.9781684999999998,"(0.0, 0.0)","(0.03595004692664141, -0.002502752804993845)","(0.07418793470029714, -0.010530126089544251)","(0.1145691574295815, -0.025013586074303956)","(0.15695848751923575, -0.047182375800491325)","(0.20124626992793096, -0.0787601093522579)","(0.24738326522369525, -0.12235194517984473)","(0.29546729573648334, -0.18230741111082008)","(0.34601088615167047, -0.26704698760007584)","(0.40114961027744545, -0.3979582548575477)","(0.4964533720943057, -0.7842964473346156)",0.0067257999908179045
3.984168,"(0.0, 0.0)","(0.03593271998025109, -0.002502324328573139)","(0.07415250686628093, -0.010528443006483253)","(0.11451468350527479, -0.025009903140682462)","(0.15688377591486488, -0.047176114313402365)","(0.20114975477375055, -0.07875103660945171)","(0.24726276745077255, -0.12234056456810928)","(0.2953195207348854, -0.18229587786856322)","(0.34583017017676265, -0.26704157070665824)","(0.4009236723666353, -0.3979779409078284)","(0.4961003811904365, -0.7844856157557114)",0.007512599928304553
3.9901675,"(0.0, 0.0)","(0.03591541414285575, -0.0025018943448890415)","(0.07411712173632257, -0.010526753295132005)","(0.11446027531930625, -0.02500620376406257)","(0.1568091557914739, -0.04716982043303523)","(0.2010533613296298, -0.07874190734646487)","(0.24714242877110007, -0.12232909208013969)","(0.2951719537555295, -0.18228420137174117)","(0.34564973097433105, -0.26703593537642034)","(0.4006981196669757, -0.3979972972379852)","(0.4957480974737632, -0.7846742758675508)",0.0065623000264167786
3.996167,"(0.0, 0.0)","(0.03589812937715212, -0.002501462864355384)","(0.07408177923536241, -0.010525056999769147)","(0.11440593275373447, -0.02500248805045101)","(0.15673462697706142, -0.04716349436021961)","(0.20095708935016762, -0.07873272189834181)","(0.24702224883493154, -0.12231752823210579)","(0.29502459429563865, -0.18227238237299145)","(0.3454695678095421, -0.2670300826614465)","(0.40047295106690073, -0.39801632526773173)","(0.49539651873607726, -0.7848624298614602)",0.007695900043472648
4.0021664999999995,"(0.0, 0.0)","(0.03588086564608979, -0.0025010298973500537)","(0.07404647928886726, -0.010523354164525715)","(0.11435165569145828, -0.024998756105515302)","(0.15666018930084513, -0.047157136295174915)","(0.2008609385916562, -0.07872348059917522)","(0.2469022272948254, -0.12230587353884184)","(0.29487744185554743, -0.18226042162326173)","(0.3452896799517592, -0.26702401361196704)","(0.4002481654605718, -0.39803502641533695)","(0.4950456427785274, -0.7850500798971356)",0.008234400069341063
4.008165999999999,"(0.0, 0.0)","(0.03586362291256595, -0.0025005954541697647)","(0.0740112218221902, -0.010521644833190997)","(0.11429744401521999, -0.024995008034112746)","(0.15658584259189762, -0.04715074643659995)","(0.20076490881035403, -0.07871418378054258)","(0.24678236380357885, -0.12229412851133259)","(0.2947304959363518, -0.18224831986789067)","(0.3451100666720282, -0.2670177292702531)","(0.40002376174547083, -0.3980534020876526)","(0.49469546741092385, -0.7852372281319081)",0.007152599981054664
4.0141655,"(0.0, 0.0)","(0.03584640113961296, -0.002500159545058546)","(0.07397600676096375, -0.010519929049334737)","(0.11424329760821812, -0.024991243940586688)","(0.1565115866799837, -0.04714432498224467)","(0.20066899976354433, -0.07870483177248717)","(0.24666265801549192, -0.12228229365828887)","(0.29458375604134357, -0.1822360778490598)","(0.34493072724460466, -0.26701123067442833)","(0.3997997388238481, -0.39807145368632546)","(0.4943459904520969, -0.7854238766913082)",0.00760070001706481
4.0201649999999995,"(0.0, 0.0)","(0.03582920029027908, -0.0024997221801903043)","(0.07394083403085017, -0.010518206856232221)","(0.11418921635371719, -0.024987463928584606)","(0.15643742139502692, -0.04713787212855867)","(0.20057321120885885, -0.07869542490291352)","(0.24654310958555772, -0.1222703694851739)","(0.2944372216750867, -0.18222369630427443)","(0.3447516609459634, -0.2670045188560995)","(0.3995760956017705, -0.3980891826039206)","(0.49399720972960104, -0.7856100277058363)",0.006927700014784932
4.026164499999999,"(0.0, 0.0)","(0.03581202032782924, -0.0024992833696992445)","(0.07390570355796179, -0.010516478296994779)","(0.11413520013570275, -0.024983668101374538)","(0.1563633465680043, -0.04713138807130193)","(0.20047754290541017, -0.0786859634986357)","(0.24642371817081413, -0.12225835649588798)","(0.2942908923449514, -0.18221117596898614)","(0.3445728670564336, -0.26699759484443697)","(0.39935283099067226, -0.3981065902305819)","(0.49364912308009706, -0.7857956833007084)",0.011032900074496865
4.032164,"(0.0, 0.0)","(0.03579486121543728, -0.002498843123634314)","(0.07387061526821612, -0.0105147434143742)","(0.11408124883787713, -0.024979856561370476)","(0.156289362029573, -0.04712487300462767)","(0.20038199461205222, -0.07867644788380161)","(0.2463044834282625, -0.12224625519023281)","(0.29414476755874724, -0.18219851757263883)","(0.34439434485766435, -0.26699045966001117)","(0.39912994390492895, -0.39812367794394815)","(0.4933017283486598, -0.7859808455703513)",0.007064600009471178
4.0381635,"(0.0, 0.0)","(0.03577772291640987, -0.0024984014519930185)","(0.07383556908780496, -0.010513002250907856)","(0.11402736234438962, -0.02497602941048417)","(0.156215467611068, -0.0471183271217616)","(0.2002865660886417, -0.07866687838105858)","(0.2461854050163751, -0.12223406606578517)","(0.29399884682643207, -0.18218572184158602)","(0.344216093634448, -0.2669831143193313)","(0.39890743326358963, -0.3981404471165649)","(0.4929550233892104, -0.7861655166133241)",0.008057600003667176
4.044162999999999,"(0.0, 0.0)","(0.035760605394138154, -0.0024979583647146827)","(0.07380056494309353, -0.010511254848889628)","(0.11397354053967901, -0.024972186750054592)","(0.15614166314428682, -0.04711175061486526)","(0.2001912570957654, -0.07865725531131802)","(0.24606648259476727, -0.12222178961751665)","(0.2938531296597383, -0.18217278949849594)","(0.34403811267431567, -0.266975559833916)","(0.398685297989982, -0.3981568991143539)","(0.4926090060643723, -0.7863496985006696)",0.008988399989902973
4.0501625,"(0.0, 0.0)","(0.035743508612066925, -0.0024975138716761703)","(0.07376560276055527, -0.01050950125035155)","(0.11391978330837195, -0.024968328680803103)","(0.1560679484613495, -0.04710514367494916)","(0.2000960673945623, -0.07864757899360575)","(0.24594771582398267, -0.12220942633755147)","(0.2937076155719262, -0.18215972126197172)","(0.3438604012672692, -0.2669677972096954)","(0.3984635370114495, -0.398173035295632)","(0.492263674245365, -0.7865333933167885)",0.007671600091271102
4.056162,"(0.0, 0.0)","(0.03572643253363902, -0.0024970679826839923)","(0.07373068246665526, -0.010507741497029863)","(0.1138660905351016, -0.02496445530275096)","(0.15599432339445088, -0.04709850649171284)","(0.2000009967464082, -0.07863784974478623)","(0.24582910436511535, -0.1221969767147219)","(0.29356230407735134, -0.18214651784585528)","(0.3436829587053157, -0.2669598274459221)","(0.3982421492588984, -0.39818885700931295)","(0.4919190258118484, -0.7867166031013172)",0.008329199976287782
4.062161499999999,"(0.0, 0.0)","(0.03570937712254832, -0.002496620707512579)","(0.07369580398838141, -0.010505975630529187)","(0.1138124621053339, -0.024960566715617555)","(0.15592078777698945, -0.04709183925431433)","(0.1999060449143447, -0.07862806788088364)","(0.24571064788151709, -0.12218444123669203)","(0.2934171946934028, -0.18213317996253625)","(0.3435057842845346, -0.2669516515403257)","(0.39802113366876296, -0.39820436560334427)","(0.491575058652409, -0.7868993299083863)",0.007357200025580823
4.068160999999999,"(0.0, 0.0)","(0.035692342342399194, -0.0024961720558536603)","(0.07366096725252906, -0.010504203692105245)","(0.11375889790425407, -0.024956663018293013)","(0.15584734144204457, -0.04708514215035039)","(0.1998112116611505, -0.07861823371532974)","(0.2455923460364892, -0.12217182038713761)","(0.2932722869378782, -0.1821197083185531)","(0.3433288773022672, -0.2669432704822493)","(0.397800489180315, -0.3982195624134569)","(0.49123177066380935, -0.787081575776961)",0.008255199994891882
4.0741605,"(0.0, 0.0)","(0.03567532815692438, -0.002495722037349337)","(0.0736261721861591, -0.010502425722806717)","(0.11370539781747963, -0.024952744309182297)","(0.15577398422335098, -0.0470784153665212)","(0.19971649675057418, -0.07860834756010479)","(0.2454741984947552, -0.12215911464758031)","(0.29312758033065384, -0.1821061036174498)","(0.34315223705889847, -0.2669346852570996)","(0.3975802147373577, -0.39823444877044656)","(0.49088915975140224, -0.7872633427210789)",0.0070674000307917595
4.080159999999999,"(0.0, 0.0)","(0.035658334529928885, -0.0024952706615840037)","(0.07359141871647941, -0.010500641763440554)","(0.11365196173087562, -0.024948810686120766)","(0.15570071595504556, -0.047071659088466986)","(0.1996218999470125, -0.07859840972545612)","(0.2453562049220754, -0.12214632449693368)","(0.292983074393245, -0.18209236655906613)","(0.3429758628573833, -0.2669258968452363)","(0.39736030928776384, -0.39824902599834505)","(0.49054722382897337, -0.7874446327540813)",0.007663700031116605
4.086159499999999,"(0.0, 0.0)","(0.03564136142519505, -0.002494817938070579)","(0.07355670677064628, -0.01049885185451277)","(0.1135985895302448, -0.024944862246230444)","(0.1556275364712437, -0.04706487350048967)","(0.19952742101497367, -0.07858842051941942)","(0.2452383649846028, -0.1221334504107313)","(0.29283876864807123, -0.1820784978383307)","(0.3427997540024563, -0.26691690622008407)","(0.39714077178271534, -0.39826329541131633)","(0.4902059608185061, -0.7876254478834774)",0.008524799952283502
4.092159,"(0.0, 0.0)","(0.03562440880690145, -0.002494363876313571)","(0.07352203627664282, -0.010497056036499112)","(0.11354528110269589, -0.024940899086576828)","(0.15555444560790957, -0.04705805878682212)","(0.19943305972144446, -0.07857838024999873)","(0.24512067835171322, -0.12212049286463454)","(0.29269466262167104, -0.18206449815073136)","(0.3426239098040646, -0.26690771435666466)","(0.3969216011799706, -0.39827725832764294)","(0.48986536865100433, -0.7878057900910647)",0.00884959998074919
4.098158499999999,"(0.0, 0.0)","(0.03560747663881527, -0.0024939084856885345)","(0.07348740716158461, -0.0104952543493276)","(0.11349203633400463, -0.02493692130291261)","(0.15548144319924692, -0.04705121512919976)","(0.19933881583131943, -0.0785682892209934)","(0.24500314469053652, -0.12210745232771376)","(0.2925507558384835, -0.1820503681818311)","(0.34244832957071614, -0.2668983222152317)","(0.3967027964375102, -0.398290916042874)","(0.4895254452647902, -0.7879856613598913)",0.008413200033828616
4.104157999999999,"(0.0, 0.0)","(0.035590564885134825, -0.002493451775568642)","(0.0734528193534874, -0.010493446832921742)","(0.11343885511136682, -0.02493292899099625)","(0.15540852908146366, -0.047044342709408535)","(0.19924468911216664, -0.07855814773637523)","(0.2448857636716563, -0.12209432926949378)","(0.29240704782732396, -0.1820361086182561)","(0.3422730126163988, -0.26688873075841485)","(0.39648435652013103, -0.3983042698579406)","(0.48918618860719915, -0.7881650636538743)",0.007926799939014018
4.1101575,"(0.0, 0.0)","(0.03557367351008724, -0.002492993755264797)","(0.07341827278042315, -0.010491633526943428)","(0.11338573732208279, -0.02492892224596759)","(0.15533570309097286, -0.047037441708078186)","(0.19915067933194952, -0.07854795609821458)","(0.24476853496638257, -0.12208112415661308)","(0.29226353811828226, -0.18202172014248386)","(0.3420979582572609, -0.26687894094308234)","(0.3962662803962715, -0.3983173210658003)","(0.48884759663371113, -0.7883439989335188)",0.009986499906517565
4.116156999999999,"(0.0, 0.0)","(0.03555680247777508, -0.002492534434002992)","(0.07338376737019768, -0.01048981447069571)","(0.1133326828530567, -0.02492490116211177)","(0.15526296506370632, -0.0470305123042251)","(0.1990567862581562, -0.07853771460589397)","(0.24465145824570958, -0.12206783745155739)","(0.29212022624153544, -0.18200720343086194)","(0.3419231658103366, -0.2668689537172416)","(0.3960485670367872, -0.3983300709463378)","(0.4885096673076013, -0.7885224691420915)",0.007653300068341196
4.122156499999999,"(0.0, 0.0)","(0.0355399517524637, -0.0024920738209677903)","(0.07334930305095423, -0.010487989703309334)","(0.1132796915917353, -0.024920865833311965)","(0.15519031483639903, -0.04702355467612728)","(0.1989630096594256, -0.07852742355761107)","(0.24453453318225937, -0.12205446961507767)","(0.291977111729555, -0.18199255915737994)","(0.34174863459590205, -0.2668587700259233)","(0.39583121541719296, -0.39834252077601484)","(0.4881723986004887, -0.788700476216213)",0.008287700009532273
4.128156,"(0.0, 0.0)","(0.035523121298603896, -0.0024916119253060474)","(0.07331487975122036, -0.010486159263758744)","(0.11322676342618096, -0.02491681635308794)","(0.1551177522466889, -0.04701656900139877)","(0.19886934930567293, -0.07851708325050588)","(0.24441775945043032, -0.12204102110639357)","(0.291834194117273, -0.18197778799398528)","(0.3415743639376511, -0.26684839081167455)","(0.3956142245178212, -0.3983546718286761)","(0.4878357884923418, -0.788878022077379)",0.007921600015833974
4.134155499999999,"(0.0, 0.0)","(0.035506311080643255, -0.0024911487560990314)","(0.07328049739951266, -0.010484323190742278)","(0.11317389824445592, -0.02491275281430515)","(0.15504527713227365, -0.047009555456426814)","(0.19877580496702107, -0.07850669397969297)","(0.24430113672511777, -0.12202749238163484)","(0.29169147294062586, -0.18196289060814821)","(0.3414003531611321, -0.2668378170107485)","(0.39539759332232416, -0.39836652536928513)","(0.48749983497105676, -0.7890551086399784)",0.0074044999200850725
4.140154999999999,"(0.0, 0.0)","(0.03548952106302181, -0.002490684322362131)","(0.07324615592432705, -0.010482481522680907)","(0.11312109593460799, -0.0249086753091716)","(0.15497288933089018, -0.04700251421636539)","(0.19868237641377393, -0.07849625603824954)","(0.24418466468168076, -0.1220138838938198)","(0.2915489477365145, -0.18194786766282522)","(0.34122660159370205, -0.2668270495530434)","(0.39518132081762236, -0.3983780826538097)","(0.4871645360324114, -0.7892317378212059)",0.007777299964800477
4.1461545,"(0.0, 0.0)","(0.03547275121036488, -0.0024902186330741016)","(0.07321185525454392, -0.010480634297843718)","(0.11306835638529922, -0.02490458392954219)","(0.15490058868117598, -0.04699544545572351)","(0.1985890634175062, -0.07848576971822599)","(0.24406834299724403, -0.12200019609448204)","(0.29140661804428114, -0.18193271981899684)","(0.34105310856610316, -0.266816089366065)","(0.39496540599540186, -0.39838934493573136)","(0.48682988968041735, -0.7894079114920226)",0.006688299938105047
4.1521539999999995,"(0.0, 0.0)","(0.03545600148736516, -0.002489751697159775)","(0.07317759531918003, -0.010478781554273632)","(0.1130156794854218, -0.0249004787667384)","(0.15482837502214164, -0.0469883493480161)","(0.19849586575039496, -0.0784752353100453)","(0.24395217134989755, -0.12198642943270228)","(0.29126448340479866, -0.18191744773415397)","(0.34087987341148324, -0.2668049373725559)","(0.39474984785117134, -0.3984003134621392)","(0.48649589392704373, -0.7895836315540428)",0.008086099987849593
4.158153499999999,"(0.0, 0.0)","(0.035439271858740365, -0.002489283523484073)","(0.0731433760473006, -0.010476923329761667)","(0.11296306512395911, -0.024896359911485574)","(0.15475624819298092, -0.04698122606564249)","(0.19840278318497825, -0.07846465310229361)","(0.24383614941840626, -0.12197258435476922)","(0.2911225433601367, -0.18190205206176588)","(0.3407068954650371, -0.2667935944896606)","(0.39453464538391353, -0.39841098947235065)","(0.4861625467920942, -0.789758899862418)",0.007505999994464219
4.164153,"(0.0, 0.0)","(0.03542256228909149, -0.0024888141208310646)","(0.07310919736772076, -0.010475059661756967)","(0.11291051318952187, -0.02489222745369427)","(0.154684208032436, -0.046974075779463255)","(0.19830981549335025, -0.07845402338099167)","(0.24372027688124487, -0.12195866130300477)","(0.2909807974524636, -0.18188653344944264)","(0.3405341740628253, -0.2667820616260466)","(0.3943197975949507, -0.39842137419316)","(0.48582984630288817, -0.7899337182913391)",0.0076775000197812915
4.1701524999999995,"(0.0, 0.0)","(0.035405872743462345, -0.002488343497988267)","(0.0730750592101805, -0.010473190587728661)","(0.11285802357217695, -0.024888081483338893)","(0.15461225438129872, -0.04696689866049908)","(0.1982169624503284, -0.07844334643251524)","(0.24360455342038784, -0.1219446607204679)","(0.29083924522835186, -0.18187089254628055)","(0.34036170854637904, -0.2667703396933877)","(0.3941053034923309, -0.3984314688577336)","(0.4854977904953422, -0.7901080886960544)",0.006716100033372641
4.176151999999999,"(0.0, 0.0)","(0.03538920318671286, -0.0024878716636529976)","(0.07304096150402911, -0.010471316144763789)","(0.11280559616139901, -0.02488392208948113)","(0.15454038707960827, -0.04695969487804187)","(0.19812422382990386, -0.07843262254034712)","(0.2434889787170588, -0.12193058304572048)","(0.2906978862339443, -0.18185512999468423)","(0.3401894982575233, -0.26675842959357077)","(0.39389116208588126, -0.3984412746845456)","(0.4851663774126796, -0.7902820129101134)",0.006783499964512885
4.1821515,"(0.0, 0.0)","(0.03537255358388439, -0.0024873986264875)","(0.07300690417899197, -0.010469436369803908)","(0.112753230847264, -0.02487974936084446)","(0.1544686059682832, -0.04695246460076546)","(0.19803159940730714, -0.07842185198698591)","(0.2433735524542029, -0.1219164287159018)","(0.29055672001776234, -0.18183924643516688)","(0.3400175425413783, -0.2667463322261999)","(0.393677372390065, -0.39845079288972274)","(0.48483560510612306, -0.7904554927721505)",0.0076651000417768955
4.1881509999999995,"(0.0, 0.0)","(0.035355923900032865, -0.002486924395094295)","(0.0729728871648203, -0.010467551299539211)","(0.11270092751990417, -0.024875563385556822)","(0.15439691088837587, -0.046945207996227804)","(0.19793908895806364, -0.07841103505308959)","(0.24325827431535385, -0.12190219816534713)","(0.2904157461294154, -0.18182324250418985)","(0.33984584074497537, -0.2667340484852127)","(0.39346393342265346, -0.3984600246814666)","(0.48450547163452673, -0.7906285300932808)",0.007621899945661426
4.194150499999999,"(0.0, 0.0)","(0.03533931410031401, -0.0024864489780292527)","(0.07293891039146985, -0.010465660970464615)","(0.11264868606978568, -0.024871364251286724)","(0.1543253016814513, -0.04693792523113374)","(0.19784669225847248, -0.07840017201792682)","(0.2431431439852066, -0.12188789182631403)","(0.29027496412025083, -0.1818071188352961)","(0.33967439221794726, -0.266721579260649)","(0.3932508442053779, -0.3984689712629572)","(0.48417597506450777, -0.7908011267016847)",0.008286099997349083
4.20015,"(0.0, 0.0)","(0.03532272414978113, -0.002485972383771635)","(0.07290497378867668, -0.010463765418751065)","(0.11259650638704806, -0.024867152044930566)","(0.15425377818868363, -0.04693061647072989)","(0.1977544090844613, -0.07838926315833566)","(0.24302816114824483, -0.12187351012730255)","(0.2901343735417898, -0.18179087605648123)","(0.3395031963108526, -0.26670892543453256)","(0.39303810376232334, -0.39847763382555845)","(0.483847113470013, -0.79097328437607)",0.008259700029157102
4.2061494999999995,"(0.0, 0.0)","(0.03530615401395058, -0.0024854946208093193)","(0.07287107728714447, -0.010461864680611457)","(0.11254438836335287, -0.024862926853501208)","(0.15418234025338493, -0.046923281880523346)","(0.19766223921478895, -0.07837830875167859)","(0.2429133254925734, -0.12185905349781764)","(0.28999397395008447, -0.18177451479763673)","(0.33933225237983367, -0.2666960878925186)","(0.39282571112436604, -0.39848601356801144)","(0.4835188849333966, -0.7911450049389004)",0.008024400100111961
4.212148999999999,"(0.0, 0.0)","(0.03528960365806865, -0.0024850156975289995)","(0.0728372208170041, -0.010459958791829099)","(0.11249233188948515, -0.024858688762982563)","(0.15411098771772297, -0.04691592162406561)","(0.19757018242688687, -0.07836730907203113)","(0.24279863670493937, -0.121844522362224)","(0.2898537649000532, -0.18175803568094173)","(0.33916155978055124, -0.26668306750884896)","(0.3926136653233794, -0.3984941116716262)","(0.48319128754393853, -0.7913162901501412)",0.007875700015574694
4.2181485,"(0.0, 0.0)","(0.035273073047489785, -0.002484535622273435)","(0.0728034043086097, -0.010458047788003475)","(0.11244033685659233, -0.024854437858926444)","(0.15403972042441616, -0.0469085358641068)","(0.19747823849900556, -0.07835626439216574)","(0.24268409447329972, -0.12182991714294313)","(0.2897137459483987, -0.18174143932585776)","(0.3389911178713033, -0.26666986515416663)","(0.3924019653952027, -0.39850192931315254)","(0.4828643193985573, -0.7914871417907045)",0.008299299981445074
4.224148,"(0.0, 0.0)","(0.03525656214778444, -0.002484054403357838)","(0.07276962769276336, -0.01045613170462061)","(0.11238840315653442, -0.024850174226623337)","(0.1539685382172119, -0.04690112476292572)","(0.19738640721081996, -0.07834517498411954)","(0.2425696984875451, -0.1218152382613674)","(0.28957391665442844, -0.18172472635055667)","(0.3388209260139007, -0.2666564816977488)","(0.3921906103804705, -0.39850946766846335)","(0.4825379786019826, -0.7916575616283972)",0.009590899921022356
4.230147499999999,"(0.0, 0.0)","(0.035240070924386135, -0.002483572049017304)","(0.07273589089997487, -0.010454210576827242)","(0.11233653068073109, -0.024845897950553635)","(0.15389744093930943, -0.046893688481268195)","(0.19729468834143027, -0.07833404111736694)","(0.24245544843710548, -0.12180048613491289)","(0.28943427657733056, -0.18170789736730977)","(0.3386509835707465, -0.2666429180002817)","(0.3919795993218168, -0.39851672790061954)","(0.48221226326603145, -0.7918275514145862)",0.008683499996550381
4.236147,"(0.0, 0.0)","(0.03522359934309851, -0.002483088567483235)","(0.07270219386152607, -0.010452284439758984)","(0.1122847193218186, -0.024841609115184814)","(0.15382642843562633, -0.046886227179888704)","(0.19720308167223355, -0.07832286306147174)","(0.24234134401438628, -0.1217856611812942)","(0.28929482528007877, -0.18169095298917157)","(0.3384812899090139, -0.2666291749243271)","(0.39176893126785794, -0.3985237111771465)","(0.4818871715105605, -0.791997112884968)",0.011621400015428662
4.2421465,"(0.0, 0.0)","(0.035207147369461504, -0.002482603966888529)","(0.07266853650814069, -0.010450353328133112)","(0.11223296897157903, -0.024837307803982023)","(0.15375550054996412, -0.046878741017636075)","(0.19711158698333112, -0.07831164108279283)","(0.24222738491046636, -0.12177076381321196)","(0.28915556232453815, -0.1816738938216683)","(0.3383118443954017, -0.26661525332129515)","(0.3915586052681786, -0.3985304186485124)","(0.48156270146219865, -0.7921662477884501)",0.007299900054931641
4.248145999999999,"(0.0, 0.0)","(0.03519071496934668, -0.002482118255357238)","(0.07263491877123307, -0.010448417276633572)","(0.11218127952288395, -0.024832994100343196)","(0.1536846571276686, -0.04687123015326253)","(0.197020204056899, -0.07830037544759606)","(0.24211357081913182, -0.12175579444336866)","(0.2890164872760509, -0.1816567204706425)","(0.33814264640104175, -0.26660115404373486)","(0.3913486203780095, -0.39853685146842066)","(0.48123885125546867, -0.7923349578501153)",0.007820599945262074
4.254145499999999,"(0.0, 0.0)","(0.03517430210848431, -0.002481631440933908)","(0.07260134058191625, -0.01044647631960745)","(0.11212965086814984, -0.02482866808686167)","(0.15361389801351502, -0.046863694743996334)","(0.19692893267450728, -0.07828906641959793)","(0.24199990143366584, -0.12174075348050796)","(0.2888775996997823, -0.1816394335360529)","(0.33797369529758275, -0.26658687793561225)","(0.39113897565448263, -0.39854301077774074)","(0.48091561903183594, -0.7925032447765804)",0.007070999941788614
4.260145,"(0.0, 0.0)","(0.03515790875293504, -0.0024811435316547887)","(0.07256780187199213, -0.010444530491370795)","(0.11207808290088046, -0.024824329846068978)","(0.1535432230538191, -0.0468561349469792)","(0.19683777261979485, -0.07827771426243824)","(0.24188637645004912, -0.12172564133340023)","(0.2887388991643602, -0.18162203361821067)","(0.337804990461083, -0.26657242584208135)","(0.3909296701603408, -0.3985488977206524)","(0.48059300294058604, -0.7926711102833132)",0.008049999945797026
4.266144499999999,"(0.0, 0.0)","(0.0351415348685087, -0.0024806545354607045)","(0.0725343025727303, -0.010442579825834325)","(0.112026575513764, -0.02481997945952534)","(0.15347263209383166, -0.04684855091750577)","(0.1967467236751669, -0.07826631923665027)","(0.2417729955630054, -0.12171045840595515)","(0.2886003852373739, -0.18160452131012803)","(0.33763653126718846, -0.2665577985974872)","(0.39072070295932715, -0.3985545134248022)","(0.4802710011376689, -0.7928385560733097)",0.008172699948772788
4.272143999999999,"(0.0, 0.0)","(0.03512518042127089, -0.0024801644602736356)","(0.07250084261593301, -0.01044062435683233)","(0.11197512860033233, -0.024815617008618653)","(0.15340212498001024, -0.046840942810569657)","(0.1966557856246726, -0.07825488160232037)","(0.24165975846944512, -0.12169520510151029)","(0.28846205748928977, -0.18158689720422808)","(0.3374683170953214, -0.26654299703587925)","(0.3905120731201784, -0.3985598590186798)","(0.47994961178664297, -0.7930055838308849)",0.008409000001847744
4.2781435,"(0.0, 0.0)","(0.03510884537736398, -0.002479673313970061)","(0.07246742193355847, -0.010438664118008107)","(0.11192374205437386, -0.024811242574286116)","(0.15333170155921425, -0.0468333107803244)","(0.19656495825298537, -0.07824340161816007)","(0.24154666486724338, -0.1216798818213336)","(0.2883239154920592, -0.18156916188999883)","(0.3373003473271868, -0.2665280219873321)","(0.3903037797151909, -0.39856493562553047)","(0.47962883305829385, -0.7931721952251005)",0.007576399948447943
4.284142999999999,"(0.0, 0.0)","(0.03509252970302669, -0.002479181104384177)","(0.0724340404577617, -0.010436699142827788)","(0.11187241576999694, -0.024806856237047613)","(0.15326136167879204, -0.04682565498014778)","(0.19647424134551159, -0.07823187954161626)","(0.24143371445536976, -0.12166448896480021)","(0.2881859588192641, -0.1815513159542686)","(0.337132621346924, -0.26651287427837317)","(0.3900958218203602, -0.39856974436405407)","(0.47930866313063897, -0.7933383919395556)",0.008652699994854629
4.290142499999999,"(0.0, 0.0)","(0.03507623336435755, -0.002478687839272747)","(0.07240069812039898, -0.010434729464429249)","(0.11182114964085799, -0.02480245807663842)","(0.15319110518552356, -0.04681797556193084)","(0.19638363468705083, -0.07822031562764674)","(0.2413209069322814, -0.1216490269274152)","(0.2880481870442867, -0.18153335997810868)","(0.3369651385391448, -0.2664975547271191)","(0.3898881985135005, -0.39857428634034625)","(0.4789891001884437, -0.7935041756475649)",0.007592499954625964
4.296142,"(0.0, 0.0)","(0.03505995632779979, -0.0024781935263882156)","(0.07236739485404467, -0.010432755115936186)","(0.11176994356174547, -0.024798048172772466)","(0.15312093192778872, -0.04681027267755463)","(0.19629313806454218, -0.0782087101312615)","(0.2412082419992119, -0.12163349610491378)","(0.2879105997440498, -0.1815152945432496)","(0.33679789829293394, -0.26648206415333936)","(0.38968090887805823, -0.3985785626645533)","(0.47867014242411193, -0.793669547979956)",0.007728899945504963
4.302141499999999,"(0.0, 0.0)","(0.03504369855969796, -0.002477698173412403)","(0.07233413059106125, -0.010430776130173226)","(0.11171879742713058, -0.024793626604449694)","(0.1530508417535826, -0.04680254647754968)","(0.19620275126454934, -0.07819706330521496)","(0.24109571935715765, -0.12161789688953577)","(0.28777319649558586, -0.1814971202262475)","(0.33663089999817275, -0.2664664033692995)","(0.38947395199959517, -0.3985825744357031)","(0.4783517880368084, -0.7938345105945772)",0.007979699992574751
4.308140999999999,"(0.0, 0.0)","(0.03502746002643107, -0.0024772017879767707)","(0.07230090526387797, -0.01042879253975293)","(0.11166771113160161, -0.024789193450167543)","(0.1529808345111101, -0.04679479711150468)","(0.19611247407401275, -0.07818537540070863)","(0.2409833387077775, -0.12160222967115868)","(0.2876359768770582, -0.18147883760025516)","(0.3364641430466291, -0.26645057318253534)","(0.3892673269668232, -0.39858632274629185)","(0.4780340352326804, -0.7939990651237451)",0.007515500066801906
4.3141405,"(0.0, 0.0)","(0.035011240694622414, -0.002476704377694374)","(0.07226771880543234, -0.010426804377213045)","(0.11161668457055161, -0.024784748788254332)","(0.15291091004972693, -0.0467870247287118)","(0.196022306281442, -0.07817364666850177)","(0.24087109975482024, -0.12158649483908927)","(0.287498940469384, -0.18146044723782626)","(0.33629762683369196, -0.26643457440025226)","(0.38906103287325383, -0.39858980868956595)","(0.4777168822252212, -0.7941632131998397)",0.007776599959470332
4.320139999999999,"(0.0, 0.0)","(0.03499504053074962, -0.0024762059501014055)","(0.0722345711483505, -0.010424811674765304)","(0.11156571763890132, -0.02478029269625859)","(0.15284106821819077, -0.046779229476984395)","(0.19593224767469827, -0.07816187735687523)","(0.2407590022014669, -0.12157069277877584)","(0.28736208685320785, -0.18144194970576455)","(0.3361313507551273, -0.2664184078212355)","(0.38885506881409354, -0.3985930333461089)","(0.477400327234501, -0.7943269564407685)",0.008051399956457317
4.326139499999999,"(0.0, 0.0)","(0.0349788595015467, -0.0024757065127180575)","(0.07220146222579207, -0.010422814464556883)","(0.11151481023241502, -0.024775825251584543)","(0.1527713088664629, -0.04677141150388662)","(0.19584229804327782, -0.07815006771374798)","(0.24064704575306475, -0.12155482387522415)","(0.28722541561201104, -0.18142334557047163)","(0.3359653142104049, -0.26640207424424256)","(0.38864943388941575, -0.39859599779774796)","(0.47708436848789265, -0.7944902964506891)",0.0072833000449463725
4.332139,"(0.0, 0.0)","(0.034962697573763135, -0.0024752060730124942)","(0.07216839197094364, -0.010420812778515566)","(0.1114639622469115, -0.024771346531115533)","(0.152701631844627, -0.046763570956004495)","(0.19575245717694026, -0.07813821798542178)","(0.24053523011548344, -0.1215388885109694)","(0.2870889263302394, -0.18140463539476956)","(0.3357995166006893, -0.2663855744630112)","(0.3884441272022347, -0.39859870311926987)","(0.4767690042195845, -0.7946532348416973)",0.0076731001026928425
4.3381384999999995,"(0.0, 0.0)","(0.03494655471413306, -0.0024747046383965963)","(0.07213536031695482, -0.010418806648331417)","(0.11141317357816434, -0.024766856611169397)","(0.152632037002753, -0.04675570797885919)","(0.19566272486553576, -0.07812632841643101)","(0.2404235549949068, -0.12152288706583314)","(0.28695261859306337, -0.18138581973751708)","(0.3356339573285808, -0.2663689092656525)","(0.3882391478582527, -0.39860115037740607)","(0.4764542326704931, -0.7948157731962984)",0.007758900057524443
4.344137999999999,"(0.0, 0.0)","(0.03493043088950829, -0.002474202216246182)","(0.07210236719721662, -0.010416796105543632)","(0.1113624441223357, -0.024762355567709497)","(0.15256252419148986, -0.04674782271731513)","(0.19557310089975574, -0.07811439925024509)","(0.24031202009873068, -0.12150681991805626)","(0.2868164919873992, -0.1813668991553828)","(0.3354686357992047, -0.2663520794374318)","(0.38803449496689324, -0.3986033406354384)","(0.4761400520884791, -0.7949779131058055)",0.007349099963903427
4.3501375,"(0.0, 0.0)","(0.03491432606678151, -0.0024736988138898035)","(0.07206941254520119, -0.010414781181492347)","(0.11131177377572594, -0.02475784347622745)","(0.1524930932617231, -0.04673991531535292)","(0.19548358507069788, -0.07810243072887683)","(0.2402006251350411, -0.12149068744366551)","(0.28668054610131233, -0.1813478742018509)","(0.33530355141956963, -0.2663350857592037)","(0.38783016764068334, -0.39860527495059656)","(0.47582646072817325, -0.7951396561457506)",0.00722719996701926
4.3561369999999995,"(0.0, 0.0)","(0.034898240213021285, -0.0024731944386293015)","(0.07203649629474422, -0.010412761907406927)","(0.11126116243521378, -0.02475332041195762)","(0.15242374406517725, -0.046731985916484385)","(0.19539417717062946, -0.07809042309359665)","(0.24008936981352758, -0.12147449001762578)","(0.28654478052505505, -0.1813287454290256)","(0.33513870359967696, -0.26631792901024565)","(0.3876261649963054, -0.39860695437875604)","(0.4755134568511946, -0.7953010038864922)",0.006427000043913722
4.362136499999999,"(0.0, 0.0)","(0.03488217329530948, -0.0024726890977157003)","(0.07200361837970477, -0.010410738314302356)","(0.1112106099977266, -0.0247487864496252)","(0.1523544764536894, -0.04672403466326443)","(0.19530487699206606, -0.07807837658409174)","(0.2399782538443779, -0.12145822801248193)","(0.28640919484980776, -0.1813095133855002)","(0.33497409175116727, -0.2663006099649036)","(0.3874224861532998, -0.3986083799688657)","(0.47520103872581687, -0.7954619578934236)",0.009005400002934039
4.368136,"(0.0, 0.0)","(0.03486612528063563, -0.0024721827983334678)","(0.0719707787337419, -0.010408710432911562)","(0.11116011635989168, -0.024744241663281513)","(0.1522852902787324, -0.04671606169697193)","(0.19521568432716593, -0.07806629143791553)","(0.23986727693755228, -0.12144190179746779)","(0.28627378866684894, -0.18129017861495844)","(0.33480971528642905, -0.2662831293903906)","(0.3872191302332067, -0.3986095527592749)","(0.47488920462674283, -0.7956225197042178)",0.006927100010216236
4.3741354999999995,"(0.0, 0.0)","(0.034850096136335565, -0.0024716755476669678)","(0.07193797729123738, -0.010406678293970916)","(0.11110968141947415, -0.024739686126998006)","(0.1522161853933828, -0.04670806715895345)","(0.19512659897022452, -0.07805416789280177)","(0.23975643880577002, -0.12142551174224309)","(0.2861385615709554, -0.1812707416620313)","(0.334645573622239, -0.26626548805599104)","(0.3870160963630366, -0.39861047379302583)","(0.4745779528358846, -0.7957826908693453)",0.008086400106549263
4.380134999999999,"(0.0, 0.0)","(0.03483408582956308, -0.0024711673528210877)","(0.07190521398618506, -0.010404641927879129)","(0.11105930507364596, -0.024735119914036898)","(0.1521471616499505, -0.046700051189016836)","(0.19503762071466915, -0.07804200618389712)","(0.23964573916090828, -0.1214090582124226)","(0.28600351315629874, -0.18125120306528533)","(0.3344816661753613, -0.2662476867220325)","(0.38681338367106244, -0.3986111440995201)","(0.4742672816413562, -0.7959424729265442)",0.00775480002630502
4.3861345,"(0.0, 0.0)","(0.034818094327815984, -0.002470658220900821)","(0.0718724887532963, -0.010402601365039225)","(0.11100898722070882, -0.024730543097682457)","(0.15207821890233805, -0.04669201392704093)","(0.19494874935604875, -0.07802980654653338)","(0.23953517771758295, -0.12139254157405337)","(0.28586864302052223, -0.18123156336424168)","(0.3343179923669132, -0.2662297261509209)","(0.38661099129098214, -0.39861156471285525)","(0.473957189338412, -0.7961018674078163)",0.008341499953530729
4.3921339999999995,"(0.0, 0.0)","(0.03480212159820421, -0.002470148158901191)","(0.07183980152646192, -0.010400556635385402)","(0.11095872775769698, -0.024725955750090563)","(0.15200935700275664, -0.04668395551074715)","(0.19485998468787039, -0.0780175692123884)","(0.23942475418815928, -0.1213759621874115)","(0.28573395075905644, -0.18121182308964567)","(0.33415455161627095, -0.266211607091831)","(0.38640891835609176, -0.39861173664635724)","(0.4736476742280723, -0.7962608758251105)",0.00870160001795739
4.398133499999999,"(0.0, 0.0)","(0.034786167608553825, -0.0024696371738739766)","(0.07180715224107198, -0.010398507769099575)","(0.11090852658399214, -0.024721357944030763)","(0.15194057580667766, -0.046675876079073496)","(0.19477132650787637, -0.0780052944152977)","(0.23931446829027153, -0.1213593204163905)","(0.2855994359736813, -0.18119198277819004)","(0.3339913433502421, -0.26619333030386716)","(0.3862071640080417, -0.3986116609311044)","(0.4733387346191159, -0.7964194996936393)",0.0075945999706164
4.404133,"(0.0, 0.0)","(0.034770232326028015, -0.0024691252727201242)","(0.07177454083111913, -0.01039645479571915)","(0.11085838359680934, -0.02471674975071687)","(0.151871875166649, -0.04666777576797208)","(0.19468277461020303, -0.07799298238401445)","(0.239204319737427, -0.12134261661680334)","(0.2854650982618238, -0.1811720429541644)","(0.3338283669915926, -0.2661748965271844)","(0.38600572738587136, -0.3986113385678677)","(0.4730303688255277, -0.7965777405137455)",0.006732099922373891
4.4101325,"(0.0, 0.0)","(0.03475431571846328, -0.002468612462391373)","(0.07174196723200424, -0.01039439774500353)","(0.11080829869556931, -0.024712131241913623)","(0.15180325493828356, -0.046659654714489844)","(0.19459432879297395, -0.07798063334923921)","(0.23909430824810315, -0.1213258511477385)","(0.2853309372269161, -0.18115200414726737)","(0.3336656219701454, -0.266156306511017)","(0.3858046076366051, -0.3986107705737515)","(0.47272257516890803, -0.7967355997880347)",0.008227900019846857
4.416131999999999,"(0.0, 0.0)","(0.034738417753451226, -0.002468098749752193)","(0.07170943137860904, -0.010392336646340742)","(0.11075827177889447, -0.024707502488493942)","(0.15173471497614474, -0.04665151305397323)","(0.19450598885308137, -0.07796824753880353)","(0.2389844335394933, -0.12130902436377847)","(0.2851969524712718, -0.1811318668803969)","(0.33350310771514213, -0.26613756099445895)","(0.38560380390794885, -0.3986099579501948)","(0.4724153519767686, -0.7968930790075788)",0.007816400029696524
4.4221315,"(0.0, 0.0)","(0.03472253839870493, -0.002467584141635223)","(0.0716769332060647, -0.010390271528985631)","(0.11070830274580672, -0.024702863561017804)","(0.15166625513538654, -0.04664335092118983)","(0.19441775458826596, -0.07795582517960184)","(0.23887469532999794, -0.1212921366181187)","(0.2850631435989209, -0.18111163167454303)","(0.3333408236582785, -0.2661186607141611)","(0.3854033153511865, -0.3986089016957813)","(0.47210869758317014, -0.7970501796414501)",0.008758899988606572
4.428131,"(0.0, 0.0)","(0.034706677622116794, -0.002467068644850303)","(0.07164447264987397, -0.010388202422098673)","(0.11065839149591751, -0.02469821452982674)","(0.15159787527201382, -0.04663516845051078)","(0.194329625797446, -0.0779433664979054)","(0.2387650933396181, -0.12127518826307558)","(0.28492951021605617, -0.18109129904958204)","(0.33317876923418055, -0.2660996064055797)","(0.3852031411216259, -0.3986076028083119)","(0.47180261032879645, -0.7972069031666892)",0.00803190004080534
4.434130499999999,"(0.0, 0.0)","(0.034690835391453206, -0.0024665522661386574)","(0.0716120496452692, -0.010386129354548995)","(0.1106085379284279, -0.02469355546456467)","(0.15152957524151164, -0.046626965774982355)","(0.19424160227897874, -0.07793087171776221)","(0.23865562728787099, -0.1212581796474988)","(0.2847960519286573, -0.1810708695202145)","(0.3330169438778541, -0.26608039879657597)","(0.38500328037615916, -0.3986060622741363)","(0.47149708856037265, -0.7973632510597772)",0.008296600077301264
4.440129999999999,"(0.0, 0.0)","(0.034675011674596495, -0.0024660350122096674)","(0.07157966412772108, -0.010384052355072405)","(0.11055874194292016, -0.02468888643456199)","(0.15146135489993048, -0.04661874302706998)","(0.19415368383203588, -0.07791834106227818)","(0.23854629689543697, -0.12124111111884107)","(0.2846627683443656, -0.18105034359921168)","(0.33285534702669095, -0.2660610386125244)","(0.3848037322751722, -0.3986042810766535)","(0.4711921306310751, -0.797519224771793)",0.007369099999777973
4.4461295,"(0.0, 0.0)","(0.034659206439603525, -0.002465516889749982)","(0.0715473160330616, -0.010381971452310521)","(0.11050900343955042, -0.02468420750893075)","(0.15139321410414866, -0.04661050033884237)","(0.19406587025693606, -0.07790577475393444)","(0.23843710188455713, -0.12122398302367027)","(0.28452965907293454, -0.1810297217982177)","(0.332693978120951, -0.2660415265775751)","(0.3846044959829993, -0.3986022601984171)","(0.47088773490060526, -0.7976748257450977)",0.007771300035528839
4.452128999999999,"(0.0, 0.0)","(0.03464341965458766, -0.0024649979054059664)","(0.07151500529723606, -0.010379886674735292)","(0.11045932231866151, -0.024679518756380997)","(0.15132515271134264, -0.04660223784161542)","(0.19397816135447227, -0.07789317301397314)","(0.23832804197822668, -0.12120679570667588)","(0.28439672372530955, -0.1810090046261887)","(0.33253283660277094, -0.2660218634121926)","(0.3844055706669724, -0.39860000061702483)","(0.47058389973494774, -0.797830055427683)",0.008552500046789646
4.458128499999999,"(0.0, 0.0)","(0.034627651287549625, -0.002464478065758402)","(0.07148273185594736, -0.010377798050540211)","(0.11040969848022841, -0.024674820244956052)","(0.15125717057822652, -0.04659395566543906)","(0.19389055692494725, -0.07788053606151239)","(0.23821911689903696, -0.12118954950923738)","(0.28426396191230735, -0.18098819258714308)","(0.332371921914746, -0.2660020498296041)","(0.38420695549605777, -0.3985975032991858)","(0.4702806235060401, -0.7979849152603247)",0.008620899985544384
4.464128,"(0.0, 0.0)","(0.03461190130679873, -0.002463957377386381)","(0.0714504956455417, -0.010375705607914936)","(0.11036013182523893, -0.024670112042700337)","(0.1511892675629435, -0.046585653940391235)","(0.19380305677057102, -0.07786786411577619)","(0.23811032637204924, -0.1211722447730279)","(0.28413137324788795, -0.18096728618581803)","(0.3322112335034352, -0.26598208654471445)","(0.38400864964420195, -0.39859476921558773)","(0.4699779045924971, -0.7981394066659424)",0.007339700008742511
4.470127499999999,"(0.0, 0.0)","(0.0345961696805452, -0.0024634358468059634)","(0.07141829660215136, -0.010373609374781573)","(0.11031062225435728, -0.024665394217017935)","(0.1511214435232345, -0.046577332795334436)","(0.1937156606931384, -0.07785515739395082)","(0.23800167012200893, -0.12115488183654848)","(0.28399895734597874, -0.18094628592222584)","(0.33205077081595386, -0.2659619742655206)","(0.38381065228706834, -0.3985917993265666)","(0.46967574137885343, -0.7982935310675281)",0.008271200000308454
4.476126999999999,"(0.0, 0.0)","(0.034580456377127776, -0.0024629134805048435)","(0.07138613466217351, -0.010371509378943657)","(0.11026116966867033, -0.024660666835034737)","(0.15105369831746043, -0.04656899235861762)","(0.19362836849532475, -0.07784241611239398)","(0.2378931478748981, -0.12113746103708133)","(0.2838667138222429, -0.18092519229472018)","(0.3318905333018658, -0.26594171369794256)","(0.38361296260384115, -0.39858859459016144)","(0.469374132255942, -0.7984472898789067)",0.007272499962709844
4.4821265,"(0.0, 0.0)","(0.0345647613648652, -0.002462390284920116)","(0.07135400976195735, -0.010369405647990522)","(0.11021177396919977, -0.02465592996336586)","(0.15098603180393363, -0.046560632757624974)","(0.19354117997983725, -0.07782964048585679)","(0.23778475935691717, -0.12111998270943163)","(0.28373464229291623, -0.1809040057980167)","(0.33173052041193396, -0.2659213055426996)","(0.3834155797760256, -0.39858515595689115)","(0.46907307562060147, -0.7986006844937503)",0.007901200093328953
4.488125999999999,"(0.0, 0.0)","(0.03454908461231951, -0.002461866266478347)","(0.07132192183835828, -0.01036729820946957)","(0.11016243505776614, -0.024651183668534554)","(0.15091844384210104, -0.04655225411958765)","(0.19345409495091523, -0.07781683072888271)","(0.23767650429628281, -0.12110244718818847)","(0.2836027423768547, -0.18088272692674462)","(0.331570731600313, -0.2659007505009079)","(0.3832185029895373, -0.398581484379102)","(0.46877256987611443, -0.798753716333335)",0.006901900051161647
4.494125499999999,"(0.0, 0.0)","(0.034533426087841955, -0.0024613414315272156)","(0.07128987082778299, -0.010365187090592339)","(0.11011315283549984, -0.024646428016257046)","(0.15085093429050425, -0.04654385657019761)","(0.19336711321174238, -0.0778039870534171)","(0.23756838242012426, -0.12108485480385836)","(0.28347101369199607, -0.1808613561693702)","(0.3314111663207521, -0.2658800492644924)","(0.38302173143106827, -0.398577580794938)","(0.4684726134313768, -0.7989063867772038)",0.008363100001588464
4.500125,"(0.0, 0.0)","(0.034517785760250184, -0.0024608157864380318)","(0.07125785666761296, -0.01036307231867521)","(0.11006392720506009, -0.024641663072514638)","(0.15078350300981955, -0.04653544023568528)","(0.19328023456830168, -0.07779110967238914)","(0.2374603934591038, -0.12106720588865742)","(0.2833394558606237, -0.18083989401729525)","(0.3312518240322378, -0.2658592025305388)","(0.3828252642934751, -0.3985734461523266)","(0.4681732047020641, -0.7990586972041821)",0.008965599932707846
4.506124499999999,"(0.0, 0.0)","(0.03450216359808886, -0.002460289337494344)","(0.07122587929465046, -0.010360953920660495)","(0.11001475806821283, -0.024636888902388483)","(0.15071614985953843, -0.04652700524056076)","(0.19319345882516537, -0.07777819879581702)","(0.23735253714236873, -0.12104950077021118)","(0.28320806850361224, -0.180818340954957)","(0.3310927041928186, -0.2658382109856699)","(0.38262910076987056, -0.39856908138285196)","(0.4678743421093011, -0.7992106490095043)",0.008363100001588464
4.512123999999999,"(0.0, 0.0)","(0.03448655956993968, -0.0024597620909389503)","(0.07119393864576984, -0.01035883192331846)","(0.10996564532684533, -0.02463210557055099)","(0.15064887469935817, -0.04651855170856629)","(0.19310678578725668, -0.07776525463244907)","(0.23724481319966279, -0.12103173977420763)","(0.28307685124283183, -0.1807966974639946)","(0.33093380626218144, -0.2658170753126147)","(0.38243324005608026, -0.3985644874127261)","(0.4675760240801825, -0.7993622435406217)",0.007787299924530089
4.5181235,"(0.0, 0.0)","(0.03447097364469475, -0.002459234053015493)","(0.07116203465849268, -0.010356706353426205)","(0.10991658888386277, -0.024627313141700965)","(0.1505816773904098, -0.046510079763519216)","(0.19302021526140875, -0.07775227739121769)","(0.23713722136319368, -0.12101392322674932)","(0.28294580370327505, -0.18077496402694346)","(0.3307751297039306, -0.265795796196038)","(0.38223768135281744, -0.39855966517254293)","(0.46727824904822257, -0.7995134821880429)",0.007281700032763183
4.5241229999999995,"(0.0, 0.0)","(0.0344554057912538, -0.0024587052299229256)","(0.07113016727035072, -0.010354577237571825)","(0.10986758864219553, -0.024622511680087004)","(0.1505145577938975, -0.046501589528388364)","(0.19293374705463676, -0.07773926727964582)","(0.23702976136556114, -0.12099605145177379)","(0.2828149255106942, -0.18075314112318147)","(0.33061667398305045, -0.2657743743161397)","(0.38204242386325094, -0.3985546155865636)","(0.4669810154527963, -0.7996643662818548)",0.0068579999497160316
4.530122499999999,"(0.0, 0.0)","(0.03443985597843243, -0.002458175627801918)","(0.07109833641869366, -0.010352444602095931)","(0.10981864450449874, -0.024617701249365128)","(0.1504475157706871, -0.046493081125017474)","(0.19284738097361623, -0.0777262245033697)","(0.2369224329391298, -0.12097812477028123)","(0.2826842162908851, -0.1807312292277117)","(0.33045843856513424, -0.2657528103467288)","(0.3818474667922626, -0.39854933956948235)","(0.4666843217389546, -0.799814897185109)",0.007436000043526292
4.536122,"(0.0, 0.0)","(0.03442432417525074, -0.0024576452527786605)","(0.07106654204129505, -0.010350308473279956)","(0.10976975637409739, -0.024612881913056942)","(0.15038055118260027, -0.04648455467501336)","(0.19276111682632413, -0.07771314926767021)","(0.2368152358179966, -0.12096014350281083)","(0.28255367567192713, -0.18070922881505413)","(0.33030042291878425, -0.2657311049613644)","(0.38165280934873796, -0.3985438380367046)","(0.4663881663578992, -0.7999650762480938)",0.006939699989743531
4.5421214999999995,"(0.0, 0.0)","(0.03440881035073522, -0.002457114110935205)","(0.07103478407593658, -0.010348168877218606)","(0.10972092415433773, -0.02460805373423912)","(0.15031366389152595, -0.046476010299143666)","(0.1926749544209109, -0.0777000417764336)","(0.23670816973663691, -0.12094210796775874)","(0.28242330328263954, -0.1806871403565996)","(0.33014262651395343, -0.2657092588291757)","(0.38145845074397383, -0.39853811189734073)","(0.46609254776661163, -0.8001149047948706)",0.009015899966470897
4.548120999999999,"(0.0, 0.0)","(0.03439331447391576, -0.0024565822083092463)","(0.07100306246040171, -0.010346025839818881)","(0.10967214774857748, -0.024603216775540945)","(0.15024685375940627, -0.04646744811733199)","(0.1925888935656821, -0.07768690223214278)","(0.2366012344298821, -0.1209240184813628)","(0.282293098752553, -0.18066496432058438)","(0.3299850488219124, -0.26568727261481734)","(0.38126439019164193, -0.39853216205412145)","(0.46579746442782194, -0.800264384156991)",0.007433900027535856
4.5541205,"(0.0, 0.0)","(0.03437783651402285, -0.0024560495509241232)","(0.07097137713288952, -0.010343879386929072)","(0.10962342706083081, -0.02459837109945814)","(0.1501801206491208, -0.04645886824926599)","(0.19250293407022, -0.0776737308369258)","(0.23649442963426295, -0.12090587535939878)","(0.28216306171344097, -0.18064270117475548)","(0.3298276893168889, -0.2656651469826781)","(0.381070626909353, -0.3985259894104498)","(0.46550291481032263, -0.8004135156645098)",0.007073100074194372
4.5601199999999995,"(0.0, 0.0)","(0.034362376440332514, -0.0024555161447656648)","(0.0709397280316897, -0.010341729544239165)","(0.10957476199526152, -0.024593516768110436)","(0.15011346442379128, -0.046450270813927316)","(0.19241707574450073, -0.07766052779174479)","(0.23638775508695078, -0.12088767891586709)","(0.2820331917981099, -0.18062035138430457)","(0.3296705474747681, -0.2656428825936139)","(0.38087716011740647, -0.3985195948649191)","(0.46520889738867327, -0.800562300623339)",0.007119299960322678
4.566119499999999,"(0.0, 0.0)","(0.03434693422205381, -0.0024549819957653783)","(0.07090811509494538, -0.01033957633720846)","(0.10952615245581349, -0.024588653843065352)","(0.15004688494627483, -0.04644165592924966)","(0.19233131839825093, -0.07764729329580537)","(0.23628121052498438, -0.12086942946203565)","(0.2819034886395168, -0.18059791541036074)","(0.3295136227721428, -0.26562048010256206)","(0.38068398903787826, -0.39851297930730606)","(0.4649154106429824, -0.8007107403431837)",0.009526400011964142
4.572119,"(0.0, 0.0)","(0.0343315098285452, -0.002454447109833396)","(0.07087653826110822, -0.010337419791207319)","(0.10947759834691967, -0.024583782385683022)","(0.14998038208013573, -0.046433023712787125)","(0.19224566184218034, -0.07763402754770946)","(0.23617479568674757, -0.1208511273083055)","(0.28177395187245263, -0.18057539371292297)","(0.32935691468811623, -0.26559794016317284)","(0.38049111289634013, -0.39850614362632986)","(0.4646224530592527, -0.8008588361337443)",0.010168900014832616
4.5781184999999995,"(0.0, 0.0)","(0.0343161032293424, -0.0024539114928629167)","(0.0708449974689967, -0.010335259931536165)","(0.10942909957359334, -0.02457890245716234)","(0.14991395568977017, -0.046424374281803744)","(0.19216010588813914, -0.07762073074560935)","(0.23606851031215714, -0.12083277276445907)","(0.2816445811337544, -0.18055278675125014)","(0.32920042270452926, -0.26557526342842563)","(0.3802985309220715, -0.3984990887106863)","(0.46433002312940175, -0.8010065892921407)",0.007888499996624887
4.584117999999999,"(0.0, 0.0)","(0.03430071439374603, -0.0024533751506680816)","(0.07081349265692985, -0.010333096783158295)","(0.10938065604007673, -0.024574014117890754)","(0.14984760563855365, -0.046415707752012134)","(0.19207465034676724, -0.07760740308503097)","(0.2359623541398427, -0.12081436613613585)","(0.28151537605908844, -0.18053009497831438)","(0.3290441463025028, -0.26555245054185284)","(0.38010624234474666, -0.3984918154343099)","(0.46403811935053174, -0.8011540010991435)",0.008540900074876845
4.5901175,"(0.0, 0.0)","(0.034285343291496066, -0.0024528380890862186)","(0.07078202376414457, -0.010330930371139612)","(0.1093322676520518, -0.02456911742851423)","(0.1497813317918711, -0.0464070242396484)","(0.19198929503133857, -0.07759404476245364)","(0.2358563269117561, -0.1207959077306272)","(0.281386336288205, -0.18050731884991641)","(0.3288880849680774, -0.2655295021519546)","(0.37991424639982563, -0.39848432468056694)","(0.4637467402260548, -0.8013010728526613)",0.007881199941039085
4.596117,"(0.0, 0.0)","(0.034269989891944574, -0.002452300313852889)","(0.07075059072905669, -0.01032876072011114)","(0.10928393431392765, -0.024564212448629094)","(0.1497151340133983, -0.046398323858935026)","(0.19190403975304182, -0.0775806559709318)","(0.2357504283675108, -0.1207773978497862)","(0.2812574614584814, -0.1804844588135286)","(0.32873223818527864, -0.26550641889454796)","(0.3797225423219143, -0.398476617312611)","(0.46345588426425854, -0.8014478058120622)",0.009344599908217788
4.602116499999999,"(0.0, 0.0)","(0.03425465416503014, -0.0024517618307495544)","(0.07071919349130938, -0.01032658785490416)","(0.10923565593203531, -0.024559299238327833)","(0.14964901216948112, -0.0463896067250785)","(0.19181888432653743, -0.07756723690526751)","(0.2356446582510458, -0.12075883679840299)","(0.2811287512125204, -0.18046151532147278)","(0.3285766054442715, -0.2654832014136098)","(0.3795311293525612, -0.3984686942083855)","(0.4631655499799363, -0.8015942012471385)",0.009789399919100106
4.608116,"(0.0, 0.0)","(0.03423933608030961, -0.0024512226454573086)","(0.0706878319897378, -0.010324411799921019)","(0.10918743241145344, -0.024554377856667545)","(0.1495829661247841, -0.04638087295129894)","(0.19173382856443438, -0.0775537877568839)","(0.2355390163040005, -0.12074022487590191)","(0.28100020519059304, -0.18043848881785257)","(0.32842118623324507, -0.26545985034060154)","(0.37934000673248797, -0.3984605562258852)","(0.46287573589271863, -0.8017402604519668)",0.00863479997497052
4.6141155,"(0.0, 0.0)","(0.03422403560766006, -0.0024506827636632885)","(0.07065650616384474, -0.01032223257959283)","(0.10913926365830942, -0.024549448362783943)","(0.14951699574544405, -0.04637212265099034)","(0.19164887228129293, -0.07754030871755307)","(0.23543350227051416, -0.12072156238237831)","(0.28087182303611086, -0.18041537974805202)","(0.3282659800442846, -0.26543636630949385)","(0.3791491737072037, -0.39845220422839733)","(0.46258644052823833, -0.8018859846478406)",0.00884659995790571
4.620114999999999,"(0.0, 0.0)","(0.03420875271701845, -0.002450142191021526)","(0.0706252159532532, -0.010320050218211073)","(0.10909114957892589, -0.024544510815481393)","(0.14945110089790037, -0.046363355936925324)","(0.19156401529213882, -0.07752679997802321)","(0.23532811589544395, -0.12070284961637424)","(0.28074360439359203, -0.18039218855523453)","(0.3281109863711864, -0.2654127499512258)","(0.3789586295249076, -0.3984436390751833)","(0.4622976624176625, -0.8020313750987883)",0.008098300080746412
4.626114499999999,"(0.0, 0.0)","(0.03419348737816988, -0.0024496009331210766)","(0.07059396129726128, -0.01031786473979042)","(0.1090430900791259, -0.02453956527289887)","(0.14938528144794225, -0.04635457292060707)","(0.19147925741125385, -0.07751326172689968)","(0.23522285692291212, -0.12068408687306503)","(0.2806155489070032, -0.1803689156774859)","(0.32795620470767356, -0.26538900188917774)","(0.3787683734347787, -0.3984348616138628)","(0.46200940009731367, -0.802176433056262)",0.009038800024427474
4.632114,"(0.0, 0.0)","(0.0341782395610943, -0.0024490589955387786)","(0.0705627421355713, -0.010315676168295682)","(0.1089950850653707, -0.024534611793062343)","(0.14931953726226815, -0.046345773713340616)","(0.19139459845415452, -0.07749969415249344)","(0.23511772509867987, -0.12066527444725267)","(0.2804876562224647, -0.18034556155252496)","(0.3278016345502991, -0.2653651227466263)","(0.37857840468974774, -0.398425872692938)","(0.46172165210922794, -0.8023211597582127)",0.007900299970060587
4.638113499999999,"(0.0, 0.0)","(0.03416300923596647, -0.00244851638383937)","(0.07053155840828933, -0.010313484527642316)","(0.10894713444475802, -0.02452965043388598)","(0.14925386820848296, -0.04633695842623493)","(0.19131003823758833, -0.07748609744282471)","(0.2350127201701412, -0.12064641263337157)","(0.2803599259882436, -0.1803221266177124)","(0.32764727539843563, -0.26534111314675557)","(0.3783887225464829, -0.3984166731618191)","(0.4614344170011281, -0.8024655564328781)",0.008814800065010786
4.644112999999999,"(0.0, 0.0)","(0.034147796372810534, -0.0024479731035235023)","(0.07050041005519932, -0.010311289841472721)","(0.10889923812389109, -0.02452468125262747)","(0.14918827415354738, -0.04632812716914616)","(0.1912255765775649, -0.07747247178379826)","(0.23490784188396066, -0.12062750172253152)","(0.28023235785205663, -0.1802986113053923)","(0.3274931267513771, -0.2653169737052792)","(0.3781993262626116, -0.3984072638583968)","(0.4611476933258215, -0.8026096243023525)",0.008629300049506128
4.6501125,"(0.0, 0.0)","(0.034132600941861976, -0.0024474291600827054)","(0.07046929701652403, -0.010309092133392683)","(0.10885139601006408, -0.024519704306463556)","(0.1491227549654036, -0.04631928005179408)","(0.19114121329141898, -0.0774588173611303)","(0.23480308998854696, -0.12060854200563825)","(0.28010495146389075, -0.1802750160478057)","(0.3273391881113647, -0.26529270503821745)","(0.3780102150996117, -0.3983976456221305)","(0.46086147964178076, -0.8027533646009475)",0.008440400008112192
4.656111999999999,"(0.0, 0.0)","(0.03411742291325333, -0.0024468845589519666)","(0.07043821923226358, -0.010306891426767339)","(0.10880360801023124, -0.024514719651993193)","(0.14905731051156046, -0.046310417182797846)","(0.19105694819601424, -0.07744513435868354)","(0.23469846423189775, -0.12058953377069581)","(0.2799777064735434, -0.18025134127283915)","(0.32718545898094353, -0.26526830775516147)","(0.37782138832027623, -0.39838781928269784)","(0.46057577451259546, -0.8028967785265569)",0.009204000001773238
4.662111499999999,"(0.0, 0.0)","(0.03410226225739597, -0.002446339305567879)","(0.07040717664299964, -0.010304687744971324)","(0.10875587403226095, -0.024509727345846555)","(0.14899194066081373, -0.04630153867085752)","(0.1909727811099263, -0.07743142296050654)","(0.23459396436421767, -0.12057047730610997)","(0.2798506225336073, -0.18022758740922812)","(0.3270319388661651, -0.265243782467513)","(0.3776328451917746, -0.3983777856738709)","(0.46029057650758287, -0.8030398673081569)",0.008474100031889975
4.668111,"(0.0, 0.0)","(0.03408711894460613, -0.0024457934053120716)","(0.07037616918910751, -0.010302481111145359)","(0.1087081939837064, -0.024504727444092298)","(0.14892664528155974, -0.046292644623603746)","(0.19088871185130185, -0.07741768334884766)","(0.23448959013534892, -0.12055137289746931)","(0.2797236992965378, -0.18020375488148405)","(0.32687862727343603, -0.26521912978044515)","(0.3774445849826318, -0.3983675456199668)","(0.46000588420114225, -0.8031826321248003)",0.008578900014981627
4.674110499999999,"(0.0, 0.0)","(0.034071992945234116, -0.0024452468635310803)","(0.07034519681102881, -0.010300271548281711)","(0.10866056777223106, -0.02449972000244552)","(0.148861424242379, -0.04628373514800127)","(0.1908047402385988, -0.07740391570485075)","(0.2343853412956584, -0.12053222082867164)","(0.2795969364156642, -0.18017984411166754)","(0.32672552371060093, -0.2651943502957083)","(0.3772566069637585, -0.39835709994056745)","(0.4597216961729473, -0.8033250741862431)",0.00688789994455874
4.680109999999999,"(0.0, 0.0)","(0.03405688422979548, -0.002444699685556407)","(0.07031425944954713, -0.010298059079310482)","(0.10861299530603874, -0.024494705076477826)","(0.14879627741262524, -0.04627481035075611)","(0.19072086609133376, -0.07739012020925852)","(0.23428121759693396, -0.12051302138306358)","(0.2794703335462103, -0.18015585552118268)","(0.32657262768803663, -0.26516944461447156)","(0.37706891040949675, -0.3983464494553048)","(0.45943801100813714, -0.8034671946913464)",0.008716100011952221
4.6861095,"(0.0, 0.0)","(0.034041792768925785, -0.0024441518766978045)","(0.0702833570456922, -0.010295843727070689)","(0.10856547649372371, -0.02448968272154689)","(0.14873120466222, -0.046265870338178965)","(0.19063708922982073, -0.07737629704217604)","(0.23417721879206982, -0.1204937748430563)","(0.2793438903449347, -0.1801317895301708)","(0.32641993871826436, -0.26514441333636024)","(0.3768814945972417, -0.39833559498223886)","(0.4591548272972171, -0.8036089948030578)",0.007235000026412308
4.692108999999999,"(0.0, 0.0)","(0.034026718533228716, -0.002443603442220585)","(0.07025248954042188, -0.010293625514212621)","(0.10851801124377469, -0.024484652992558538)","(0.14866620586097207, -0.04625691521572325)","(0.19055340947430693, -0.07736244638227276)","(0.23407334463402935, -0.12047448148883183)","(0.2792176064689454, -0.18010764655546993)","(0.32626745631467224, -0.265119257056219)","(0.3766943588062159, -0.39832453733238987)","(0.45887214363578643, -0.8037504757216571)",0.00781260000076145
4.698108499999999,"(0.0, 0.0)","(0.034011661493231087, -0.002443054387338888)","(0.07022165687452606, -0.010291404463168804)","(0.10847059946442517, -0.024479615943896065)","(0.148601280878372, -0.04624794508784769)","(0.19046982664471118, -0.07734856840654471)","(0.23396959487552974, -0.12045514159795645)","(0.27909148157533853, -0.1800834270100031)","(0.3261151799911262, -0.2650939763631356)","(0.3765075023170896, -0.39831327730808314)","(0.45858995862444174, -0.8038916386064529)",0.007251800037920475
4.704108,"(0.0, 0.0)","(0.03399662161980428, -0.0024425047172798287)","(0.07019085898951404, -0.010289180596430044)","(0.10842324106503697, -0.024474571630092222)","(0.14853642958548938, -0.04623896005932046)","(0.19038634056303239, -0.07733466329256643)","(0.2338659692719319, -0.12043575544903051)","(0.2789655153244955, -0.18005913130853188)","(0.32596310926550925, -0.26506857184956545)","(0.3763209244153682, -0.39830181571834217)","(0.45830827086944315, -0.8040324846336985)",0.007835900061763823
4.7101074999999994,"(0.0, 0.0)","(0.03398159888367456, -0.0024419544372094423)","(0.0701600958265842, -0.010286953936226735)","(0.10837593595449349, -0.02446952010505324)","(0.14847165185276925, -0.04622996023371284)","(0.19030295105055137, -0.07732073121588923)","(0.23376246757788097, -0.12041632331747022)","(0.27883970737624725, -0.18003475986100387)","(0.3258112436555988, -0.26504304410077784)","(0.3761346243874372, -0.3982901533610731)","(0.45802707898189043, -0.804173014952933)",0.006309299962595105
4.716106999999999,"(0.0, 0.0)","(0.03396659325562603, -0.0024414035522636467)","(0.07012936732705075, -0.010284724504662026)","(0.10832868404186499, -0.024464461422382924)","(0.14840694755094405, -0.046220945714028246)","(0.19021965792898815, -0.07730677235112708)","(0.2336590895486956, -0.12039684547726712)","(0.2787140573914586, -0.18001031307532572)","(0.3256595826807649, -0.26501739369924976)","(0.3759486015221864, -0.3982782910304738)","(0.4577463815780321, -0.8043132307245463)",0.007803900050930679
4.7221065,"(0.0, 0.0)","(0.03395160470679762, -0.0024408520675934697)","(0.07009867343296868, -0.010282492323906493)","(0.10828148523738365, -0.024459395635856775)","(0.14834231655237048, -0.04621191660362213)","(0.1901364610221993, -0.0772927868735454)","(0.23355583494240317, -0.12037732220356391)","(0.2785885650343496, -0.17998579136142415)","(0.32550812586446515, -0.2649916212311092)","(0.37576285511339313, -0.3982662295279158)","(0.45746617727972294, -0.8044531331199705)",0.007923599914647639
4.7281059999999995,"(0.0, 0.0)","(0.033936633207879645, -0.0024402999882434566)","(0.070068014085444, -0.010280257415674801)","(0.10823433944980725, -0.024454322798147316)","(0.1482777587274144, -0.04620287300372786)","(0.19005336015158678, -0.07727877495478684)","(0.2334527035142294, -0.12035775376572286)","(0.2784632299662052, -0.17996119512031256)","(0.32535687272748026, -0.2649657272687827)","(0.3755773844532394, -0.39825396963262183)","(0.45718646471310004, -0.8045927232504827)",0.007496200036257505
4.734105499999999,"(0.0, 0.0)","(0.03392167873008147, -0.0024397473192985086)","(0.07003738922666809, -0.010278019801857623)","(0.10818724658959308, -0.024449242962363033)","(0.14821327394880257, -0.046193815016443596)","(0.18997035514162391, -0.07726473676803067)","(0.23334969502322936, -0.12033814043569131)","(0.27833805185294264, -0.17993652475728417)","(0.3252058227960451, -0.2649397123919284)","(0.3753921888400965, -0.39824151213702985)","(0.456907242510126, -0.8047320022728356)",0.007183099980466068
4.740105,"(0.0, 0.0)","(0.033906741244443275, -0.002439194065779818)","(0.07000679879847149, -0.01027577950407375)","(0.10814020656664142, -0.024444156180957584)","(0.14814886208852845, -0.046184742742614825)","(0.18988744581592515, -0.0772506724843345)","(0.23324680922757066, -0.12031848248206925)","(0.27821303035972506, -0.17991178067255253)","(0.32505497559605806, -0.2649135771725815)","(0.37520726757297285, -0.39822885782168826)","(0.45662850930745313, -0.8048709713231674)",0.0076564999762922525
4.7461044999999995,"(0.0, 0.0)","(0.033891820722046155, -0.002438640232676858)","(0.06997624274276502, -0.010273536543807768)","(0.10809321929098363, -0.024439062506064844)","(0.14808452301879566, -0.04617565628248465)","(0.18980463199844427, -0.0772365822737574)","(0.23314404588596907, -0.12029878017192887)","(0.2780881651526008, -0.17988696326412204)","(0.3249043306548401, -0.26488732217970484)","(0.37502261995319464, -0.3982160074629365)","(0.4563502637467422, -0.8050096315235515)",0.0070420000702142715
4.752103999999999,"(0.0, 0.0)","(0.03387691713435398, -0.002438085824999418)","(0.06994572100225867, -0.01027129094263395)","(0.1080462846739038, -0.024433961990044398)","(0.1480202566135556, -0.04616655573675248)","(0.18972191351542642, -0.07722246630718872)","(0.23304140476003268, -0.12027903377378148)","(0.2779634559011766, -0.1798620729324656)","(0.32475388750400636, -0.2648609479866177)","(0.3748382452871541, -0.39820296184547327)","(0.4560725044751859, -0.8051479839904724)",0.008557899971492589
4.7581035,"(0.0, 0.0)","(0.033862030452331264, -0.002437530847644047)","(0.06991523351860686, -0.010269042721641456)","(0.10799940262504512, -0.02442885468408121)","(0.1479560627445391, -0.04615744120385552)","(0.18963929019036807, -0.07720832475165068)","(0.23293888560820986, -0.12025924354995665)","(0.2778389022717082, -0.17983711006850095)","(0.32460364567203576, -0.2648344551518955)","(0.37465414287918414, -0.3981897217300322)","(0.4557952301440743, -0.8052860298625036)",0.0074729000916704535
4.7641029999999995,"(0.0, 0.0)","(0.03384716064748979, -0.0024369753055529407)","(0.06988478023460931, -0.010266791902118112)","(0.10795257305584308, -0.024423740639851272)","(0.1478919412859647, -0.046148312783202104)","(0.18955676184999626, -0.07719415777588466)","(0.23283648819296687, -0.12023940976566336)","(0.27771450393529235, -0.1798120750678855)","(0.32445360469307677, -0.26480784424207304)","(0.3744703120399922, -0.398176287891793)","(0.4555184394104487, -0.8054237702197525)",0.009545100037939847
4.770102499999999,"(0.0, 0.0)","(0.033832307691187315, -0.002436419203607789)","(0.06985436109273607, -0.010264538505093549)","(0.10790579587722482, -0.02441861990840856)","(0.14782789211138306, -0.046139170573010785)","(0.18947432832026018, -0.07717996554661744)","(0.23273421227597502, -0.12021953268293248)","(0.2775902605623722, -0.17978696832145746)","(0.32430376410103634, -0.2647811158164579)","(0.37428675208099255, -0.3981626610946789)","(0.4552421309359561, -0.8055612061910715)",0.008444100036285818
4.776102,"(0.0, 0.0)","(0.03381747155494279, -0.0024358625466777434)","(0.06982397603579053, -0.010262282551545614)","(0.10785907100064288, -0.024413492540687903)","(0.1477639150950949, -0.046130014671286385)","(0.18939198942813196, -0.07716574823024702)","(0.23263205762027156, -0.12019961256335147)","(0.2774661718252018, -0.17976179021954986)","(0.3241541234322296, -0.2647542704339817)","(0.37410346231684055, -0.3981488421029491)","(0.4549663033873318, -0.8056983388753369)",0.007315000053495169
4.7821015,"(0.0, 0.0)","(0.03380265221009492, -0.0024353053395678457)","(0.06979362500619152, -0.010260024062178373)","(0.10781239833695551, -0.024408358586963986)","(0.14770001011061448, -0.046120845174769595)","(0.18930974499965447, -0.07715150599102732)","(0.23253002398791564, -0.1201796496651176)","(0.27734223739516933, -0.17973654114733764)","(0.3240046822224972, -0.2647273086458039)","(0.3739204420626651, -0.3981348316686626)","(0.45469095543583504, -0.8058351693528215)",0.008548700017854571
4.788100999999999,"(0.0, 0.0)","(0.03378784962836606, -0.002434747587104745)","(0.0697633079471592, -0.010257763057791046)","(0.1077657777982766, -0.024403218097750146)","(0.14763617703320736, -0.04611166218068182)","(0.18922759486316446, -0.07713723899408322)","(0.23242811114385656, -0.12015964424792995)","(0.2772184569472126, -0.1797112214925592)","(0.3238554400119525, -0.26470023100758067)","(0.373737690638616, -0.39812063055246116)","(0.4544160857581215, -0.8059716987414179)",0.007698200060985982
4.794100499999999,"(0.0, 0.0)","(0.033773063781427574, -0.0024341892940709297)","(0.06973302480180064, -0.010255499558994893)","(0.10771920929654918, -0.024398071123108576)","(0.14757241573793328, -0.04610246578538583)","(0.18914553884680602, -0.07712294740309557)","(0.23232631885294872, -0.12013959656923272)","(0.27709483015640907, -0.17968583163958501)","(0.3237063963413129, -0.26467303807003595)","(0.3735552073663415, -0.3981062395075924)","(0.4541416930355317, -0.8061079280998225)",0.007369700004346669
4.8001,"(0.0, 0.0)","(0.033758294640795064, -0.0024336304651890093)","(0.06970277551288996, -0.010253233586145544)","(0.10767269274320168, -0.024392917712485397)","(0.14750872609917445, -0.04609325608406517)","(0.18906357677793167, -0.07710863137974693)","(0.23222464687923078, -0.12011950688331417)","(0.2769713566971512, -0.17966037196799287)","(0.3235575507510092, -0.2646457303766921)","(0.3733729915681319, -0.3980916592760493)","(0.4538677759539068, -0.8062438585217659)",0.008995199925266206
4.806099499999999,"(0.0, 0.0)","(0.03374354217836007, -0.0024330711052026003)","(0.06967256002398611, -0.010250965159691124)","(0.10762622805089293, -0.024387757915558753)","(0.1474451079930292, -0.04608403317237094)","(0.18898170848614135, -0.07709429108656705)","(0.2321230949895744, -0.12009937544592501)","(0.2768480362473129, -0.17963484285985878)","(0.3234089027856659, -0.2646183084754607)","(0.37319104257120944, -0.3980768906082207)","(0.45359433320440423, -0.8063794910788462)",0.00805420009419322
4.812098999999999,"(0.0, 0.0)","(0.03372880636591829, -0.0024325112188048883)","(0.06964237827844108, -0.010248694299864766)","(0.10757981513196356, -0.024382591781489524)","(0.1473815612951873, -0.04607479714496678)","(0.1888999338005842, -0.07707992668441825)","(0.23202166295044357, -0.12007920251019547)","(0.2767248684845465, -0.17960924469330972)","(0.3232604519901157, -0.2645907729083887)","(0.3730093597039037, -0.3980619342455002)","(0.4533213634827334, -0.8065148268229997)",0.0071452000411227345
4.8180985,"(0.0, 0.0)","(0.03371408717527189, -0.002431950810654328)","(0.06961223021961449, -0.010246421026752136)","(0.1075334538987716, -0.0243774193590859)","(0.14731808588139034, -0.046065548095848036)","(0.1888182525505423, -0.07706553833304641)","(0.2319203505285949, -0.12005898832752988)","(0.2766018530870818, -0.17958357784393397)","(0.32311219791025686, -0.26456312421389727)","(0.3728279422964692, -0.39804679092407447)","(0.45304886548929624, -0.8066498668401715)",0.008328599971719086
4.824097999999999,"(0.0, 0.0)","(0.03369938457841591, -0.002431389885403161)","(0.06958211579126647, -0.010244145360414176)","(0.10748714426430499, -0.024372240697102285)","(0.14725468162827146, -0.04605628611892232)","(0.18873666456649746, -0.07705112619208426)","(0.23181915749235782, -0.12003873314923427)","(0.27647898973518636, -0.17955784268735034)","(0.32296414009462254, -0.2645353629308683)","(0.37264678968258663, -0.3980314613818549)","(0.452776837929458, -0.8067846121914494)",0.00759490008931607
4.830097499999999,"(0.0, 0.0)","(0.03368469854728961, -0.0024308284476598)","(0.06955203493703417, -0.010241867320725191)","(0.10744088614136464, -0.024367055843844795)","(0.14719134841223502, -0.04604701130724309)","(0.1886551696787074, -0.0770366904197265)","(0.2317180836099241, -0.12001843722436471)","(0.2763562781092119, -0.17953203959581)","(0.32281627809227587, -0.264507489593233)","(0.3724659011973396, -0.39801594634928905)","(0.45250527951313735, -0.8069190639181638)",0.00938589998986572
4.836097,"(0.0, 0.0)","(0.03367002905396358, -0.002430266502017408)","(0.0695219876008249, -0.010239586927495794)","(0.1073946794431783, -0.024361864847470736)","(0.1471280861102979, -0.046037723753591255)","(0.1885737677182741, -0.07702223117373437)","(0.23161712865063042, -0.11999810080135823)","(0.2762337178910566, -0.17950616894076946)","(0.32266861145438236, -0.26447950473406706)","(0.37228527617871876, -0.39800024655630634)","(0.4522341889550769, -0.8070532230684069)",0.008096200064755976
4.842096499999999,"(0.0, 0.0)","(0.033655376070514234, -0.002429704053035062)","(0.06949197372655327, -0.010237304200391864)","(0.1073485240829896, -0.02435666775579106)","(0.14706489459952615, -0.0460284235500912)","(0.18849245851642793, -0.07700774861077216)","(0.23151629238409713, -0.11997772412695462)","(0.2761113087631817, -0.17948023109118771)","(0.32252113973314855, -0.26445140888287505)","(0.3721049139666006, -0.39798436272770266)","(0.4519635649746284, -0.8071870907050691)",0.008503600023686886
4.848095999999999,"(0.0, 0.0)","(0.03364073956919562, -0.0024291411052639734)","(0.06946199325850153, -0.010235019159047384)","(0.10730241997462102, -0.024351464616545273)","(0.14700177375780676, -0.04601911078874481)","(0.18841124190550754, -0.07699324288732978)","(0.23141557458140596, -0.11995730744769387)","(0.27598905040995386, -0.17945422641589012)","(0.3223738624832661, -0.2644232025693543)","(0.37192481390412735, -0.3979682955895316)","(0.45169340629599714, -0.8073206678464072)",0.010000700014643371
4.8540955,"(0.0, 0.0)","(0.03362611952212563, -0.002428577663200019)","(0.06943204614065991, -0.010232731822860018)","(0.10725636703144406, -0.0243462554769033)","(0.14693872346243458, -0.046009785560463534)","(0.18833011771716446, -0.07697871415804923)","(0.23131497501294132, -0.11993685100719806)","(0.27586694251517957, -0.17942815527927275)","(0.32222677925925475, -0.2643948863165509)","(0.37174497533515555, -0.39795204585747046)","(0.451423711647736, -0.8074539555242607)",0.008913500001654029
4.860094999999999,"(0.0, 0.0)","(0.033611515901603994, -0.0024280137313322275)","(0.06940213231739588, -0.010230442211199902)","(0.10721036516742351, -0.02434104038397412)","(0.1468757435915453, -0.04600044795605645)","(0.18824908578418317, -0.07696416257743229)","(0.23121449345057643, -0.11991635504894398)","(0.2757449847646007, -0.179402018045682)","(0.32207988961814654, -0.26436646064783154)","(0.37156539760682594, -0.3979356142486585)","(0.4511544797632182, -0.8075869547808221)",0.008136900025419891
4.866094499999999,"(0.0, 0.0)","(0.03359692868004269, -0.002427449314132347)","(0.06937225173330701, -0.010228150343364663)","(0.1071644142968879, -0.02433581938469612)","(0.14681283402379997, -0.045991098066017116)","(0.1881681459400798, -0.0769495882994721)","(0.2311141296671911, -0.11989581981566405)","(0.27562317684534215, -0.17937581507846773)","(0.32193319311889046, -0.264337926085375)","(0.37138608006898893, -0.3979190014791383)","(0.4508857093805066, -0.8077196666310721)",0.007339700008742511
4.872094,"(0.0, 0.0)","(0.03358235782976348, -0.002426884416024297)","(0.06934240433279598, -0.010225856238447897)","(0.10711851433386646, -0.02433059252551664)","(0.14674999463747482, -0.045981735979900726)","(0.1880872980179457, -0.07693499147657572)","(0.23101388343528115, -0.1198752455475962)","(0.27550151844432286, -0.17934954673721493)","(0.32178668932063814, -0.2643092831457587)","(0.37120702207255624, -0.39790220825633976)","(0.45061739924202404, -0.8078520921104119)",0.007918199989944696
4.878093499999999,"(0.0, 0.0)","(0.033567803323173544, -0.0024263190414109746)","(0.06931259006043915, -0.010223559915454553)","(0.10707266519266352, -0.024325359852672902)","(0.14668722531125009, -0.04597236178686996)","(0.188006541851449, -0.07692037226050757)","(0.23091375452816115, -0.11985463248401533)","(0.27538000924962786, -0.17932321338016352)","(0.3216403777842202, -0.26428053234381155)","(0.3710282229709126, -0.397885235285626)","(0.45034954809480265, -0.807984232202587)",0.008429400040768087
4.884092999999999,"(0.0, 0.0)","(0.03355326513287572, -0.002425753194691223)","(0.06928280886121918, -0.010221261393373992)","(0.1070268667882225, -0.024320121412370176)","(0.14662452592470854, -0.04596297557604087)","(0.1879258772754677, -0.0769057308029876)","(0.23081374272072436, -0.11983398086420426)","(0.2752586489513762, -0.17929681536574263)","(0.32149425807307813, -0.2642516741950564)","(0.3708496821208072, -0.3978680832744522)","(0.45008215469063295, -0.8081160879513017)",0.008627100032754242
4.8900925,"(0.0, 0.0)","(0.03353874323143431, -0.002425186880224358)","(0.0692530606800318, -0.010218960691027212)","(0.10698111903535536, -0.02431487725040935)","(0.14656189635727804, -0.04595357743575917)","(0.1878453041247461, -0.07689106725443934)","(0.23071384778782814, -0.11981329092542001)","(0.27513743723987444, -0.17927035304935401)","(0.3213483297512744, -0.2642227092105831)","(0.37067139888043926, -0.3978507529236332)","(0.4498152177856838, -0.8082476603367753)",0.00872649997472763
4.8960919999999994,"(0.0, 0.0)","(0.03352423759136439, -0.0024246201023287494)","(0.06922334546166392, -0.010216657827060724)","(0.10693542184870825, -0.02430962741217188)","(0.14649933648818478, -0.04594416745357096)","(0.18776482223383442, -0.07687638176393877)","(0.23061406950422053, -0.11979256290280951)","(0.27501637380553157, -0.1792438267832373)","(0.3212025923833994, -0.26419363789683037)","(0.3704933726093657, -0.39783324492696326)","(0.4495487361404689, -0.8083789503714235)",0.008223199984058738
4.902091499999999,"(0.0, 0.0)","(0.03350974818553931, -0.002424052865343921)","(0.06919366315165058, -0.010214352820213945)","(0.10688977514409984, -0.02430437194327153)","(0.14643684619828895, -0.045934745717488866)","(0.18768443143942143, -0.07686167448140419)","(0.23051440764734185, -0.1197717970329672)","(0.27489545834206014, -0.1792172369220948)","(0.32105704553801506, -0.2641644607645499)","(0.3703156026718019, -0.3978155599864836)","(0.44928270852044633, -0.8085099590462079)",0.007702499977312982
4.908091,"(0.0, 0.0)","(0.03349527498655863, -0.002423485173534598)","(0.06916401369494495, -0.010212045688905977)","(0.10684417883644445, -0.024299110888547134)","(0.1463744253672351, -0.04592531231403476)","(0.1876041315767128, -0.07684694555421046)","(0.23041486199297373, -0.11975099354843367)","(0.27477469054150194, -0.17919058381439035)","(0.32091168878229825, -0.26413517831493327)","(0.3701380884314769, -0.3977976987888427)","(0.44901713369503726, -0.8086406873536374)",0.008962199906818569
4.9140904999999995,"(0.0, 0.0)","(0.03348081796722451, -0.0024229170311633338)","(0.06913439703692105, -0.010209736451548357)","(0.10679863284131774, -0.02429384429282482)","(0.14631207387560013, -0.045915867329720694)","(0.18752392248216074, -0.07683219512975031)","(0.2303154323185167, -0.11973015268185612)","(0.2746540700979734, -0.17916386780892804)","(0.3207665216860704, -0.26410579105009674)","(0.3699608292554972, -0.3977796620231551)","(0.44875201043833196, -0.8087711362716218)",0.00788499996997416
4.920089999999999,"(0.0, 0.0)","(0.033466377100374575, -0.002422348442465224)","(0.06910481312302194, -0.01020742512643613)","(0.106753137074407, -0.024288572200652444)","(0.14624979160413892, -0.04590641085053283)","(0.1874438039925042, -0.07681742335454128)","(0.23021611840183762, -0.11970927466453693)","(0.27453359670634636, -0.17913708925255523)","(0.320621543820376, -0.26407629946941885)","(0.3697838245129783, -0.39776145037475547)","(0.4484873375288155, -0.8089013067949176)",0.008276600041426718
4.9260895,"(0.0, 0.0)","(0.033451952359012556, -0.0024217794116679894)","(0.0690752618990349, -0.010205111731834339)","(0.10670769145194083, -0.024283294656510388)","(0.14618757843437427, -0.04589694296234097)","(0.187363775945519, -0.07680263037493401)","(0.23011692002216944, -0.1196883597275846)","(0.27441327006327654, -0.1791102484919827)","(0.3204767547585879, -0.2640467040724397)","(0.36960707357610284, -0.39774306453014124)","(0.4482231137495452, -0.8090311998868259)",0.008220900082960725
4.9320889999999995,"(0.0, 0.0)","(0.03343754371608188, -0.0024212099429576227)","(0.06904574331061407, -0.01020279628583004)","(0.10666229588994454, -0.024278011704450788)","(0.14612543424757388, -0.04588746375019719)","(0.18728383817871708, -0.07678781633589865)","(0.23001783695854836, -0.1196674080999406)","(0.27429308986541495, -0.17908334587066194)","(0.32033215407447946, -0.26401700535387956)","(0.3694305758182654, -0.39772450516847135)","(0.44795933788779035, -0.8091608165261982)",0.00819329998921603
4.938088499999999,"(0.0, 0.0)","(0.03342315114454873, -0.0024206400404912652)","(0.06901625730345665, -0.01020047880638775)","(0.1066169503045141, -0.024272723388232612)","(0.14606335892512703, -0.045877973298598336)","(0.1872039905298247, -0.0767729813814788)","(0.22991886899038735, -0.11964642000911632)","(0.2741730558100634, -0.1790563817299492)","(0.3201877413429281, -0.2639872038054912)","(0.36925433061474416, -0.3977057729647214)","(0.4476960087351394, -0.809290157672701)",0.008881099987775087
4.944088,"(0.0, 0.0)","(0.03340877461743496, -0.0024200697084023016)","(0.06898680382337093, -0.010198159311371377)","(0.10657165461192276, -0.024267429751375063)","(0.14600135234869066, -0.04586847169158963)","(0.18712423283696825, -0.07675812565497006)","(0.2298200158976987, -0.11962539568148295)","(0.27405316759542697, -0.17902935640956374)","(0.32004351614018545, -0.26395729991678957)","(0.36907833734295753, -0.39768686859091845)","(0.44743312508752986, -0.8094192243024845)",0.006821000017225742
4.9500874999999995,"(0.0, 0.0)","(0.03339441410808904, -0.002419498950841784)","(0.06895738281684727, -0.010195837818722605)","(0.10652640872951286, -0.024262130837592433)","(0.1459394144014125, -0.045858959013609715)","(0.18704456494022784, -0.07674324930038255)","(0.22972127746296084, -0.11960433534464825)","(0.27393342492274714, -0.17900227025134807)","(0.31989947804617397, -0.2639272941810517)","(0.36890259538466463, -0.39766779272638814)","(0.44717068574563407, -0.809548017364484)",0.007969499914906919
4.956086999999999,"(0.0, 0.0)","(0.03338006958954661, -0.00241892777188127)","(0.06892799422971187, -0.01019351434604239)","(0.10648121257359323, -0.0242568266897738)","(0.145877544965046, -0.04584943534750759)","(0.1869649866779706, -0.07672835245900875)","(0.22962265346671104, -0.11958323922187725)","(0.27381382749126315, -0.17897512359043682)","(0.31975562663905643, -0.26389718708121984)","(0.36872710412074733, -0.39764854603367833)","(0.4469086895138845, -0.8096765378118597)",0.006849099998362362
4.9620865,"(0.0, 0.0)","(0.03336574103506705, -0.002418356175594633)","(0.06889863800825627, -0.010191188910943335)","(0.10643606606120327, -0.024251517350841953)","(0.1458157439223709, -0.04583990077621178)","(0.18688549788992653, -0.0767134352723119)","(0.22952414369124113, -0.11956210753678626)","(0.2736943750024349, -0.17894791676268493)","(0.31961196149978394, -0.2638669791017544)","(0.36855186293557485, -0.3976291291787942)","(0.44664713520125743, -0.8098047865998044)",0.007665299926884472
4.968086,"(0.0, 0.0)","(0.03335142841795421, -0.002417784166030935)","(0.06886931409886016, -0.010188861530932793)","(0.10639096910952327, -0.024246202863468472)","(0.1457540111563838, -0.045830355382176426)","(0.18680609841615972, -0.07669849788096711)","(0.22942574791936068, -0.11954094051178418)","(0.27357506715852825, -0.17892065010219937)","(0.3194684822105696, -0.26383667072469286)","(0.3683768712155328, -0.3976095428244636)","(0.4463860216209858, -0.8099327646684041)",0.008297499967738986
4.974085499999999,"(0.0, 0.0)","(0.033337131711633404, -0.0024172117472263236)","(0.0688400224481535, -0.010186532223464126)","(0.10634592163612817, -0.024240883270198573)","(0.14569234655064633, -0.04582079924762394)","(0.1867267880975104, -0.07668354042528104)","(0.22932746593492753, -0.11951973836875433)","(0.2734559036632211, -0.17889332394241775)","(0.3193251883555396, -0.26380626243137)","(0.3682021283496467, -0.39758978763307257)","(0.44612534759065564, -0.8100604729447322)",0.009516700054518878
4.980084999999999,"(0.0, 0.0)","(0.03332285088948758, -0.002416638923179187)","(0.06881076300267093, -0.010184201005829672)","(0.10630092355844782, -0.024235558613190093)","(0.145630749988544, -0.045811232454037495)","(0.18664756677465236, -0.07666856304431333)","(0.22922929752171475, -0.11949850132762505)","(0.27333688422030616, -0.17886593861384437)","(0.3191820795193343, -0.263775754698801)","(0.36802763372823355, -0.39756986426048246)","(0.4458651119319432, -0.8101879124064083)",0.008995099924504757
4.9860845,"(0.0, 0.0)","(0.03330858592495411, -0.0024160656978651184)","(0.06878153570905682, -0.010181867895225152)","(0.1062559747940865, -0.024230228934370546)","(0.14556922135372516, -0.04580165508246615)","(0.18656843428865097, -0.07665356587640437)","(0.22913124246408023, -0.11947722960722759)","(0.27321800853445555, -0.17883849444540706)","(0.31903915528792975, -0.2637451480018444)","(0.3678533867436875, -0.3975497733597171)","(0.4456053134707425, -0.8103150839352127)",0.009896099916659296
4.992083999999999,"(0.0, 0.0)","(0.03329433679155054, -0.0024154920752409146)","(0.06875234051411828, -0.010179532908766904)","(0.10621107526090635, -0.024224894275479036)","(0.14550776053021464, -0.045792067213606166)","(0.186489390481107, -0.07663854905931598)","(0.22903330054713888, -0.11945592342552429)","(0.27309927631141745, -0.17881099176481735)","(0.3188964152488476, -0.2637144428137764)","(0.3676793867906786, -0.39752951558194394)","(0.44534595103718355, -0.8104419884934052)",0.007415200001560152
4.998083499999999,"(0.0, 0.0)","(0.03328010346296181, -0.002414918059258033)","(0.06872317736500932, -0.010177196063549847)","(0.10616622487731442, -0.024219554678207526)","(0.145446367402808, -0.04578246892807573)","(0.1864104351946575, -0.07662351273070636)","(0.22893547155736474, -0.11943458300038033)","(0.2729806872587023, -0.1787834308997924)","(0.31875385899189357, -0.2636836396082424)","(0.3675056332668581, -0.39750909157980935)","(0.44508702346574197, -0.8105686269862706)",0.006562200025655329
5.004083,"(0.0, 0.0)","(0.03326588591272423, -0.0024143436538146463)","(0.06869404620856535, -0.010174857376440897)","(0.10612142356122396, -0.024214210183697103)","(0.14538504185564585, -0.04577286030543533)","(0.18633156827116332, -0.07660845702643457)","(0.22883775528041125, -0.11941320854680611)","(0.2728622410830906, -0.17875581217368597)","(0.31861148610646933, -0.26365273885227264)","(0.3673321255702724, -0.39748850199548375)","(0.4448285295947571, -0.8106950003367988)",0.007795599987730384
5.010082499999999,"(0.0, 0.0)","(0.03325168411456064, -0.002413768862806802)","(0.06866494699200956, -0.01017251686429935)","(0.10607667123115645, -0.02420886083307536)","(0.14532378377372576, -0.045763241425232436)","(0.18625278955363087, -0.07659338208236822)","(0.22874015150342047, -0.11939180027989646)","(0.2727439374932715, -0.1787281359101429)","(0.31846929618441416, -0.26362174101371705)","(0.36715886310209067, -0.39746774747337915)","(0.4445704682669066, -0.8108211094631292)",0.007687399978749454
5.016081999999999,"(0.0, 0.0)","(0.033237498042262094, -0.0024131936901105435)","(0.06863587966270233, -0.010170174543899868)","(0.10603196780585172, -0.024203506667268424)","(0.14526259304236747, -0.045753612366636005)","(0.18617409888553138, -0.07657828803375086)","(0.2286426600142051, -0.11937035841380131)","(0.272625776198907, -0.1787004024314673)","(0.31832728881899536, -0.2635906465586389)","(0.3669858452656301, -0.39744682865568837)","(0.4443128383290133, -0.8109469552674602)",0.007218900020234287
5.0220815,"(0.0, 0.0)","(0.03322332766958059, -0.0024126181395657436)","(0.06860684416791701, -0.010167830431862772)","(0.10598731320391601, -0.024198147726831046)","(0.14520146954672955, -0.04574397320810598)","(0.18609549611018686, -0.07656317501462945)","(0.22854528060050883, -0.11934888316079395)","(0.27250775690978485, -0.17867261205714652)","(0.3181854636039925, -0.2635594559489489)","(0.3668130714654738, -0.39742574617832493)","(0.44405563863187225, -0.8110725386623432)",0.007617100025527179
5.028080999999999,"(0.0, 0.0)","(0.03320917297033277, -0.0024120422149920277)","(0.06857784045505698, -0.010165484544722653)","(0.10594270734416256, -0.02419278405211383)","(0.1451404131722766, -0.04573432402771822)","(0.18601698107136314, -0.0765480431584165)","(0.22844801305071924, -0.11932737473218492)","(0.2723898793366324, -0.17864476510529653)","(0.31804382013457433, -0.26352816964471665)","(0.3666405411083082, -0.39740450067487876)","(0.44379886803038404, -0.8111978605468011)",0.007220400031656027
5.034080499999999,"(0.0, 0.0)","(0.033195033918565, -0.002411465920214065)","(0.06854886847200414, -0.010163136899037325)","(0.10589815014615443, -0.02418741568352885)","(0.14507942380552427, -0.04572466490368105)","(0.18593855361421704, -0.0765328925987845)","(0.22835085715500555, -0.11930583333977639)","(0.27227214319241827, -0.17861686189496692)","(0.3179023580086983, -0.263496788107854)","(0.366468253604267, -0.39738309278292505)","(0.44354252538377664, -0.8113229218196624)",0.007385100005194545
5.04008,"(0.0, 0.0)","(0.03318091048817131, -0.0024108892590035303)","(0.06851992816631382, -0.010160787511137748)","(0.10585364152894824, -0.024182042660939786)","(0.14501850133231484, -0.045714995913149176)","(0.18586021358310395, -0.07651772346761182)","(0.22825381270268266, -0.1192842591925205)","(0.2721545481893349, -0.1785889027408437)","(0.3177610768238576, -0.26346531179364213)","(0.36629620836379995, -0.39736152312950157)","(0.4432866095550327, -0.811447723376835)",0.007762000081129372
5.046079499999999,"(0.0, 0.0)","(0.033166802653048555, -0.0024103122351028686)","(0.06849101948554216, -0.010158436397230393)","(0.10580918141160446, -0.02417666502391147)","(0.14495764563851732, -0.045705317132708805)","(0.18578196082246695, -0.07650253589582245)","(0.228156879483279, -0.11926265249788402)","(0.2720370940400196, -0.17856088795541092)","(0.3176199761783951, -0.2634337411541842)","(0.36612440479893166, -0.3973397923370145)","(0.4430311194110995, -0.8115722660993696)",0.007058899966068566
5.052078999999999,"(0.0, 0.0)","(0.03315271038746265, -0.002409734852281199)","(0.06846214237801614, -0.010156083573638092)","(0.10576476971439064, -0.02417128281229731)","(0.1448968566116793, -0.045695628639519904)","(0.18570379517893715, -0.07648733001536373)","(0.22806005728906198, -0.11924101346506692)","(0.2719197804604422, -0.17853281785405087)","(0.31747905567461493, -0.26340207664656584)","(0.36595284232625114, -0.3973179010372338)","(0.44277605382339835, -0.811696550881478)",0.008623600006103516
5.0580785,"(0.0, 0.0)","(0.03313863366560439, -0.00240915711426689)","(0.06843329679189995, -0.010153729056509563)","(0.10572040635732305, -0.02416589606553078)","(0.14483613413902466, -0.04568593050993822)","(0.18562571649878756, -0.07647210595682012)","(0.2279633459119755, -0.11921934230111873)","(0.2718026071664018, -0.1785046927488888)","(0.317338314915004, -0.263370318723005)","(0.3657815203632753, -0.397295849854402)","(0.4425214116671659, -0.8118205786045832)",0.00792230002116412
5.064077999999999,"(0.0, 0.0)","(0.03312457246140419, -0.0024085790247193525)","(0.06840448267480351, -0.010151372861697766)","(0.10567609125955513, -0.024160504822328614)","(0.14477547810661368, -0.045676222818938114)","(0.185547724626865, -0.07645686384841319)","(0.2278667451423551, -0.11919763920931041)","(0.27168557387205455, -0.1784765129462091)","(0.31719775350064217, -0.2633384678267116)","(0.3656104383269168, -0.39727363939811383)","(0.4422671918211731, -0.8119443501341677)",0.00702719995751977
5.070077499999999,"(0.0, 0.0)","(0.03311052674917657, -0.002408000587327421)","(0.06837569997513994, -0.01014901500518387)","(0.10563182434149755, -0.024155109121724933)","(0.1447148884022537, -0.045666505642123316)","(0.18546981941029023, -0.07644160381948369)","(0.22777025477337706, -0.11917590439480034)","(0.2715686802950029, -0.1784482787554369)","(0.31705737103668885, -0.26330652440626223)","(0.36543959563875567, -0.3972512702879795)","(0.44201339316863353, -0.8120678663428055)",0.007380699971690774
5.076077,"(0.0, 0.0)","(0.03309649650337831, -0.0024074218057726945)","(0.06834694864161668, -0.010146655502919261)","(0.1055876055240236, -0.024149709002685767)","(0.1446543649144082, -0.04565677905497744)","(0.18539200069707104, -0.07642632599919326)","(0.22767387459938948, -0.11915413806252201)","(0.27145192615438635, -0.1784199904857895)","(0.31691716713032264, -0.26327448891024025)","(0.3652689917230562, -0.3972287431444333)","(0.4417600145968373, -0.8121911281240553)",0.007554900017566979
5.082076499999999,"(0.0, 0.0)","(0.03308248169818678, -0.002406842683665344)","(0.06831822862234735, -0.0101442943705489)","(0.10554343472708157, -0.024144304503434313)","(0.14459390753029122, -0.045647043131551414)","(0.18531426833367876, -0.0764110305142513)","(0.2275776044129982, -0.11913234041348265)","(0.271335311167545, -0.178391648440406)","(0.31677714138714097, -0.263242361777833)","(0.3650986260033008, -0.3972060585725788)","(0.44150705499653226, -0.8123141363210084)",0.008572299964725971
5.088075999999999,"(0.0, 0.0)","(0.03306848230799812, -0.0024062632246201966)","(0.06828953986590036, -0.010141931623739176)","(0.10549931187133338, -0.024138895662250533)","(0.14453351613811688, -0.04563729794601849)","(0.18523662216790818, -0.07639571749160734)","(0.22748144400850492, -0.11911051164914592)","(0.27121883505395294, -0.17836325292329466)","(0.31663729341540114, -0.2632101434499548)","(0.3649284979062645, -0.397183217181282)","(0.4412545132626192, -0.8124368917951503)",0.008911999990232289
5.0940755,"(0.0, 0.0)","(0.033054498307419446, -0.002405683432255719)","(0.06826088232128338, -0.010139567278173525)","(0.1054552368781291, -0.02413348251746043)","(0.14447319062706518, -0.04562754357265352)","(0.18515906204883414, -0.07638038705841563)","(0.2273853931818543, -0.119088651971373)","(0.2711024975351576, -0.17833480423924147)","(0.31649762282595273, -0.26317783436909853)","(0.3647586068619487, -0.3971602195829229)","(0.4410023882941227, -0.8125593954073496)",0.008390400093048811
5.1000749999999995,"(0.0, 0.0)","(0.03304052967077309, -0.0024051033101185142)","(0.06823225593689862, -0.010137201349227019)","(0.1054112096678759, -0.024128065106642272)","(0.14441293088504112, -0.04561778008428864)","(0.1850815878239612, -0.07636503933935944)","(0.22728945172720638, -0.11906676157806739)","(0.27098629833085536, -0.178306302686899)","(0.3163581292280035, -0.2631454349682654)","(0.3645889522995027, -0.397137066374362)","(0.4407506789934697, -0.8126816480120461)",0.007860399899072945
5.106074499999999,"(0.0, 0.0)","(0.033026576372777394, -0.0024045228617873113)","(0.06820366066197664, -0.010134833852414513)","(0.10536723016227767, -0.024122643467719678)","(0.1443527368017507, -0.04560800755443959)","(0.1850041993431356, -0.07634967446033429)","(0.22719361944164, -0.11904484066916976)","(0.2708702371642736, -0.17827774856829556)","(0.31621881223492304, -0.263112945686195)","(0.3644195336528062, -0.39711375816311745)","(0.4404993842674397, -0.8128036504596252)",0.007589600048959255
5.112074,"(0.0, 0.0)","(0.03301263838795184, -0.0024039420907823955)","(0.06817509644532445, -0.010132464803000297)","(0.10532329828237895, -0.02411721763800945)","(0.1442926082660143, -0.045598226055453245)","(0.18492689645512791, -0.07633429254523881)","(0.2270978961210423, -0.11902288944143352)","(0.27075431375746617, -0.1782491421805469)","(0.31607967145916616, -0.26308036695408354)","(0.3642503503555801, -0.3970902955445254)","(0.4402485030263047, -0.8129254035906529)",0.00773700000718236
5.1180734999999995,"(0.0, 0.0)","(0.03299871569088158, -0.0024033610006059976)","(0.068146563235881, -0.01013009421617217)","(0.10527941394943292, -0.024111787654646017)","(0.1442325451669588, -0.04558843565933331)","(0.1848496790091489, -0.07631889371740457)","(0.22700228156193203, -0.11900090809075145)","(0.2706385278333979, -0.17822048381954567)","(0.31594070651451983, -0.2630476992014946)","(0.3640814018435454, -0.39706667911189675)","(0.4399980341841886, -0.8130469082561157)",0.007370900013484061
5.124072999999999,"(0.0, 0.0)","(0.03298480825658825, -0.00240277959479908)","(0.06811806098349939, -0.010127722107286128)","(0.1052355770861233, -0.024106353555178532)","(0.1441725473956953, -0.04557863643890179)","(0.18477254685698294, -0.07630347810160847)","(0.2269067755640245, -0.11897889681543321)","(0.27052287911888045, -0.17819177378516093)","(0.31580191701927, -0.26301494286469207)","(0.3639126875574692, -0.39704290947085824)","(0.43974797665957055, -0.8131681652850269)",0.008300999994389713
5.1300725,"(0.0, 0.0)","(0.032970916059531, -0.0024021978767890624)","(0.06808958963684297, -0.010125348491210107)","(0.1051917876132775, -0.02410091537596962)","(0.144112614840805, -0.04556882846468378)","(0.18469549984724712, -0.07628804581867517)","(0.22681137792332548, -0.11895685580741457)","(0.270407367336667, -0.1781630123672895)","(0.31566330258766945, -0.26298209836427816)","(0.3637442069349477, -0.39701898720086276)","(0.43949832937386535, -0.813289175510245)",0.007850199937820435
5.1360719999999995,"(0.0, 0.0)","(0.03295703907467623, -0.0024016158500531144)","(0.06806114914563748, -0.010122973383027705)","(0.10514804545338523, -0.024095473153912365)","(0.14405274739317153, -0.04555901180824758)","(0.184618537831536, -0.07627259699126378)","(0.22671608843952293, -0.11893478526168093)","(0.2702919922139107, -0.17813419986080686)","(0.31552486283906345, -0.26294916612915914)","(0.3635759594191886, -0.39699491289643285)","(0.4392490912529097, -0.8134099397660912)",0.010657800012268126
5.142071499999999,"(0.0, 0.0)","(0.03294317727683692, -0.0024010335180175073)","(0.06803273945928026, -0.010120596797604424)","(0.10510435052842519, -0.024090026925371863)","(0.14399294494299605, -0.04554918654014553)","(0.18454166066062577, -0.07625713174030017)","(0.22662090691141962, -0.1189126853704564)","(0.27017675347693704, -0.17810533655634597)","(0.3153865973922467, -0.26291614658176)","(0.3634079444535751, -0.396970687141707)","(0.4390002612260188, -0.8135304588800225)",0.0073241000063717365
5.148071,"(0.0, 0.0)","(0.03292933064100982, -0.0024004508841092204)","(0.0680043605275504, -0.01011821874981004)","(0.10506070276097496, -0.024084576726727796)","(0.14393320738132143, -0.045539352730969526)","(0.18446486818641197, -0.07624165018680523)","(0.22652583313926386, -0.11889055632618127)","(0.2700616508539104, -0.17807642274502183)","(0.31524850586834063, -0.2628830401455988)","(0.36324016148443244, -0.3969463105234783)","(0.43875183822644265, -0.8136507336629581)",0.008213700028136373
5.1540704999999996,"(0.0, 0.0)","(0.03291549914205013, -0.0023998679517063803)","(0.06797601229992341, -0.010115839254305006)","(0.1050171020731399, -0.024079122593853263)","(0.1438735345985608, -0.045529510450336735)","(0.184388160260038, -0.07622615245013753)","(0.22643086692249803, -0.11886839831864895)","(0.26994668407225547, -0.17804745871388547)","(0.3151105878880071, -0.2628498472379929)","(0.36307260995834345, -0.39692178361862396)","(0.43850382119089637, -0.8137707649497326)",0.007389500038698316
5.160069999999999,"(0.0, 0.0)","(0.032901682755203346, -0.002399284724219568)","(0.06794769472669103, -0.010113458325890867)","(0.10497354838830292, -0.024073664562969672)","(0.14381392648690122, -0.04551965976855313)","(0.18431153673495207, -0.0762106386508756)","(0.22633600806343462, -0.11884621153970064)","(0.2698318528628656, -0.17801844475337608)","(0.31497284307599105, -0.2628165682820128)","(0.36290528932651756, -0.3968971070147044)","(0.4382562090602836, -0.813890553551776)",0.007945599965751171
5.166069499999999,"(0.0, 0.0)","(0.032887881455381796, -0.002398701204981576)","(0.0679194077574385, -0.010111075979035095)","(0.1049300416287453, -0.024068202669487355)","(0.143754382937035, -0.04550980075435731)","(0.18423499746274938, -0.07619510890690792)","(0.22624125636225512, -0.11882399617685573)","(0.2697171569543752, -0.17798938114720797)","(0.31483527105493486, -0.26278320369025454)","(0.3627381990388339, -0.39687228128198865)","(0.4380090007786764, -0.814010100275547)",0.00683009997010231
5.172069,"(0.0, 0.0)","(0.03287409521779871, -0.00239811739734425)","(0.06789115134237898, -0.010108692228288458)","(0.10488658171773141, -0.024062736949023895)","(0.1436949038410238, -0.04549993347690195)","(0.1841585422968149, -0.0761795633368666)","(0.22614661162139033, -0.11880175241890462)","(0.26960259607817527, -0.17796026818124921)","(0.31469787145079164, -0.26274975387908356)","(0.362571338549049, -0.3968473069980018)","(0.4377621952941791, -0.8141294059289365)",0.00797239993698895
5.178068499999999,"(0.0, 0.0)","(0.03286032401760488, -0.002397533304623182)","(0.06786292543158888, -0.010106307088046657)","(0.10484316857831395, -0.024057267436822447)","(0.14363548909065682, -0.04549005800462189)","(0.1840821710902344, -0.07616400205816534)","(0.2260520736430083, -0.11877948045271206)","(0.2694881699655353, -0.17793110613844496)","(0.3145606438897168, -0.2627162192604873)","(0.36240470731180113, -0.3968221847334788)","(0.43751579155840936, -0.8142484713186545)",0.007361199939623475
5.184067999999999,"(0.0, 0.0)","(0.03284656783005603, -0.0023969489301234035)","(0.06783472997536026, -0.010103920572661027)","(0.10479980213388489, -0.024051794168021876)","(0.14357613857820772, -0.04548017440575954)","(0.1840058836967576, -0.07614842518791011)","(0.22595764223017148, -0.11875718046470075)","(0.269373878348927, -0.17790189530117204)","(0.31442358799949566, -0.26268260024585166)","(0.3622383047839825, -0.3967969150588705)","(0.43726978852671383, -0.8143672972450712)",0.008184000034816563
5.1900675,"(0.0, 0.0)","(0.03283282663045346, -0.002396364277130405)","(0.06780656492407554, -0.010101532696399832)","(0.10475648230797918, -0.02404631717756221)","(0.1435168521961649, -0.045470282748181046)","(0.18392967997045434, -0.07613283284258017)","(0.22586331718642297, -0.11873485264033036)","(0.26925972096155115, -0.17787263595041194)","(0.3142867034090304, -0.2626488972446323)","(0.3620721304242416, -0.3967714985420485)","(0.43702418515807073, -0.8144858845056152)",0.007243399973958731
5.196066999999999,"(0.0, 0.0)","(0.03281910039415881, -0.002395779348912562)","(0.06777843022823918, -0.010099143473458708)","(0.10471320902432449, -0.02404083650021016)","(0.1434576298372995, -0.0454603830994256)","(0.18385355976580106, -0.07611722513811325)","(0.22576909831589004, -0.11871249716423703)","(0.26914569753745415, -0.17784332836597075)","(0.31414998974846553, -0.26261511066470544)","(0.36190618369310124, -0.39674593574890976)","(0.436778980415095, -0.814604233888088)",0.007123099989257753
5.202066499999999,"(0.0, 0.0)","(0.032805389096543985, -0.0023951941487136076)","(0.067750325838372, -0.010096752917928196)","(0.10466998220667603, -0.02403535217047978)","(0.14339847139443865, -0.04545047552655118)","(0.18377752293739186, -0.07610160218963817)","(0.22567498542293607, -0.11869011421979629)","(0.2690318078111291, -0.17781397282578387)","(0.3140134466487544, -0.26258124091125057)","(0.3617404640525384, -0.39672022724143924)","(0.4365341732639539, -0.8147223461903258)",0.007581099984236062
5.208066,"(0.0, 0.0)","(0.03279169271302049, -0.002394608679757152)","(0.06772225170507225, -0.010094361043813208)","(0.10462680177891158, -0.024029864222679942)","(0.1433393767605957, -0.045440560096226726)","(0.1837015693401041, -0.07608596411163412)","(0.22558097831235924, -0.11866770398938269)","(0.26891805151774145, -0.17778456960632766)","(0.31387707374190255, -0.2625472883874087)","(0.36157497096621544, -0.39669437357884646)","(0.43628976267439235, -0.8148402221956169)",0.00763780006673187
5.214065499999999,"(0.0, 0.0)","(0.03277801121926834, -0.0023940229452819)","(0.067694207779499, -0.01009196786518486)","(0.10458366766578764, -0.02402437269128494)","(0.14328034583000882, -0.04543063687545327)","(0.18362569883041957, -0.07607031101918114)","(0.22548707679098168, -0.1186452666564072)","(0.2688044283949501, -0.17775511898585628)","(0.313740870662932, -0.2625132534994804)","(0.36140970390136945, -0.3966683753265425)","(0.4360457476200298, -0.8149578626828997)",0.008658599923364818
5.220064999999999,"(0.0, 0.0)","(0.032764344590517226, -0.0023934369484319104)","(0.06766619401185743, -0.010089573395707315)","(0.10454057979057167, -0.024018877609779533)","(0.14322137849488842, -0.045420705929316164)","(0.1835499112622858, -0.07605464302406227)","(0.22539328066266906, -0.11862280239896421)","(0.2686909381772003, -0.17772562123430544)","(0.31360483704371667, -0.26247913664070543)","(0.3612446623228698, -0.39664223302810353)","(0.4358021270773665, -0.8150752684349046)",0.00828219996765256
5.2260645,"(0.0, 0.0)","(0.03275069280265718, -0.002392850692426299)","(0.06763821035373782, -0.010087177649369446)","(0.10449753807869715, -0.024013379012444724)","(0.1431624746504379, -0.04541076732446057)","(0.18347420649350377, -0.07603896024078964)","(0.22529958973601655, -0.11860031139965235)","(0.2685775806045277, -0.17769607662889808)","(0.3134689725224891, -0.26244493821633147)","(0.3610798457023761, -0.3966159472485983)","(0.43555890002727843, -0.8151924402317569)",0.007772899931296706
5.232063999999999,"(0.0, 0.0)","(0.032737055831203656, -0.002392264180401401)","(0.06761025675593647, -0.010084780639804296)","(0.10445454245435883, -0.02400787693269676)","(0.14310363419017647, -0.04540082112585842)","(0.18339858437977713, -0.07602326278099848)","(0.22520600381718733, -0.11857779383643757)","(0.2684643554143539, -0.1776664854396227)","(0.3133332767349783, -0.2624106586202826)","(0.36091525350979514, -0.39658951853425367)","(0.43531606545359675, -0.8153093788316932)",0.007446899893693626
5.238063499999999,"(0.0, 0.0)","(0.03272343365184299, -0.0023916774154941448)","(0.06758233316960434, -0.01008238238064854)","(0.10441159284230749, -0.024002371403964353)","(0.14304485700840433, -0.04539086739851589)","(0.18332304477784792, -0.07600755075640742)","(0.22511252271368584, -0.1185552498874771)","(0.2683512623458073, -0.1776368479369002)","(0.3131977493190748, -0.26237629824747427)","(0.36075088521777343, -0.3965629474337369)","(0.43507362234383373, -0.8154260850170059)",0.00731759995687753
5.244063,"(0.0, 0.0)","(0.032709826240341064, -0.002391090400828204)","(0.06755443954605439, -0.010079982885482773)","(0.10436868916754852, -0.023996862459542984)","(0.1429861429997889, -0.04538090620718957)","(0.18324758754497023, -0.07599182427832632)","(0.22501914623372382, -0.1185326797303176)","(0.26823830113899694, -0.17760716439030716)","(0.3130623899140447, -0.26234185749176187)","(0.3605867403009374, -0.3965362344946099)","(0.43483156968904324, -0.8155425595506688)",0.008422499988228083
5.250062499999999,"(0.0, 0.0)","(0.032696233572644784, -0.002390503139529656)","(0.06752657583697584, -0.010077582167899012)","(0.10432583135567679, -0.023991350132759593)","(0.14292749205982436, -0.04537093761670713)","(0.18317221253949473, -0.07597608345821215)","(0.22492587418692336, -0.11851008354280049)","(0.26812547153581684, -0.1775774350700158)","(0.31292719816139786, -0.26230733674825474)","(0.3604228182367272, -0.3965093802673323)","(0.43458990648394225, -0.8156588031912502)",0.008488500025123358
5.256061999999999,"(0.0, 0.0)","(0.032682655624466136, -0.002389915634663541)","(0.06749874199355768, -0.010075180241227128)","(0.10428301933150753, -0.023985834456304832)","(0.14286890408295072, -0.04536096169066727)","(0.18309691961847485, -0.0759603284054143)","(0.22483270638143502, -0.11848746149938584)","(0.2680127732766436, -0.17754766024094862)","(0.3127921737013178, -0.2622727364039149)","(0.3602591185019529, -0.39648238528898627)","(0.43434863172633664, -0.8157748166965401)",0.007978599984198809
5.2620615,"(0.0, 0.0)","(0.03266909237167694, -0.002389327889294292)","(0.0674709379673203, -0.010072777118795409)","(0.10424025302037522, -0.023980315462868947)","(0.1428103789643382, -0.045350978492677545)","(0.18302170863993722, -0.07594455922932085)","(0.22473964262667068, -0.11846481377465104)","(0.26790020610346615, -0.17751784016833913)","(0.3126573161760426, -0.26223805684649654)","(0.3600956405760499, -0.3964552500987396)","(0.43410774441763883, -0.81589060082869)",0.006865000003017485
5.268060999999999,"(0.0, 0.0)","(0.03265554379035458, -0.0023887399064928074)","(0.06744316371021168, -0.01007037281396106)","(0.10419753234828401, -0.023974793185216333)","(0.14275191660009393, -0.045340988086499265)","(0.18294657946314433, -0.07592877603961004)","(0.2246466827336188, -0.11844214054370093)","(0.2677877697602464, -0.17748797511838357)","(0.3125226252302526, -0.2622032984655936)","(0.3599323839414508, -0.3964279752396664)","(0.43386724356291234, -0.8160061563246669)",0.007492400007322431
5.274060499999999,"(0.0, 0.0)","(0.03264200985647007, -0.002388151689288965)","(0.06741541917395077, -0.010067967339905393)","(0.10415485724088169, -0.023969267655685453)","(0.14269351688585208, -0.045330990535074195)","(0.1828715319468003, -0.07591297894456162)","(0.2245538265126842, -0.11841944197941359)","(0.2676754639904439, -0.17745806535386133)","(0.3123881005083943, -0.2621684616455953)","(0.3597693480810023, -0.39640056124654066)","(0.4336271281704401, -0.8161214839527028)",0.006895300000905991
5.28006,"(0.0, 0.0)","(0.03262849054596058, -0.0023875632406827455)","(0.0673877043101796, -0.010065560709681808)","(0.10411222762369723, -0.02396373890630595)","(0.1426351797170999, -0.0453209859007521)","(0.18279656594946544, -0.07589716805145173)","(0.22446107377418692, -0.11839671825308361)","(0.2675632885375857, -0.17742811113515622)","(0.3122537416552951, -0.2621335467673234)","(0.3596065324785552, -0.3963730086486649)","(0.4333873972518082, -0.8162365844436645)",0.00884830008726567
5.2860594999999995,"(0.0, 0.0)","(0.032614985835038086, -0.002386974563691577)","(0.06736001907111401, -0.010063152936419949)","(0.10406964342315814, -0.023958206969296993)","(0.14257690499057546, -0.04531097424626109)","(0.1827216813313351, -0.07588134346823548)","(0.224368424330503, -0.11837396953716603)","(0.2674512431477192, -0.1773981127246199)","(0.3121195483188119, -0.26209855421505324)","(0.3594439366215148, -0.396345317982035)","(0.433148049822303, -0.8163514585486219)",0.008102399995550513
5.292058999999999,"(0.0, 0.0)","(0.03260149569990146, -0.002386385661306435)","(0.06733236340893721, -0.01006074403313636)","(0.10402710456564204, -0.023952671876605054)","(0.14251869260296493, -0.0453009556338076)","(0.182646877952581, -0.07586550530198576)","(0.22427587799406715, -0.11835119600273006)","(0.26733932756712225, -0.17736807038252128)","(0.3119855201473561, -0.26206348436999577)","(0.3592815599984535, -0.39631748977804465)","(0.4329090849005118, -0.8164661069913904)",0.00891480001155287
5.2980585,"(0.0, 0.0)","(0.032588020116565294, -0.002385796536465741)","(0.0673047372754385, -0.010058334012621925)","(0.10398461097691229, -0.023947133659629007)","(0.1424605424501264, -0.04529093012454104)","(0.18257215567236365, -0.07584965365796444)","(0.22418343457618364, -0.11832839781794297)","(0.26722754154094014, -0.1773379843646341)","(0.31185165678841814, -0.262028337606411)","(0.35911940209768217, -0.39628952455673566)","(0.4326705015080837, -0.8165805305231872)",0.009103199932724237
5.3040579999999995,"(0.0, 0.0)","(0.03257455906145119, -0.0023852071921459227)","(0.06727714062325967, -0.010055922887832391)","(0.1039421625840661, -0.023941592350173554)","(0.14240245442976687, -0.04528089778041005)","(0.1824975143522387, -0.07583378864284214)","(0.2240910938911266, -0.11830557515332245)","(0.26711588481788334, -0.17730785493059098)","(0.31171795789364354, -0.26199311430505245)","(0.3589574624121463, -0.39626142285011495)","(0.4324322986704985, -0.8166947298624788)",0.007562099955976009
5.310057499999999,"(0.0, 0.0)","(0.032561112510895836, -0.0023846176312863013)","(0.06724957340485833, -0.01005351067156445)","(0.10389975931391418, -0.023936047979658363)","(0.14234442843921546, -0.04527085866262273)","(0.18242295385332336, -0.07581791036202698)","(0.22399885575272802, -0.11828272817737825)","(0.2670043571463169, -0.1772776823369506)","(0.3115844231146057, -0.26195781484200886)","(0.35879574043534396, -0.39623318518279704)","(0.43219447541640016, -0.8168087057571529)",0.00856210000347346
5.316057,"(0.0, 0.0)","(0.032547680441077455, -0.002384027856777946)","(0.067222035572353, -0.010051097376407617)","(0.10385740109273835, -0.02393050057900056)","(0.14228646437509065, -0.04526081283141738)","(0.1823484740358714, -0.0758020189192668)","(0.2239067199738663, -0.11825985705596338)","(0.2668929582736725, -0.17724746683616205)","(0.31145105210216806, -0.2619224395870318)","(0.35863423566070785, -0.39620481206909364)","(0.43195703077748837, -0.8169224589183455)",0.007291999994777143
5.3220564999999995,"(0.0, 0.0)","(0.0325342628286139, -0.0023834378715552385)","(0.06719452707878316, -0.010048683015139169)","(0.1038150878482612, -0.023924950179578876)","(0.14222856213600638, -0.04525076034794027)","(0.18227407476271845, -0.07578611441990638)","(0.2238146863706127, -0.1182369619575869)","(0.2667816879512017, -0.17721720868502028)","(0.31131784451162114, -0.2618869889171502)","(0.35847294758655973, -0.3961763040366432)","(0.43171996378929123, -0.8170359900700991)",0.007314200047403574
5.328055999999999,"(0.0, 0.0)","(0.032520859649700334, -0.0023828476784641486)","(0.06716704787629277, -0.01004626760015598)","(0.10377281950680693, -0.02391939681184655)","(0.14217072161867023, -0.04524070127154402)","(0.18219975589431492, -0.07577019696620046)","(0.2237227547562518, -0.11821404304576752)","(0.26667054592712, -0.17718690813249513)","(0.31118479999526966, -0.26185146319706804)","(0.3583118757089541, -0.39614766159237585)","(0.43148327349001836, -0.8171492999428084)",0.007555900025181472
5.334055499999999,"(0.0, 0.0)","(0.032507470880992456, -0.002382257280397371)","(0.06713959791799061, -0.010043851144057371)","(0.10373059599620886, -0.02391384050675415)","(0.1421129427218797, -0.04523063566255875)","(0.18212551729381213, -0.07575426666212119)","(0.22363092494740386, -0.11819110048687614)","(0.2665595319536246, -0.17715656543221342)","(0.31105191821001793, -0.2618158627992664)","(0.3581510195289962, -0.3961188852574139)","(0.4312469589217061, -0.8172623892285346)",0.007916999980807304
5.3400549999999996,"(0.0, 0.0)","(0.03249409649904567, -0.002381666680208668)","(0.0671121771567689, -0.01004143365927565)","(0.10368841724396305, -0.023908281294847754)","(0.14205522534398377, -0.045220563580535306)","(0.18205135882383167, -0.0757383236103101)","(0.22353919676013537, -0.11816813444516323)","(0.2664486457824345, -0.17712618083454296)","(0.3109191988125476, -0.26178018809125253)","(0.35799037854818494, -0.39608997554492825)","(0.4310110191294681, -0.817375258661077)",0.007369099999777973
5.346054499999999,"(0.0, 0.0)","(0.0324807364804403, -0.0023810758807321798)","(0.06708478554556759, -0.01003901515815939)","(0.10364628317764134, -0.023902719206472023)","(0.14199756938345087, -0.04521048508464106)","(0.1819772803471876, -0.07572236791276464)","(0.22344757001082763, -0.11814514508387779)","(0.2663378871657865, -0.1770957545883731)","(0.310786641460392, -0.2617444394384259)","(0.35782995226944814, -0.39606093296511247)","(0.4307754531616463, -0.8174879089410054)",0.007747899973765016
5.352053999999999,"(0.0, 0.0)","(0.03246739080176967, -0.002380484884780624)","(0.0670574230373483, -0.010036595652965668)","(0.10360419372485026, -0.02389715427175129)","(0.1419399747388127, -0.04520040023362274)","(0.18190328172681489, -0.07570639967077344)","(0.22335604451609023, -0.11812213256516155)","(0.2662272558563346, -0.1770652869409457)","(0.31065424581182627, -0.26170861720380284)","(0.3576697401970325, -0.39603175802469576)","(0.4305402600697822, -0.8176003407807033)",0.007279900019057095
5.3580535,"(0.0, 0.0)","(0.03245405943976857, -0.002379893695165131)","(0.06703008958536584, -0.010034175155945572)","(0.10356214881365615, -0.02389158652079833)","(0.14188244130924757, -0.045190309086213104)","(0.1818293628265115, -0.0756904189856218)","(0.2232646200936548, -0.11809909705120031)","(0.2661167516081739, -0.1770347781396869)","(0.31052201152697395, -0.2616727217509682)","(0.35750974183757, -0.3960024512320745)","(0.43030543890877015, -0.817712554877168)",0.0074616000056266785
5.364052999999999,"(0.0, 0.0)","(0.032440742371127596, -0.002379302314666927)","(0.06700278514277701, -0.010031753679222098)","(0.10352014837197279, -0.02388601598341616)","(0.14182496899373925, -0.04518021170054996)","(0.18175552350986815, -0.07567442595758343)","(0.2231732965610848, -0.11807603870257759)","(0.2660063741753603, -0.17700422842958527)","(0.31038993826620437, -0.2616367534398479)","(0.3573499566985286, -0.39597301308995914)","(0.4300709887366034, -0.8178245519440236)",0.006967599969357252
5.370052499999999,"(0.0, 0.0)","(0.03242743957272685, -0.0023787107460731503)","(0.06697550966313211, -0.010029331234944587)","(0.10347819232833039, -0.023880442689475173)","(0.14176755769213356, -0.04517010813491074)","(0.18168176364161231, -0.07565842068719504)","(0.22308207373739466, -0.11805295768035477)","(0.265896123313767, -0.1769736380565039)","(0.310258025692139, -0.26160071263204654)","(0.3571903842901461, -0.39594344410465304)","(0.42983690861466195, -0.817936332659713)",0.007599900010973215
5.376052,"(0.0, 0.0)","(0.03241415102136406, -0.002378118992135407)","(0.06694826309980316, -0.010026907835109969)","(0.10343628061098123, -0.023874866668476522)","(0.14171020730390912, -0.04515999844686193)","(0.18160808308604343, -0.07564240327378009)","(0.22299095144116393, -0.11802985414366149)","(0.2657859987789213, -0.17694300726334175)","(0.3101262734673109, -0.26156459968465784)","(0.35703102412316784, -0.3959137447752842)","(0.42960319760734916, -0.8180478977370309)",0.007318100077100098
5.382051499999999,"(0.0, 0.0)","(0.032400876693895804, -0.002377527055591486)","(0.06692104540628102, -0.010024483491656421)","(0.10339441314836434, -0.02386928794978084)","(0.1416529177288161, -0.045149882693704554)","(0.18153448170784597, -0.07562637381622157)","(0.2228999294915171, -0.11800672825095612)","(0.26567600032712635, -0.17691233629204056)","(0.3099946812553768, -0.26152841495349805)","(0.35687187571001433, -0.39588391559942315)","(0.42936985478226053, -0.8181592478521379)",0.007475399994291365
5.388050999999999,"(0.0, 0.0)","(0.03238761656733535, -0.0023769349391803943)","(0.06689385653638151, -0.010022058216528212)","(0.10335258986942772, -0.02386370656276658)","(0.1415956888673184, -0.045139760932782526)","(0.1814609593726521, -0.07561033241349724)","(0.22280900770879988, -0.11798358016089956)","(0.2655661277162378, -0.1768816253849765)","(0.30986324872195503, -0.2614921587953485)","(0.3567129385655889, -0.3958539570769891)","(0.4291368792102961, -0.8182703837016326)",0.006442399928346276
5.3940505,"(0.0, 0.0)","(0.03237437061851768, -0.0023763426455912394)","(0.06686669644353956, -0.01001963202145518)","(0.10331081070252503, -0.023858122536291375)","(0.14153852061907776, -0.04512963322043325)","(0.18138751594511132, -0.07559427916285792)","(0.22271818591225453, -0.11796041002938087)","(0.2654563807029948, -0.17685087478021988)","(0.30973197553173865, -0.26145583156031016)","(0.3565542122044855, -0.39582386969692995)","(0.42890426996521763, -0.8183813059692313)",0.007265300024300814
5.400049999999999,"(0.0, 0.0)","(0.03236113882460006, -0.002375750177539913)","(0.0668395650818643, -0.010017204918283512)","(0.10326907557706431, -0.02385253589949998)","(0.1414814128852195, -0.045119499613561466)","(0.1813141512917753, -0.07557821416255915)","(0.22262746392349367, -0.11793721801397647)","(0.26534675904700566, -0.1768200847186401)","(0.30960086135280374, -0.26141943360326036)","(0.35639569614514927, -0.39579365395717464)","(0.42867202612427724, -0.8184920153419435)",0.007501699961721897
5.406049499999999,"(0.0, 0.0)","(0.03234792116263117, -0.0023751575377032592)","(0.06681246240523056, -0.010014776918691785)","(0.10322738442208872, -0.023846946681130524)","(0.14142436556638177, -0.04510936016828785)","(0.1812408652786137, -0.07556213750951542)","(0.22253684156350773, -0.11791400427011987)","(0.2652372625073132, -0.1767892554378021)","(0.3094699058528948, -0.2613829652740077)","(0.3562373899062844, -0.3957633103474827)","(0.42844014676765213, -0.8186025124974713)",0.007938300026580691
5.412049,"(0.0, 0.0)","(0.03233471760970053, -0.002374564728742057)","(0.06678538836759472, -0.010012348034290049)","(0.1031857371667691, -0.023841354909756706)","(0.1413673785633922, -0.04509921494042053)","(0.18116765777187543, -0.07554604930011811)","(0.2224463186537026, -0.11789076895243744)","(0.26512789084358523, -0.1767583871740926)","(0.3093391087007093, -0.26134642692071974)","(0.3560792930080932, -0.3957328393554062)","(0.42820863097862377, -0.8187127980996235)",0.007707400014624
5.418048499999999,"(0.0, 0.0)","(0.03232152814302995, -0.002373971753315104)","(0.06675834292318636, -0.010009918276680607)","(0.1031441337407048, -0.02383576061393603)","(0.14131045177768167, -0.045089063985744006)","(0.1810945286386155, -0.07552994963073735)","(0.22235589501653288, -0.11786751221556666)","(0.26501864381683915, -0.17672748016402495)","(0.30920846956668235, -0.26130981889202687)","(0.3559214049730322, -0.3957022414699619)","(0.4279774778436811, -0.8188228728339276)",0.007694200030528009
5.424047999999999,"(0.0, 0.0)","(0.03230835273984704, -0.0023733786140599546)","(0.06673132602624232, -0.010007487657374898)","(0.10310257407350684, -0.023830163822006898)","(0.14125358511071098, -0.04507890735962365)","(0.18102147774596483, -0.07551383859703496)","(0.2222655704746227, -0.11784423421303446)","(0.26490952118843414, -0.17669653464245072)","(0.3090779881218932, -0.2612731415341351)","(0.35576372532475237, -0.3956715171765904)","(0.4277466864523461, -0.818932737379542)",0.007015799987129867
5.4300475,"(0.0, 0.0)","(0.03229519137734012, -0.0023727853135861424)","(0.06670433763091173, -0.01000505618776426)","(0.10306105809465008, -0.02382456456201707)","(0.14119677846376785, -0.0450687451168663)","(0.18094850496087128, -0.07549771629372229)","(0.2221753448504529, -0.11782093509686149)","(0.26480052271971044, -0.176665550841927)","(0.30894766403767454, -0.2612363951898028)","(0.3556062535877196, -0.3956406669553672)","(0.4275162558971053, -0.8190423923936545)",0.008008399978280067
5.436046999999999,"(0.0, 0.0)","(0.032282044032851925, -0.002372191854504887)","(0.06667737769166376, -0.010002623879248055)","(0.10301958573411046, -0.023818962862036643)","(0.1411400317388423, -0.04505857731232999)","(0.18087561015121423, -0.07548158281561884)","(0.22208521796770353, -0.11779761501928965)","(0.26469164817352914, -0.17663452899547058)","(0.3088174969872781, -0.2611995802027856)","(0.3554489892888211, -0.3956096912887542)","(0.42728618527364226, -0.819151838539419)",0.009898799937218428
5.442046499999999,"(0.0, 0.0)","(0.03226891068378055, -0.002371598239414058)","(0.06665044616307926, -0.01000019074316882)","(0.102978156922039, -0.023813358749999642)","(0.14108334483817891, -0.04504840400061517)","(0.18080279318523446, -0.0754654382571158)","(0.22199518965056633, -0.11777427413190704)","(0.2645828973134831, -0.17660346933516166)","(0.3086874866450183, -0.26116269691558097)","(0.35529193195653735, -0.3955785906576636)","(0.4270564736806986, -0.8192610764836464)",0.010229900013655424
5.448046,"(0.0, 0.0)","(0.032255791307565555, -0.00237100447089619)","(0.06662354299982183, -0.009997756790803688)","(0.10293677158871685, -0.02380775225368296)","(0.141026717664215, -0.04503822523602376)","(0.18073005393145478, -0.07544928271210487)","(0.22190525972364963, -0.11775091258553064)","(0.26447426990378636, -0.1765723720919569)","(0.3085576326861525, -0.26112574566912533)","(0.3551350811208217, -0.3955473655409265)","(0.4268271202200445, -0.819370106879353)",0.007814699900336564
5.454045499999999,"(0.0, 0.0)","(0.0322426858815346, -0.0023704105514949923)","(0.06659666815631356, -0.009995322033263004)","(0.10289542966404847, -0.023802143400458765)","(0.14097015011888303, -0.04502804107207642)","(0.1806573922577917, -0.07543311627313999)","(0.22181542801090648, -0.11772753052883653)","(0.2643657657080449, -0.1765412374935039)","(0.3084279347855482, -0.2610887267992619)","(0.3549784363118105, -0.3955160164091189)","(0.42659812399627356, -0.8194789303890327)",0.008384200045838952
5.460044999999999,"(0.0, 0.0)","(0.03222959438330566, -0.002369816483777124)","(0.0665698215875837, -0.009992886481756887)","(0.10285413107888763, -0.023796532217945546)","(0.14091364210543453, -0.045017851562781284)","(0.1805848080338783, -0.07541693903364013)","(0.22172569433843362, -0.11770412811195818)","(0.264257384492466, -0.17651006576987854)","(0.3082983926211566, -0.2610516406460061)","(0.35482199706317935, -0.39548454374074166)","(0.42636948411729575, -0.8195875476672847)",0.008206099970266223
5.4660445,"(0.0, 0.0)","(0.03221651679031672, -0.0023692222702602485)","(0.06654300324827726, -0.009990450147284762)","(0.10281287576348845, -0.023790918733249723)","(0.1408571935263093, -0.04500765676115598)","(0.1805123011283499, -0.0754007510853226)","(0.22163605853120064, -0.11768070548229315)","(0.26414912602210566, -0.1764788571468972)","(0.308169005869949, -0.26101448754274215)","(0.35466576290821056, -0.3954529480033463)","(0.42614119969373504, -0.8196959593552869)",0.008193899993784726
5.4720439999999995,"(0.0, 0.0)","(0.03220345308031659, -0.0023686279134882654)","(0.06651621309368881, -0.009988013040959998)","(0.10277166364912117, -0.023785302973758665)","(0.14080080428535785, -0.044997456720772905)","(0.1804398714116744, -0.0753845525208867)","(0.22154652041646003, -0.11765726278888707)","(0.2640409900647799, -0.17644761185310776)","(0.30803977421214973, -0.2609772678275151)","(0.35450973338388553, -0.39542122967326315)","(0.4259132698395312, -0.8198041661152935)",0.007893000030890107
5.478043499999999,"(0.0, 0.0)","(0.032190403230780665, -0.0023680334159419873)","(0.06648945107853238, -0.00998557517362446)","(0.10273049466614845, -0.023779684966198998)","(0.14074447428519596, -0.04498725149392409)","(0.18036751875278306, -0.07536834343082614)","(0.22145707981968688, -0.11763380017722537)","(0.2639329763864059, -0.17641633011148242)","(0.3079106973261909, -0.26093998182960737)","(0.35435390802600236, -0.3953893892121373)","(0.4256856936711978, -0.8199121685836399)",0.007067900034599006
5.484043,"(0.0, 0.0)","(0.032177367219456694, -0.002367438780122748)","(0.0664627171580903, -0.009983136556209258)","(0.10268936874582238, -0.02377406473751789)","(0.14068820342967528, -0.04497704113333857)","(0.18029524302221678, -0.07535212390641176)","(0.2213677365683691, -0.11761031779410622)","(0.2638250847553504, -0.17638501214718919)","(0.3077817748934198, -0.2609026298820947)","(0.3541982863737255, -0.3953574270888715)","(0.4254584703084913, -0.8200199674056468)",0.006374699994921684
5.4900424999999995,"(0.0, 0.0)","(0.03216434502415824, -0.00236684400852094)","(0.06643601128777907, -0.009980697199598992)","(0.10264828581960532, -0.023768442314551476)","(0.14063199162294945, -0.04496682569153603)","(0.18022304409093642, -0.07533589403856877)","(0.2212784904905749, -0.1175868157858062)","(0.26371731494078415, -0.17635365818466506)","(0.3076530065963163, -0.2608652123171178)","(0.3540428679678611, -0.39532534377136236)","(0.4252315988741408, -0.8201275632162554)",0.010125600034371018
5.496041999999999,"(0.0, 0.0)","(0.03215133662255976, -0.0023662491035846517)","(0.06640933342271663, -0.00997825711449641)","(0.1026072458184933, -0.023762817723694003)","(0.1405758387685438, -0.04495660522018213)","(0.18015092182913775, -0.07531965391675687)","(0.22118934141352337, -0.11756329429624963)","(0.26360966671104247, -0.1763222684446957)","(0.30752439211671456, -0.26082772946115645)","(0.35388765234913366, -0.39529313971822855)","(0.42500507849358166, -0.8202349566502392)",0.008814000058919191
5.5020415,"(0.0, 0.0)","(0.03213834199254126, -0.002365654067772639)","(0.06638268351844982, -0.00997581631165096)","(0.10256624867415313, -0.02375719099145636)","(0.14051974477091886, -0.0449463797711768)","(0.18007887610824294, -0.07530340363086037)","(0.22110028916598398, -0.11753975347009692)","(0.2635021398363771, -0.17629084314934096)","(0.30739593113878433, -0.26079018164299345)","(0.35373263906106694, -0.39526081539273805)","(0.42477890829537157, -0.8203421483585731)",0.00682290003169328
5.5080409999999995,"(0.0, 0.0)","(0.03212536111194182, -0.00236505890351656)","(0.06635606153043361, -0.00997337480169585)","(0.1025252943181086, -0.023751562144067803)","(0.1404637095343512, -0.04493614939587803)","(0.18000690679947434, -0.07528714326983986)","(0.2210113335765579, -0.11751619345054082)","(0.263394734086984, -0.17625938251841913)","(0.307267623346892, -0.26075256918802775)","(0.3535778276479138, -0.39522837125285704)","(0.424553087410873, -0.8204491389519999)",0.008672700030729175
5.514040499999999,"(0.0, 0.0)","(0.03211239395867375, -0.0023644636132386285)","(0.06632946741427258, -0.009970932595224196)","(0.10248438268211779, -0.023745931207662076)","(0.14040773296345205, -0.04492591414546458)","(0.17993501377451543, -0.07527087292236197)","(0.22092247447447394, -0.11749261438033577)","(0.26328744923391495, -0.17622788677114723)","(0.3071394684265882, -0.2607148924209261)","(0.3534232176556089, -0.3951958077558863)","(0.4243276149743826, -0.8205559290729959)",0.008912599994800985
5.520039999999999,"(0.0, 0.0)","(0.03209944051071186, -0.0023638681993500567)","(0.0663029011256983, -0.009968489702782283)","(0.10244351369813776, -0.02374029820826092)","(0.14035181496311877, -0.04491567407090371)","(0.17986319690544844, -0.07525459267674321)","(0.2208337116895128, -0.11746901640170519)","(0.26318028504899177, -0.17619635612599444)","(0.30701146606451263, -0.26067715166538374)","(0.3532688086316732, -0.3951631253580394)","(0.4241024901231061, -0.8206625193465489)",0.009724000003188848
5.5260394999999995,"(0.0, 0.0)","(0.03208650074605768, -0.002363272664245607)","(0.06627636262049323, -0.009966046134846068)","(0.10240268729820533, -0.023734663171716585)","(0.1402959554383709, -0.04490542922283913)","(0.17979145606454547, -0.07523830262075533)","(0.22074504505175566, -0.11744539965602344)","(0.26307324130451504, -0.17616479080017208)","(0.30688361594807806, -0.26063934724330007)","(0.3531146001249086, -0.39513032451299834)","(0.42387771199710195, -0.8207689103955038)",0.008244100026786327
5.532038999999999,"(0.0, 0.0)","(0.032073574642805344, -0.0023626770103138757)","(0.06624985185463056, -0.009963601901865557)","(0.10236190341465626, -0.023729026123820295)","(0.14024015429465136, -0.04489517965180231)","(0.17971979112465186, -0.07522200284199212)","(0.22065647439204514, -0.11742176428441499)","(0.2629663177737945, -0.1761331910105905)","(0.30675591776604355, -0.2606014794763233)","(0.3529605916859477, -0.3950974056746156)","(0.4236532797393513, -0.8208751028374796)",0.008702000021003187
5.538038499999999,"(0.0, 0.0)","(0.03206066217899185, -0.0023620812399143504)","(0.06622336878395796, -0.009961157014165752)","(0.10232116197962994, -0.023723387090060135)","(0.1401844114371452, -0.04488492540774046)","(0.17964820195831865, -0.07520569342704932)","(0.22056799954093975, -0.11739811042641365)","(0.2628595142299467, -0.17610155697171778)","(0.3066283712072109, -0.2605635486823854)","(0.35280678286599154, -0.39506436929083993)","(0.4234291924955623, -0.8209810972908642)",0.008349500014446676
5.544038,"(0.0, 0.0)","(0.032047763332738, -0.0023614853553991346)","(0.06619691336449467, -0.009958711482040432)","(0.10228046292553451, -0.023717746095850197)","(0.14012872677141938, -0.044874666540463265)","(0.17957668843861663, -0.07518937446230044)","(0.22047962032969454, -0.11737443822123007)","(0.26275283044702114, -0.17606988889760253)","(0.30650097596164333, -0.26052555517897363)","(0.352653173217986, -0.3950312158094424)","(0.4232054494143318, -0.8210868943776406)",0.007476500002667308
5.550037499999999,"(0.0, 0.0)","(0.032034878082341046, -0.002360889359127239)","(0.06617048555262707, -0.009956265315813796)","(0.1022398061853524, -0.023712103166681216)","(0.1400731002038427, -0.044864403099936334)","(0.17950525043967175, -0.07517304603440678)","(0.22039133659090585, -0.11735074780858583)","(0.26264626620073966, -0.17603818700320484)","(0.3063737317214657, -0.2604874992852841)","(0.35249976229739555, -0.39499794568179797)","(0.4229820496472456, -0.8211924946917702)",0.007242899970151484
5.556036999999999,"(0.0, 0.0)","(0.032022006405935374, -0.0023602932534126657)","(0.06614408530439342, -0.009953818525616429)","(0.1021991916915222, -0.023706458327573107)","(0.14001753164004774, -0.04485413513521387)","(0.17943388783470518, -0.07515670822846258)","(0.22030314815614946, -0.11732703932568056)","(0.26253982126578324, -0.17600645149955327)","(0.30624663817792375, -0.2604493813143811)","(0.35234654965935297, -0.39496455934912916)","(0.42275899234845415, -0.8212978988702971)",0.007698399946093559
5.5620365,"(0.0, 0.0)","(0.03200914828184858, -0.002359697040579067)","(0.0661177125762343, -0.009951371121621155)","(0.10215861937711139, -0.023700811603651166)","(0.13996202098654428, -0.044843862695562176)","(0.1793626004980888, -0.07514036112994706)","(0.22021505485845663, -0.11730331291038278)","(0.2624334954186361, -0.17597468259883983)","(0.3061196950244643, -0.26041120158144265)","(0.3521935348616395, -0.39493105725696354)","(0.4225362766750944, -0.8214031074995285)",0.008821800001896918
5.568035999999999,"(0.0, 0.0)","(0.03199630368841649, -0.002359100722931485)","(0.06609136732460277, -0.009948923113921107)","(0.10211808917520747, -0.023695163019848198)","(0.13990656814988134, -0.04483358582987857)","(0.17929138830427757, -0.07512400482371472)","(0.22012705653102763, -0.11727956869957906)","(0.262327288436106, -0.17594288051178208)","(0.3059929019551311, -0.260372960399491)","(0.3520407174631301, -0.3948974398476452)","(0.42231390178705364, -0.8215081212070865)",0.008035899954847991
5.574035499999999,"(0.0, 0.0)","(0.031983472603842066, -0.0023585043027347825)","(0.06606504950566675, -0.009946474512436562)","(0.1020776010184519, -0.023689512600676817)","(0.13985117303600628, -0.04482330458624749)","(0.1792202511269921, -0.07510763939322362)","(0.22003915300624607, -0.11725580682791167)","(0.26222120009419314, -0.1759110454456075)","(0.3058662586633377, -0.2603346580761225)","(0.3518880970226019, -0.39486370755458705)","(0.42209186684678746, -0.8216129405655546)",0.009689499973319471
5.580035,"(0.0, 0.0)","(0.03197065500678184, -0.002357907782303699)","(0.06603875907654572, -0.009944025327303688)","(0.10203715484097488, -0.0236838603711794)","(0.1397958355529254, -0.04481301901379264)","(0.17914918884260927, -0.07509126492375406)","(0.21995134411976522, -0.11723202743304163)","(0.262115230172781, -0.17587917761245747)","(0.305739764846951, -0.26029629492712325)","(0.35173567310365605, -0.3948298608261732)","(0.4218701710200176, -0.821717566203253)",0.0074130999855697155
5.586034499999999,"(0.0, 0.0)","(0.03195785087557779, -0.002357311163885115)","(0.06601249599369106, -0.009941575568366334)","(0.10199675057586172, -0.02367820635568611)","(0.13974055560721976, -0.04480272916025533)","(0.17907820132572203, -0.0750748814981999)","(0.2198636297051559, -0.11720823064876633)","(0.2620093784494906, -0.17584727721839574)","(0.30561342020162763, -0.26025787125865957)","(0.35158344526826213, -0.3947959000944893)","(0.4216488134747926, -0.8218219987042128)",0.009594299946911633
5.592033999999999,"(0.0, 0.0)","(0.03194506018867063, -0.002356714449721506)","(0.06598626021375734, -0.009939125245449912)","(0.10195638815651528, -0.023672550578484153)","(0.13968533310591863, -0.04479243507329926)","(0.17900728845152686, -0.07505848919933616)","(0.21977600959678323, -0.11718441660872665)","(0.26190364470298305, -0.17581534446932784)","(0.30548722442439363, -0.26021938737686656)","(0.3514314130802219, -0.3947618257921515)","(0.4214277933819761, -0.8219262386649075)",0.007664599921554327
5.5980335,"(0.0, 0.0)","(0.031932282924673545, -0.0023561176420623894)","(0.06596005169375818, -0.009936674368410793)","(0.10191606751690029, -0.023666893063938533)","(0.13963016795683555, -0.0447821368007461)","(0.17893645009625125, -0.07504208811022793)","(0.21968848363032276, -0.11716058544707646)","(0.26179802871355123, -0.1757833795720701)","(0.3053611772142848, -0.26018084358958093)","(0.35127957610578786, -0.3947276383553495)","(0.42120710991532395, -0.8220302866819934)",0.007688899990171194
5.604032999999999,"(0.0, 0.0)","(0.03191951906216605, -0.002355520743132721)","(0.06593387039063094, -0.009934222946999902)","(0.10187578859086249, -0.023661233836158677)","(0.13957506006763137, -0.044771834389925116)","(0.17886568613596004, -0.07502567831310035)","(0.21960105164132035, -0.11713673729663382)","(0.26169253026146577, -0.1757513827313958)","(0.3052352782705522, -0.26014224020155163)","(0.35112793391192443, -0.39469333821543473)","(0.42098676225122506, -0.8221341433380702)",0.00798290001694113
5.610032499999999,"(0.0, 0.0)","(0.03190676857981495, -0.0023549237551516106)","(0.06590771626149258, -0.009931770990943483)","(0.10183555131252815, -0.02365557291919573)","(0.13952000934636474, -0.04476152788805815)","(0.17879499644725652, -0.07500925989000733)","(0.21951371346603718, -0.11711287228997425)","(0.2615871491279452, -0.17571935415178172)","(0.30510952729371293, -0.26010357751726987)","(0.35097648606732135, -0.3946589258038862)","(0.4207667495688357, -0.822237809224865)",0.007273899973370135
5.616032,"(0.0, 0.0)","(0.031894031456134814, -0.002354326680295618)","(0.06588158926313414, -0.00992931850978465)","(0.10179535561551412, -0.023649910336655283)","(0.13946501570040426, -0.044751217341504106)","(0.17872438090589632, -0.07499283292151829)","(0.2194264689397782, -0.11708899055728224)","(0.2614818850932351, -0.17568729403397418)","(0.30498392398346624, -0.2600648558353998)","(0.3508252321403738, -0.3946244015425154)","(0.420547071049783, -0.8223412849327977)",0.008103700005449355
5.622031499999999,"(0.0, 0.0)","(0.031881307670189145, -0.002353729520806375)","(0.06585548935349883, -0.00992686551334797)","(0.10175520143523929, -0.023644246112832994)","(0.13941007903960861, -0.0447409027979736)","(0.17865383939083895, -0.07497639749056763)","(0.2193393179017776, -0.11706509223264878)","(0.2613767379422183, -0.17565520258505093)","(0.30485846804477684, -0.2600260754650939)","(0.3506741717050761, -0.3945897658721614)","(0.42032772587898853, -0.8224445710374737)",0.007536799996159971
5.628030999999999,"(0.0, 0.0)","(0.03186859720030981, -0.002353132278794321)","(0.06582941648898347, -0.009924412010892215)","(0.1017150887047035, -0.023638580270643424)","(0.1393551992705199, -0.04473058430248983)","(0.1785833717768492, -0.07495995367543333)","(0.2192522601862761, -0.11704117744258369)","(0.26127170745416756, -0.1756230800000645)","(0.3047331591767596, -0.25998723669622226)","(0.35052330433024514, -0.39455501920031577)","(0.42010871324313526, -0.8225476681238738)",0.010491000022739172
5.6340305,"(0.0, 0.0)","(0.031855900025605954, -0.0023525349564701373)","(0.06580337062761779, -0.00992195801210941)","(0.10167501735946108, -0.023632912834062318)","(0.13930037630320505, -0.04472026190215131)","(0.17851297794321414, -0.07494350155801613)","(0.2191652956330329, -0.1170172463195609)","(0.2611667934148167, -0.1755909264836863)","(0.30460799708577146, -0.259948339834474)","(0.35037262959220905, -0.3945201619628754)","(0.4198900323324484, -0.8226505767717903)",0.013834699988365173
5.640029999999999,"(0.0, 0.0)","(0.03184321612484611, -0.002351937555973425)","(0.0657773517267091, -0.00991950352638527)","(0.10163498733393608, -0.023627243826318572)","(0.13924561004618724, -0.04470993564260586)","(0.1784426577672845, -0.07492704121771003)","(0.21907842407953654, -0.11699329899198914)","(0.2610619956074152, -0.17555874223417972)","(0.3044829814757074, -0.25990938517536216)","(0.35022214706539895, -0.3944851945784041)","(0.4196716823393587, -0.8227532975447367)",0.00929570000153035
5.646029499999999,"(0.0, 0.0)","(0.03183054547686728, -0.002351340079435516)","(0.06575135974370426, -0.009917048563070314)","(0.10159499856277074, -0.02362157327055703)","(0.13919090040830046, -0.044699605569343194)","(0.1783724111268376, -0.07491057273364876)","(0.21899164536385432, -0.11696933558788788)","(0.26095731381599946, -0.17552652744927258)","(0.304358112051548, -0.2598703730137471)","(0.35007185632578514, -0.3944501174648827)","(0.41945366245897675, -0.8228558310322875)",0.009653600049205124
5.652029,"(0.0, 0.0)","(0.0318178880606915, -0.00235074252899744)","(0.06572539463643548, -0.009914593131557462)","(0.10155505098121015, -0.02361590119002814)","(0.1391362472992187, -0.04468927172806463)","(0.17830223790075161, -0.074894096185349)","(0.21890495932544493, -0.11694535623593909)","(0.2608527478263261, -0.1754942823278391)","(0.3042333885203706, -0.25983130364656415)","(0.3499217569518555, -0.3944149310445126)","(0.4192359718892197, -0.8229581777861508)",0.00996659998781979
5.6580284999999995,"(0.0, 0.0)","(0.03180524385525451, -0.00235014490676839)","(0.0656994563625483, -0.009912137241102676)","(0.10151514452420712, -0.023610227607649453)","(0.1390816506282246, -0.04467893416382799)","(0.17823213796743628, -0.07487761165122309)","(0.21881836580326577, -0.11692136106305341)","(0.26074829742369743, -0.1754620070660084)","(0.30410881058898936, -0.25979217736650984)","(0.3497718485223259, -0.39437963573259555)","(0.41901860983048034, -0.8230603384014455)",0.008408699999563396
5.664027999999999,"(0.0, 0.0)","(0.03179261283959266, -0.0023495472148544446)","(0.06567354487989546, -0.009909680900948984)","(0.10147527912703849, -0.023604552546308853)","(0.13902711030505713, -0.044668592921638724)","(0.17816211120591302, -0.07486111920960703)","(0.21873186463707506, -0.11689735019605235)","(0.2606439623944559, -0.1754297018598528)","(0.303984377965576, -0.25975299446640093)","(0.3496221306177096, -0.3943442319452082)","(0.41880157548583713, -0.8231623134148093)",0.008578700013458729
5.6700275,"(0.0, 0.0)","(0.03177999499267979, -0.0023489494553336817)","(0.06564766014619366, -0.009907224120219018)","(0.10143545472476805, -0.023598876028601754)","(0.1389726262391728, -0.044658248045937446)","(0.17809215749487275, -0.07484461893786909)","(0.2186454556662955, -0.11687332376020863)","(0.26053974252467915, -0.17539736690305385)","(0.30386009035824196, -0.25971375523538587)","(0.3494726028189389, -0.39430872009252094)","(0.4185848680608527, -0.8232641034171325)",0.0077951999846845865
5.6760269999999995,"(0.0, 0.0)","(0.03176739029387168, -0.0023483516303243607)","(0.06562180211995924, -0.009904766908209378)","(0.1013956712537105, -0.02359319807755076)","(0.13891819834175903, -0.044647899582003665)","(0.1780222767152428, -0.07482811091485063)","(0.21855913873310942, -0.11684928188324147)","(0.2604356376037347, -0.17536500239329067)","(0.3037359474788954, -0.2596744599693147)","(0.3493232647111072, -0.39427310059707976)","(0.41836848676408234, -0.823365708951972)",0.00808199995663017
5.682026499999999,"(0.0, 0.0)","(0.03175479872199404, -0.0023477537418451866)","(0.06559597075858725, -0.009902309273787333)","(0.10135592864842614, -0.023587518715130693)","(0.13886382652160062, -0.04463754757307838)","(0.17795246874491713, -0.07481159521586248)","(0.21847291367610322, -0.1168252246871262)","(0.26033164741697756, -0.17533260851914104)","(0.303611949035316, -0.2596351089494714)","(0.3491741158757757, -0.3942373738563033)","(0.41815243080599845, -0.8234671305742762)",0.007383799995295703
5.688026,"(0.0, 0.0)","(0.03174222025648399, -0.0023471557919904277)","(0.06557016602075637, -0.009899851226146852)","(0.10131622684548314, -0.02358183796411699)","(0.13880951069025446, -0.04462719206396987)","(0.1778827334653529, -0.07479507191895508)","(0.21838678033822262, -0.11680115229835708)","(0.26022777175488965, -0.17530018547649412)","(0.30348809474107147, -0.2595957024692201)","(0.34902515590059446, -0.3942015402894685)","(0.41793669940031325, -0.8235683688518135)",0.00813969993032515
5.6940254999999995,"(0.0, 0.0)","(0.03172965487652804, -0.0023465577827978057)","(0.0655443878646127, -0.009897392774238255)","(0.10127656578061633, -0.023576155846691135)","(0.13875525075814155, -0.04461683309833324)","(0.1778130707565883, -0.07477854110018758)","(0.21830073856076354, -0.11677706484020342)","(0.26012401040617555, -0.17526773345616495)","(0.3033643843080244, -0.25955624081389467)","(0.3488763843720295, -0.3941656003022425)","(0.4177212917629617, -0.823669424340407)",0.00822580000385642
5.700024999999999,"(0.0, 0.0)","(0.03171710256135702, -0.0023459597162937464)","(0.06551863624839058, -0.009894933926963553)","(0.10123694538969824, -0.023570472384918363)","(0.13870104663588229, -0.044606470719602026)","(0.1777434804989449, -0.07476200283524768)","(0.2182147881854252, -0.11675296243536064)","(0.2600203631601201, -0.17523525264813347)","(0.3032408174488897, -0.25951672426767947)","(0.34872780087784183, -0.394129554298813)","(0.41750620711243674, -0.823770297591228)",0.008237799978815019
5.706024499999999,"(0.0, 0.0)","(0.031704563290349826, -0.002345361594509492)","(0.06549291113063244, -0.009892474693245994)","(0.10119736560908327, -0.023564787600917597)","(0.1386468982347702, -0.04459610497131991)","(0.1776739625736311, -0.07474545720002851)","(0.21812892905503742, -0.1167288452068944)","(0.25991682980742425, -0.17520274324305474)","(0.3031173938781407, -0.25947715311606195)","(0.3485794050079656, -0.39409340268621673)","(0.4172914446698985, -0.8238709891470692)",0.00792649993672967
5.7120239999999995,"(0.0, 0.0)","(0.03169203704281315, -0.002344763419447252)","(0.06546721246972334, -0.009890015081883937)","(0.10115782637487918, -0.02355910151650415)","(0.13859280546576946, -0.044585735896443525)","(0.1776045168614642, -0.07472890426941595)","(0.218043161012019, -0.11670471327625526)","(0.25981341013843284, -0.1751702054290825)","(0.3029941133100843, -0.25943752764067096)","(0.34843119635263803, -0.39405714586522506)","(0.41707700365890854, -0.823971499558982)",0.011190799996256828
5.718023499999999,"(0.0, 0.0)","(0.031679523798159394, -0.00234416519310767)","(0.06544154022426671, -0.009887555101669424)","(0.1011183276235352, -0.023553414153479686)","(0.1385387682403239, -0.044575363537908)","(0.17753514324390163, -0.07471234411827206)","(0.21795748389962108, -0.11668056676488828)","(0.25971010394456245, -0.17513763939444257)","(0.3028709754604112, -0.2593978481234574)","(0.34828317450390134, -0.39402078423772224)","(0.41686288330562693, -0.8240718293739576)",0.008032599929720163
5.724022999999999,"(0.0, 0.0)","(0.03166702353586728, -0.0023435669174838294)","(0.06541589435300123, -0.0098850947613623)","(0.10107886929171164, -0.02354772553356882)","(0.13848478647017792, -0.044564987938503414)","(0.17746584160281204, -0.07469577682122022)","(0.21787189756165146, -0.11665640579388105)","(0.25960691101798494, -0.17510504532687124)","(0.3027479800458496, -0.2593581148457793)","(0.34813533905526517, -0.3939843182050876)","(0.4166490828387552, -0.8241719791312739)",0.007992999977432191
5.7300225,"(0.0, 0.0)","(0.03165453623539974, -0.002342968594548735)","(0.06539027481462768, -0.009882634069636138)","(0.10103945131600954, -0.02354203567828693)","(0.13843086006700372, -0.04455460914061674)","(0.17739661182000072, -0.07467920245219609)","(0.21778640184190076, -0.11663223048322825)","(0.2595038311509662, -0.1750724234124359)","(0.3026251267834479, -0.2593183280864863)","(0.34798768960100945, -0.3939477481648108)","(0.41643560148943254, -0.8242719493872398)",0.0077812999952584505
5.736021999999999,"(0.0, 0.0)","(0.03164206187636947, -0.0023423702262807843)","(0.06536468156815785, -0.009880173035188228)","(0.10100007363351585, -0.023536344609209177)","(0.13837698894315223, -0.04454422718675664)","(0.17732745377816592, -0.07466262108536036)","(0.21770099658529668, -0.11660804095332611)","(0.25940086413719377, -0.17503977383792768)","(0.3025024153920141, -0.2592784881258049)","(0.3478402257375784, -0.393911074517355)","(0.4162224384914156, -0.8243717406455675)",0.008561299997381866
5.742021499999999,"(0.0, 0.0)","(0.03162960043821438, -0.0023417718146140254)","(0.06533911457223035, -0.009877711666524791)","(0.10096073618073338, -0.023530652347445027)","(0.13832317301018016, -0.044533842118528226)","(0.17725836735902156, -0.07464603279331514)","(0.21761568163563835, -0.11658383732205098)","(0.25929800976917083, -0.1750070967861846)","(0.30237984558928643, -0.2592385952377366)","(0.3476929470608312, -0.3938742976527127)","(0.416009593080697, -0.8244713534958612)",0.008211499894969165
5.748021,"(0.0, 0.0)","(0.03161715190065868, -0.0023411733615090334)","(0.06531357378608285, -0.009875249972267006)","(0.10092143889510202, -0.02352495891438686)","(0.1382694121809431, -0.04452345397809362)","(0.17718935244596506, -0.07462943764964468)","(0.217530456838815, -0.11655961970892051)","(0.2591952678419159, -0.1749743924427505)","(0.30225741709594817, -0.2591986497008813)","(0.3475458531699411, -0.3938374179695454)","(0.41579706449602305, -0.824570788413206)",0.006764100049622357
5.754020499999999,"(0.0, 0.0)","(0.031604716243259605, -0.0023405748688833934)","(0.06528805916859656, -0.009872787960850827)","(0.10088218171350326, -0.023519264330975665)","(0.13821570636753797, -0.04451306280673908)","(0.17712040892145434, -0.07461283572642267)","(0.2174453220396407, -0.1165353882310103)","(0.2590926381493243, -0.17494166098934036)","(0.30213512963167694, -0.2591586517878111)","(0.3473989436635538, -0.39380043585638325)","(0.4155848519783662, -0.8246700459698175)",0.00865410000551492
5.760019999999999,"(0.0, 0.0)","(0.0315922934458828, -0.002339976338684759)","(0.06526257067929833, -0.009870325640842472)","(0.10084296457382852, -0.023513568618472674)","(0.13816205548346067, -0.044502668646380764)","(0.17705153666975845, -0.0745962270968316)","(0.21736027708517328, -0.11651114300724438)","(0.25899012048798176, -0.17490890261070605)","(0.3020129829192847, -0.2591186017762362)","(0.34725221814380924, -0.39376335171138144)","(0.4153729547714567, -0.824769126681204)",0.008793700020760298
5.7660195,"(0.0, 0.0)","(0.031579883488144445, -0.0023393777728052383)","(0.06523710827718401, -0.00986786302056868)","(0.10080378741313803, -0.023507871797555056)","(0.13810845944107292, -0.04449227153779993)","(0.17698273557372754, -0.07457961183209226)","(0.21727532182081613, -0.11648688415336562)","(0.25888771465268395, -0.17487611748658516)","(0.30189097667985104, -0.2590784999359074)","(0.34710567621161065, -0.3937261659191383)","(0.41516137212113796, -0.8248680310893807)",0.008131500100716949
5.772018999999999,"(0.0, 0.0)","(0.03156748634981937, -0.0023387791731442017)","(0.06521167192157996, -0.009865400108387958)","(0.10076465016900854, -0.023502173888979287)","(0.13805491815345647, -0.04448187152193742)","(0.1769140055171569, -0.0745629900037159)","(0.21719045609317147, -0.11646261178562411)","(0.25878542043971503, -0.17484330579760501)","(0.3017691106362826, -0.25903834653821783)","(0.3469593174700811, -0.39368887886768594)","(0.41495010327582205, -0.8249667596972352)",0.00768349994905293
5.778018499999999,"(0.0, 0.0)","(0.031555102010795484, -0.0023381805416012856)","(0.06518626157204603, -0.009862936912660365)","(0.10072555277938179, -0.023496474913507162)","(0.13800143153420447, -0.04447146863974939)","(0.17684534638452104, -0.07454636168325308)","(0.2171056797497176, -0.11643832602036576)","(0.2586832376464765, -0.17481046772462347)","(0.30164738451291, -0.25899814185513204)","(0.3468131415241703, -0.3936514909465927)","(0.41473914748642665, -0.8250653130423296)",0.008174099959433079
5.784018,"(0.0, 0.0)","(0.031542730450888304, -0.002337581880048034)","(0.06516087718798487, -0.009860473441625005)","(0.10068649518195312, -0.023490774891606322)","(0.13794799949658035, -0.044461062931622504)","(0.17677675805990095, -0.07452972694127608)","(0.21702099263751543, -0.11641402697236534)","(0.25858116607000003, -0.17477760344605972)","(0.3015257980338701, -0.25895788615483895)","(0.34666714797908094, -0.39361400253926626)","(0.4145285040061562, -0.8251636916464892)",0.007746899966150522
5.790017499999999,"(0.0, 0.0)","(0.03153037164995122, -0.0023369831903448813)","(0.0651355187288747, -0.009858009703473412)","(0.10064747731453537, -0.023485073843629523)","(0.13789462195401833, -0.04445065443772403)","(0.1767082404276219, -0.07451308584798776)","(0.21693639460397757, -0.11638971475582341)","(0.2584792055078303, -0.1747447131394894)","(0.30140435092406553, -0.25891757970434887)","(0.3465213364411982, -0.3935764140275438)","(0.4143181720906178, -0.8252618960155974)",0.008326999959535897
5.796016999999999,"(0.0, 0.0)","(0.03151802558816544, -0.0023363844743857992)","(0.06511018615488044, -0.009855545706542321)","(0.10060849911601584, -0.023479371790286266)","(0.13784129882144033, -0.044440243198922195)","(0.17663979337393262, -0.07449643847482337)","(0.2168518854988942, -0.1163653894869906)","(0.2583773557603543, -0.17471179698584732)","(0.3012830429116938, -0.25887722277633235)","(0.3463757065205482, -0.3935387258038182)","(0.4141081509981361, -0.8253599266846743)",0.008168000029399991
5.8020165,"(0.0, 0.0)","(0.03150569224520368, -0.002335785733969807)","(0.06508487942508986, -0.009853081458758768)","(0.10056956052359528, -0.02347366875128544)","(0.13778803001145612, -0.04442982925413688)","(0.17657141678216035, -0.07447978488983993)","(0.21676746516858594, -0.11634105127661284)","(0.2582756166240781, -0.17467885515732798)","(0.3011618737209415, -0.2588368156294227)","(0.34623025782369266, -0.3935009382361173)","(0.4138984399888055, -0.8254577841612012)",0.0073096000123769045
5.808015999999999,"(0.0, 0.0)","(0.031493371601323074, -0.002335186970969061)","(0.06505959849981888, -0.009850616968366014)","(0.10053066147639621, -0.02346796474711094)","(0.13773481543932953, -0.04441941264380528)","(0.17650311053904236, -0.07446312516374695)","(0.21668313346354479, -0.11631670023981301)","(0.2581739879004117, -0.17464588783321117)","(0.3010408430815286, -0.25879635853397853)","(0.3460849899630061, -0.39346305171376983)","(0.41368903832570725, -0.8255554689549888)",0.007394700078293681
5.814015499999999,"(0.0, 0.0)","(0.03148106363646403, -0.0023345881871903945)","(0.065034343338711, -0.009848152243325576)","(0.10049180191248805, -0.023462259797558987)","(0.1376816550188835, -0.04440899340702683)","(0.17643487452950524, -0.0744464593649383)","(0.21659889023213305, -0.11629233648794966)","(0.25807246938842304, -0.17461289518682158)","(0.3009199507208345, -0.25875585175085214)","(0.34593990254902, -0.393425066609766)","(0.41347994527388926, -0.8256529815800558)",0.007611500099301338
5.820015,"(0.0, 0.0)","(0.0314687683307617, -0.002333989384453988)","(0.06500911390181566, -0.00984568729165695)","(0.10045298177057493, -0.023456553922569116)","(0.13762854866482363, -0.044398571583185345)","(0.17636670863962653, -0.07442978756231443)","(0.21651473532415758, -0.11626796013324156)","(0.2579710608889478, -0.17457987739293582)","(0.3007991963683626, -0.25871529554344874)","(0.34579499519475965, -0.39338698330213173)","(0.41327116010093023, -0.82575032254411)",0.007849400048144162
5.826014499999999,"(0.0, 0.0)","(0.03145648566447337, -0.0023333905645823378)","(0.06498391014943575, -0.009843222121390015)","(0.10041420098975719, -0.02345084714210773)","(0.1375754962924095, -0.04438814721172143)","(0.17629861275621636, -0.07441310982488689)","(0.21643066859036456, -0.11624357128811956)","(0.257869762204008, -0.1745468346267448)","(0.300678579755108, -0.25867469017603595)","(0.3456502675151299, -0.3933488021709373)","(0.413062682076848, -0.8258474923557613)",0.009971399907954037
5.832013999999999,"(0.0, 0.0)","(0.03144421561762956, -0.002332791729346626)","(0.06495873204139106, -0.009840756740333342)","(0.10037545950837838, -0.023445139475601274)","(0.1375224978158677, -0.044377720331026264)","(0.1762305867647933, -0.07439642621985247)","(0.21634668987999572, -0.11621917006206998)","(0.25776857313400114, -0.17451376705879432)","(0.30055810061050137, -0.25863403590550255)","(0.34550571912394, -0.3933105235836659)","(0.41285451047370214, -0.825944491515369)",0.008522100048139691
5.8380135,"(0.0, 0.0)","(0.03143195817057442, -0.0023321928805498998)","(0.06493357953815847, -0.009838291156433499)","(0.10033675726580986, -0.02343943094281523)","(0.1374695531508482, -0.04436729098015717)","(0.17616263055271633, -0.07437973681557918)","(0.2162627990445693, -0.116194756566528)","(0.2576674934820476, -0.17448067486282673)","(0.30043775866713346, -0.2585933329941293)","(0.345361349638497, -0.39327214791787735)","(0.4126466445661863, -0.8260413205321866)",0.008508400060236454
5.8440129999999995,"(0.0, 0.0)","(0.03141971330344494, -0.002331594019947092)","(0.06490845259977368, -0.009835825377429545)","(0.10029809420073188, -0.02343372156300888)","(0.13741666221205812, -0.04435685919718773)","(0.17609474400616767, -0.07436304167873431)","(0.2161789959342368, -0.1161703309101707)","(0.2575665230498005, -0.17444755820823601)","(0.3003175536561997, -0.25855258169729844)","(0.3452171586751734, -0.39323367553938815)","(0.41243908363104076, -0.8261379799070232)",0.007013100082986057
5.850012499999999,"(0.0, 0.0)","(0.03140748099670565, -0.002330995149327237)","(0.06488335118695827, -0.009833359411208201)","(0.1002594702528975, -0.023428011355804114)","(0.13736382491568996, -0.04434642502090365)","(0.17602692701324896, -0.07434634087723642)","(0.21609528040152093, -0.11614589320375539)","(0.2574656616417442, -0.17441441726782284)","(0.30019748531217183, -0.25851178227612687)","(0.34507314585394966, -0.3931951068247016)","(0.41223182694763477, -0.8262344701283623)",0.007389200036413968
5.856012,"(0.0, 0.0)","(0.03139526123064637, -0.0023303962704363914)","(0.0648582752600613, -0.009830893265470856)","(0.10022088536147604, -0.023422300340370825)","(0.13731104117714088, -0.04433598848921264)","(0.17595917946107278, -0.07432963447748728)","(0.21601165229780417, -0.11612144355558171)","(0.2573649090611555, -0.1743812522105208)","(0.30007755336840625, -0.2584709349856132)","(0.34492931079414024, -0.39315644213995643)","(0.4120248737974029, -0.8263307917010444)",0.007251500035636127
5.8620114999999995,"(0.0, 0.0)","(0.031383053985723566, -0.0023297973850301486)","(0.06483322477977872, -0.009828426947960428)","(0.10018233946617917, -0.02341658853598189)","(0.1372583109125633, -0.04432554964022771)","(0.17589150123773958, -0.07431292254625732)","(0.2159281114757148, -0.11609698207458254)","(0.25726426511284683, -0.1743480632063498)","(0.29995775756012644, -0.2584300400827093)","(0.3447856531172934, -0.3931176818552612)","(0.4118182234642123, -0.8264269451109219)",0.008468699990771711
5.868010999999999,"(0.0, 0.0)","(0.03137085924217341, -0.0023291984948142098)","(0.06480819970633733, -0.009825960466204639)","(0.10014383250598351, -0.023410875961385042)","(0.1372056340371059, -0.04431510851104076)","(0.17582389223009498, -0.0742962051485508)","(0.2158446577864194, -0.11607250886682384)","(0.25716372960005185, -0.1743148504208045)","(0.29983809762103486, -0.25838909781717123)","(0.3446421724438928, -0.3930788263284305)","(0.41161187523392856, -0.8265229308642886)",0.007620199932716787
5.874010499999999,"(0.0, 0.0)","(0.03135867698058328, -0.002328599601532316)","(0.06478320000070018, -0.009823493827895845)","(0.10010536442101725, -0.023405162635732155)","(0.13715301046751083, -0.04430466513953695)","(0.17575635232704115, -0.07427948235076415)","(0.21576129108362024, -0.11604802404068214)","(0.2570633023290232, -0.1742816140231544)","(0.29971857328831136, -0.2583481084450891)","(0.3444988683982195, -0.39303987592903294)","(0.411405828395035, -0.8266187494403539)",0.008145299972966313
5.8800099999999995,"(0.0, 0.0)","(0.03134650718160044, -0.002328000706921595)","(0.06475822562395257, -0.009821027040698146)","(0.10006693515159949, -0.023399448578107312)","(0.1371004401207912, -0.04429421956347326)","(0.17568888141785083, -0.07426275421908186)","(0.2156780112215196, -0.116023527704215)","(0.25696298310669036, -0.1742483541822281)","(0.29959918430006655, -0.25830707222201577)","(0.3443557406058733, -0.3930008310261825)","(0.4112000822383018, -0.8267144013482959)",0.008124300045892596
5.886009499999999,"(0.0, 0.0)","(0.03133434982552088, -0.002327401812649285)","(0.06473327653643406, -0.009818560111974045)","(0.10002854463688093, -0.02339373380685799)","(0.13704792291236018, -0.04428377181917254)","(0.17562147938977996, -0.07424602081720263)","(0.21559481805193723, -0.11599901996143196)","(0.256862771737343, -0.17421507106043324)","(0.29947993039173354, -0.2582659893932115)","(0.3442127886902571, -0.3929616919711741)","(0.41099463605632963, -0.8268098870468813)",0.007640200085006654
5.892008999999999,"(0.0, 0.0)","(0.031322204893141595, -0.0023268029204439548)","(0.06470835269953656, -0.009816093049351281)","(0.09999019281765924, -0.023388018340981937)","(0.13699545875990582, -0.04427332194423144)","(0.17555414613301085, -0.07422928221105389)","(0.21551171143027792, -0.1159745009200248)","(0.2567626680294958, -0.17418176482615144)","(0.29936081130353254, -0.25822486021385743)","(0.34407001227984285, -0.39292245913344276)","(0.4107894891444712, -0.8269052070244829)",0.007400000002235174
5.8980084999999995,"(0.0, 0.0)","(0.031310072364937, -0.0023262040319688977)","(0.06468345407396754, -0.009813625860175907)","(0.09995187963365965, -0.023382302198788972)","(0.13694304757964798, -0.04426286997490734)","(0.17548688153587708, -0.07421253846424224)","(0.2154286912097665, -0.11594997068390742)","(0.2566626717892557, -0.17414843564177465)","(0.2992418267732569, -0.2581836849295422)","(0.3439274110011462, -0.3928831328658443)","(0.41058464079992407, -0.8270003617763658)",0.0071940000634640455
5.904007999999999,"(0.0, 0.0)","(0.03129795222168927, -0.002325605148919114)","(0.06465858062107903, -0.009811158551931248)","(0.09991360502561554, -0.023376585398926054)","(0.1368906892892025, -0.044252415948119954)","(0.17541968548851689, -0.0741957896415383)","(0.2153457572458579, -0.11592542935892985)","(0.25656278282539496, -0.17411508367286874)","(0.2991229765417895, -0.25814246379120864)","(0.3437849844840964, -0.3928437135312494)","(0.4103800903224088, -0.827095351788071)",0.008301199995912611
5.910007499999999,"(0.0, 0.0)","(0.03128584444404014, -0.00232500627295246)","(0.06463373230192244, -0.009808691131940446)","(0.09987536893378905, -0.023370867959649464)","(0.13683838380554433, -0.044241959900030124)","(0.17535255788027476, -0.07417903580640202)","(0.21526290939310005, -0.11590087704881993)","(0.2564630009457416, -0.17408170908166382)","(0.2990042603491762, -0.2581011970445332)","(0.3436427323582108, -0.39280420148363976)","(0.41017583701367216, -0.8271901775232101)",0.00792210001964122
5.916007,"(0.0, 0.0)","(0.031273749012719725, -0.002324407405724885)","(0.06460890907773097, -0.009806223607518684)","(0.09983717129872616, -0.02336514989919727)","(0.1367861310460468, -0.04423150186676708)","(0.17528549860102738, -0.07416227702224894)","(0.2151801475067347, -0.1158763138572598)","(0.2563633259590205, -0.17404831203038465)","(0.2988856779366275, -0.25805988493535703)","(0.3435006542545418, -0.3927645970777702)","(0.4099718801777277, -0.8272848394686938)",0.009091800078749657
5.922006499999999,"(0.0, 0.0)","(0.031261665908532264, -0.002323808548888357)","(0.06458411090989029, -0.009803755985964254)","(0.09979901206121046, -0.0233594312357674)","(0.1367339309284187, -0.044221041884385505)","(0.1752185075411025, -0.07414551335237543)","(0.21509747144259891, -0.11585173988776294)","(0.25626375767474, -0.17401489268105264)","(0.2987672290463942, -0.25801852770936407)","(0.3433587498055562, -0.39272490066859933)","(0.40976821912083145, -0.8273793380964017)",0.009363899938762188
5.928005999999999,"(0.0, 0.0)","(0.031249595112384183, -0.0023232097040951924)","(0.06455933775999692, -0.009801288274577196)","(0.09976089116235515, -0.02335371198756333)","(0.1366817833708297, -0.04421057998895481)","(0.1751515845914398, -0.074128744860114)","(0.21501488105731917, -0.11582715524392904)","(0.2561642959034146, -0.17398145119589473)","(0.29864891342200917, -0.2579771256127472)","(0.34321701864536697, -0.3926851126124725)","(0.409564853151503, -0.827473673878398)",0.008328999974764884
5.9340055,"(0.0, 0.0)","(0.03123753660505046, -0.0023226108729621996)","(0.06453458958936589, -0.009798820480504443)","(0.09972280854283166, -0.023347992172415056)","(0.13662968829084932, -0.04420011621581887)","(0.17508472964223634, -0.07411197160754411)","(0.21493237620667574, -0.11580256002732882)","(0.25606494045468237, -0.17394798773394934)","(0.29853073080623826, -0.25793567888666646)","(0.3430754604077368, -0.39264523325724543)","(0.4093617815802653, -0.8275678472870454)",0.0074495000299066305
5.940004999999999,"(0.0, 0.0)","(0.031225490367369317, -0.0023220120571007105)","(0.06450986635944138, -0.009796352610869502)","(0.09968476414351286, -0.02334227180809643)","(0.1365776456063321, -0.044189650600215756)","(0.17501794258407624, -0.07409519365657118)","(0.21484995674696572, -0.11577795433927376)","(0.2559656911388731, -0.17391450245390516)","(0.29841268094278584, -0.25789418777188144)","(0.3429340747277367, -0.39260526295053005)","(0.40915900371984715, -0.8276618587931084)",0.007521799998357892
5.946004499999999,"(0.0, 0.0)","(0.03121345638039759, -0.0023214132581404986)","(0.06448516803212412, -0.009793884672875858)","(0.09964675790598553, -0.023336550912578226)","(0.13652565523612278, -0.044179183177771794)","(0.17495122330882978, -0.07407841106978717)","(0.21476762253608964, -0.1157533382822279)","(0.25586654776825796, -0.17388099551636557)","(0.2982947635776532, -0.2578526525124495)","(0.34279286124307023, -0.3925652020462979)","(0.4089565188853398, -0.8277557088579072)",0.007747599971480668
5.952004,"(0.0, 0.0)","(0.031201434625046237, -0.0023208144776738224)","(0.064460494569003, -0.009791416673565144)","(0.0996087897713473, -0.023330829503436283)","(0.13647371709840053, -0.044168713983345806)","(0.17488457170754104, -0.0740616239084574)","(0.2146853734309997, -0.11572871195650496)","(0.25576751015411314, -0.1738474670785496)","(0.298176978455943, -0.2578110733470704)","(0.3426518195909558, -0.39252505088943673)","(0.4087543263937983, -0.8278493979567597)",0.008722800062969327
5.958003499999999,"(0.0, 0.0)","(0.031189425082291188, -0.002320215717287909)","(0.06443584593179993, -0.009788948619957511)","(0.09957085968090318, -0.023325107598195033)","(0.13642183111163714, -0.04415824305169983)","(0.17481798767165035, -0.07404483223368886)","(0.2146032092891759, -0.11570407546218459)","(0.2556685781084173, -0.1738139172973649)","(0.2980593253237057, -0.2577694505141048)","(0.34251094940992605, -0.3924848098246991)","(0.40855242556445953, -0.8279429265572058)",0.008310700068250299
5.964002999999999,"(0.0, 0.0)","(0.03117742773335372, -0.002319616978592721)","(0.06441122208274931, -0.009786480519171628)","(0.09953296757675964, -0.023319385214621124)","(0.13636999719541557, -0.04414777041807274)","(0.17475147109403846, -0.07402803610742897)","(0.21452112996988676, -0.11567942890075096)","(0.25556975144530325, -0.17378034633203915)","(0.2979418039295185, -0.257727784255871)","(0.34237025034136376, -0.39244447920437064)","(0.4083508157189252, -0.8280362951050282)",0.007689099991694093
5.9700025,"(0.0, 0.0)","(0.03116544255928958, -0.002319018263157915)","(0.06438662298373299, -0.009784012378152213)","(0.09949511340047044, -0.023313662370056682)","(0.136318215268565, -0.04413729611687777)","(0.17468502186664694, -0.07401123559019719)","(0.21443913533131537, -0.11565477237137137)","(0.25547102997774873, -0.17374675433814468)","(0.29782441402088317, -0.2576860748088848)","(0.34222972202599133, -0.3924040593708523)","(0.4081494961807155, -0.828129504078721)",0.008479499956592917
5.976001999999999,"(0.0, 0.0)","(0.031153469541001913, -0.0023184195725147443)","(0.06436204859630582, -0.00978154420367832)","(0.09945729709307623, -0.023307939081439445)","(0.13626648524921559, -0.04412682018174199)","(0.1746186398805479, -0.07399443074115318)","(0.21435722523064324, -0.11563010597100641)","(0.255372413517673, -0.17371314146777672)","(0.2977071553443298, -0.25764432240414437)","(0.34208936410396756, -0.3923635506571531)","(0.40794846627527653, -0.8282225539167754)",0.007498100050725043
5.982001499999999,"(0.0, 0.0)","(0.031141508659889527, -0.002317820908255999)","(0.06433749888306446, -0.009779076002795128)","(0.099419518597248, -0.023302215366359586)","(0.13621480705774944, -0.044116342647570334)","(0.17455232502970905, -0.07397762162169244)","(0.21427539952859728, -0.1156054298003111)","(0.2552739018811696, -0.17367950787902323)","(0.29759002765111253, -0.25760252728260835)","(0.34194917622044096, -0.3923229534145345)","(0.40774772533065967, -0.8283154450926314)",0.007694700034335256
5.988001,"(0.0, 0.0)","(0.031129559897089255, -0.002317222271919412)","(0.06431297380604853, -0.009776607782310162)","(0.09938177785478358, -0.023296491241826724)","(0.13616318061335353, -0.044105863548137295)","(0.17448607720659545, -0.0739608082912511)","(0.21419365808413784, -0.11558074395675012)","(0.25517549488239255, -0.17364585372491492)","(0.2974730306905529, -0.25756068967713436)","(0.3418091580190573, -0.3922822679802532)","(0.407547272676709, -0.828408178052254)",0.00740060000680387
5.994000499999999,"(0.0, 0.0)","(0.03111762323379796, -0.002316623665037295)","(0.06428847332741995, -0.009774139549007741)","(0.09934407480767149, -0.02329076672479477)","(0.13611160583548462, -0.044095382917112014)","(0.17441989630403848, -0.07394399080909124)","(0.2141120007567152, -0.11555604853752724)","(0.25507719233615195, -0.17361217915812563)","(0.29735616421286576, -0.2575188098201617)","(0.341669309144714, -0.39224149469127806)","(0.40734710764539533, -0.8285007532600217)",0.007473000092431903
